/*******************************************************************************
 * Size: 16 px
 * Bpp: 4
 * Opts: --font C:\Windows\Fonts\simhei.ttf --size 16 --bpp 4 --format lvgl --lv-include lvgl.h --range 0x20-0x7F --symbols °·Éàçèéêô…≥上下不並中主令件任位低体余保停儲先光入全关写冷出分切列删刪到制剩加务动動務单印即却卻发取口可名启和啟單喷嘴噴回在地址域埠填失始存完定密寫将將小屏已常并床度开异归待得态急息情態成或所打扫抽指挤换掃接控描換擠放敗文料新方无时時暂暫有未本机查标案检標機檔檢止正歸永沒没法消温溫点热無熄熱版状狀现現用留異發的目码确確碼离秒移稱空立端简網線繁繼續线络继续网置背自與获菜表装言設試詳認語誤請认设试详语请败超路軸載轴载过运连退送連進逾過選部配重錯鐘钟错閉開關闭闲除離需題题餘體點（），？ --font C:\Windows\Fonts\arial.ttf --range 0xA0-0xFF --no-compress -o C:\Users\m9291\Desktop\Klipper-Remote-esp32-Displays\src\ui\assets\font_cjk_16.c
 ******************************************************************************/

#ifdef LV_LVGL_H_INCLUDE_SIMPLE
#include "lvgl.h"
#else
#include "lvgl.h"
#endif

#ifndef FONT_CJK_16
#define FONT_CJK_16 1
#endif

#if FONT_CJK_16

/*-----------------
 *    BITMAPS
 *----------------*/

/*Store the image of the glyphs*/
static LV_ATTRIBUTE_LARGE_CONST const uint8_t glyph_bitmap[] = {
    /* U+0020 " " */

    /* U+0021 "!" */
    0xfb, 0xea, 0xea, 0xd9, 0xc8, 0xb7, 0xa6, 0xa6,
    0x85, 0x0, 0xfb, 0xfc,

    /* U+0022 "\"" */
    0xf6, 0x7e, 0xe4, 0x6c, 0xd3, 0x5b, 0x61, 0x25,

    /* U+0023 "#" */
    0x0, 0x78, 0x6, 0x90, 0x0, 0x96, 0x8, 0x70,
    0x0, 0xa5, 0x9, 0x60, 0x0, 0xc4, 0xb, 0x50,
    0xbf, 0xff, 0xff, 0xf8, 0x23, 0xf3, 0x3f, 0x41,
    0x1, 0xe0, 0xf, 0x0, 0x4, 0xc0, 0x3d, 0x0,
    0xbf, 0xff, 0xff, 0xf8, 0x29, 0x93, 0x8a, 0x31,
    0x9, 0x60, 0x87, 0x0, 0xb, 0x40, 0xa5, 0x0,

    /* U+0024 "$" */
    0x0, 0x9, 0x50, 0x0, 0xa, 0xff, 0x80, 0x9,
    0xdb, 0xaf, 0x40, 0xd6, 0x95, 0xc9, 0xd, 0x89,
    0x52, 0x20, 0x8f, 0xd5, 0x0, 0x0, 0x9f, 0xb1,
    0x0, 0x0, 0x9f, 0xe1, 0x0, 0x9, 0x7e, 0x92,
    0xe3, 0x95, 0x9c, 0xf, 0x69, 0x5a, 0xb0, 0xbd,
    0xb9, 0xf6, 0x1, 0xbf, 0xf8, 0x0, 0x0, 0x95,
    0x0, 0x0, 0x4, 0x20, 0x0,

    /* U+0025 "%" */
    0x1d, 0xc0, 0x1, 0x40, 0x78, 0xa5, 0x7, 0x20,
    0x96, 0x87, 0x9, 0x0, 0x96, 0x87, 0x44, 0x0,
    0x78, 0xa5, 0x90, 0x0, 0x1d, 0xc3, 0x70, 0x0,
    0x0, 0x8, 0x3d, 0xb0, 0x0, 0x8, 0x87, 0xb4,
    0x0, 0x63, 0xa5, 0x96, 0x0, 0x90, 0xa5, 0x96,
    0x3, 0x50, 0x87, 0xb4, 0x7, 0x0, 0x2d, 0xb0,

    /* U+0026 "&" */
    0x0, 0x8e, 0xc1, 0x0, 0x4, 0xf5, 0xc8, 0x0,
    0x7, 0xb0, 0x8a, 0x0, 0x6, 0xc0, 0xc7, 0x0,
    0x2, 0xfa, 0xc0, 0x0, 0x0, 0xec, 0x0, 0x0,
    0xb, 0xdf, 0x10, 0x50, 0x6e, 0xc, 0xa2, 0xf0,
    0x9b, 0x3, 0xfb, 0xe0, 0x7d, 0x0, 0x6f, 0xa0,
    0x2f, 0x94, 0xaf, 0xf6, 0x4, 0xdf, 0xc2, 0x73,

    /* U+0027 "'" */
    0x3f, 0x22, 0xf0, 0x1f, 0x0, 0x70,

    /* U+0028 "(" */
    0x0, 0x2, 0x0, 0x1, 0xe3, 0x0, 0xb6, 0x0,
    0x5c, 0x0, 0xc, 0x40, 0x1, 0xe0, 0x0, 0x3b,
    0x0, 0x5, 0x90, 0x0, 0x59, 0x0, 0x3, 0xb0,
    0x0, 0xe, 0x0, 0x0, 0xb4, 0x0, 0x4, 0xd0,
    0x0, 0xa, 0x80, 0x0, 0xd, 0x30, 0x0, 0x10,

    /* U+0029 ")" */
    0x11, 0x0, 0x6, 0xc0, 0x0, 0x9, 0x90, 0x0,
    0xe, 0x20, 0x0, 0x79, 0x0, 0x1, 0xd0, 0x0,
    0xe, 0x0, 0x0, 0xc2, 0x0, 0xc, 0x20, 0x0,
    0xe0, 0x0, 0x2d, 0x0, 0x7, 0x80, 0x1, 0xe1,
    0x0, 0xb7, 0x0, 0x6b, 0x0, 0x0, 0x0, 0x0,

    /* U+002A "*" */
    0x0, 0x9, 0x90, 0x0, 0x12, 0x9, 0x90, 0x21,
    0x7f, 0x78, 0x87, 0xf7, 0x5, 0xdf, 0xfd, 0x50,
    0x1, 0x9f, 0xf9, 0x10, 0x5e, 0xca, 0xac, 0xe5,
    0x37, 0x8, 0x80, 0x73, 0x0, 0x9, 0x90, 0x0,
    0x0, 0x5, 0x50, 0x0,

    /* U+002B "+" */
    0x0, 0x6, 0x40, 0x0, 0x0, 0xa, 0x70, 0x0,
    0x0, 0xa, 0x70, 0x0, 0x0, 0xa, 0x70, 0x0,
    0xaf, 0xff, 0xff, 0xf7, 0x12, 0x2a, 0x82, 0x21,
    0x0, 0xa, 0x70, 0x0, 0x0, 0xa, 0x70, 0x0,

    /* U+002C "," */
    0x55, 0xbc, 0x38, 0x82,

    /* U+002D "-" */
    0xaf, 0xff, 0xff, 0xf6, 0x12, 0x22, 0x22, 0x20,

    /* U+002E "." */
    0x55, 0xcb,

    /* U+002F "/" */
    0x0, 0x0, 0x0, 0x22, 0x0, 0x0, 0x0, 0xb2,
    0x0, 0x0, 0x3, 0x90, 0x0, 0x0, 0xb, 0x10,
    0x0, 0x0, 0x48, 0x0, 0x0, 0x0, 0xc1, 0x0,
    0x0, 0x5, 0x80, 0x0, 0x0, 0xc, 0x0, 0x0,
    0x0, 0x57, 0x0, 0x0, 0x0, 0xc0, 0x0, 0x0,
    0x6, 0x60, 0x0, 0x0, 0xc, 0x0, 0x0, 0x0,
    0x76, 0x0, 0x0, 0x0, 0x30, 0x0, 0x0, 0x0,

    /* U+0030 "0" */
    0x0, 0x8e, 0xe6, 0x0, 0x7, 0xf7, 0x7f, 0x40,
    0xf, 0x70, 0x9, 0xb0, 0x3f, 0x10, 0x4, 0xf0,
    0x6e, 0x0, 0x2, 0xf1, 0x6d, 0x0, 0x1, 0xf2,
    0x6d, 0x0, 0x1, 0xf2, 0x5e, 0x0, 0x2, 0xf1,
    0x2f, 0x20, 0x5, 0xf0, 0xd, 0x80, 0xb, 0xa0,
    0x5, 0xfa, 0xbf, 0x30, 0x0, 0x4c, 0xb3, 0x0,
    0x0, 0x0, 0x0, 0x0,

    /* U+0031 "1" */
    0x0, 0x6c, 0x3, 0xfc, 0x4f, 0xcc, 0x74, 0x8c,
    0x0, 0x8c, 0x0, 0x8c, 0x0, 0x8c, 0x0, 0x8c,
    0x0, 0x8c, 0x0, 0x8c, 0x0, 0x8c, 0x0, 0x8c,

    /* U+0032 "2" */
    0x0, 0x0, 0x0, 0x0, 0x1, 0xbf, 0xfa, 0x0,
    0xc, 0xe7, 0x7f, 0x80, 0x4f, 0x20, 0x8, 0xd0,
    0x2, 0x0, 0x7, 0xd0, 0x0, 0x0, 0xb, 0xa0,
    0x0, 0x0, 0x3f, 0x30, 0x0, 0x0, 0xda, 0x0,
    0x0, 0x8, 0xe1, 0x0, 0x0, 0x4f, 0x40, 0x0,
    0x2, 0xe8, 0x0, 0x0, 0xd, 0xe3, 0x33, 0x30,
    0x2f, 0xff, 0xff, 0xf1,

    /* U+0033 "3" */
    0x0, 0x5b, 0xb6, 0x0, 0x6, 0xe7, 0x8f, 0x70,
    0xe, 0x40, 0x8, 0xd0, 0x4, 0x0, 0x6, 0xd0,
    0x0, 0x0, 0x1d, 0x80, 0x0, 0x9, 0xfb, 0x0,
    0x0, 0x4, 0x9f, 0x50, 0x0, 0x0, 0x8, 0xe0,
    0x3, 0x0, 0x4, 0xf0, 0x3f, 0x20, 0x7, 0xe0,
    0xc, 0xd6, 0x6f, 0x70, 0x1, 0xaf, 0xe7, 0x0,

    /* U+0034 "4" */
    0x0, 0x0, 0x1f, 0x30, 0x0, 0x0, 0xbf, 0x30,
    0x0, 0x5, 0xff, 0x30, 0x0, 0xe, 0x6f, 0x30,
    0x0, 0x9c, 0xf, 0x30, 0x3, 0xf2, 0xf, 0x30,
    0xd, 0x70, 0xf, 0x30, 0x7d, 0x0, 0xf, 0x30,
    0xcf, 0xff, 0xff, 0xfa, 0x22, 0x22, 0x2f, 0x51,
    0x0, 0x0, 0xf, 0x30, 0x0, 0x0, 0xf, 0x30,

    /* U+0035 "5" */
    0x5, 0xff, 0xff, 0xb0, 0x8, 0xb3, 0x33, 0x20,
    0xb, 0x70, 0x0, 0x0, 0xe, 0x40, 0x0, 0x0,
    0x1f, 0xcf, 0xe8, 0x0, 0x4f, 0x84, 0x7f, 0x70,
    0x12, 0x0, 0x8, 0xe0, 0x0, 0x0, 0x4, 0xf0,
    0x22, 0x0, 0x4, 0xf0, 0x9b, 0x0, 0xa, 0xc0,
    0x3f, 0x95, 0xaf, 0x50, 0x5, 0xdf, 0xc4, 0x0,

    /* U+0036 "6" */
    0x0, 0x0, 0xe8, 0x0, 0x0, 0x8, 0xe0, 0x0,
    0x0, 0x1f, 0x50, 0x0, 0x0, 0xac, 0x0, 0x0,
    0x4, 0xfb, 0xa7, 0x0, 0xc, 0xfc, 0xcf, 0xc0,
    0x2f, 0x80, 0x4, 0xf5, 0x5f, 0x10, 0x0, 0xd8,
    0x5f, 0x0, 0x0, 0xc8, 0x2f, 0x30, 0x1, 0xf5,
    0xb, 0xd5, 0x4c, 0xd0, 0x0, 0x9e, 0xfc, 0x20,

    /* U+0037 "7" */
    0x5f, 0xff, 0xff, 0xf6, 0x13, 0x33, 0x35, 0xf3,
    0x0, 0x0, 0x9, 0xb0, 0x0, 0x0, 0x1f, 0x30,
    0x0, 0x0, 0x7c, 0x0, 0x0, 0x0, 0xe5, 0x0,
    0x0, 0x4, 0xf0, 0x0, 0x0, 0xa, 0xa0, 0x0,
    0x0, 0xe, 0x50, 0x0, 0x0, 0x4f, 0x0, 0x0,
    0x0, 0x8d, 0x0, 0x0, 0x0, 0xc9, 0x0, 0x0,

    /* U+0038 "8" */
    0x1, 0xbf, 0xe8, 0x0, 0xc, 0xa4, 0x6f, 0x70,
    0x1f, 0x0, 0x8, 0xc0, 0x2f, 0x0, 0x7, 0xc0,
    0xe, 0x80, 0x1d, 0x70, 0x4, 0xff, 0xfa, 0x0,
    0xd, 0xb5, 0x7e, 0x70, 0x6e, 0x0, 0x4, 0xf0,
    0x8b, 0x0, 0x1, 0xf2, 0x7e, 0x0, 0x6, 0xf1,
    0x2f, 0xc8, 0xaf, 0xa0, 0x4, 0xcf, 0xfa, 0x10,

    /* U+0039 "9" */
    0x2, 0xbf, 0xe7, 0x0, 0x1e, 0xc6, 0x8f, 0x70,
    0x7e, 0x10, 0x9, 0xe0, 0xab, 0x0, 0x5, 0xf0,
    0xab, 0x0, 0x7, 0xe0, 0x6f, 0x30, 0x1e, 0xa0,
    0xc, 0xfc, 0xff, 0x30, 0x0, 0x47, 0xeb, 0x0,
    0x0, 0x4, 0xf3, 0x0, 0x0, 0xb, 0xb0, 0x0,
    0x0, 0x3f, 0x20, 0x0, 0x0, 0xba, 0x0, 0x0,

    /* U+003A ":" */
    0xe9, 0x64, 0x0, 0x0, 0x0, 0x0, 0x64, 0xe9,

    /* U+003B ";" */
    0xe9, 0x64, 0x0, 0x0, 0x0, 0x0, 0x64, 0xe9,
    0x65, 0xa0,

    /* U+003C "<" */
    0x0, 0x0, 0x0, 0x0, 0x0, 0x0, 0x1, 0xd2,
    0x0, 0x0, 0x2d, 0x50, 0x0, 0x2, 0xd4, 0x0,
    0x0, 0x2d, 0x40, 0x0, 0x2, 0xd4, 0x0, 0x0,
    0x2d, 0x40, 0x0, 0x0, 0x1d, 0x50, 0x0, 0x0,
    0x1, 0xc6, 0x0, 0x0, 0x0, 0x1c, 0x60, 0x0,
    0x0, 0x0, 0xc7, 0x0, 0x0, 0x0, 0xc, 0x80,
    0x0, 0x0, 0x0, 0xb2, 0x0, 0x0, 0x0, 0x0,

    /* U+003D "=" */
    0xaf, 0xff, 0xff, 0xf6, 0x12, 0x22, 0x22, 0x20,
    0x0, 0x0, 0x0, 0x0, 0x0, 0x0, 0x0, 0x0,
    0xaf, 0xff, 0xff, 0xf6, 0x12, 0x22, 0x22, 0x20,

    /* U+003E ">" */
    0x0, 0x0, 0x0, 0x0, 0x4c, 0x10, 0x0, 0x0,
    0x6, 0xc1, 0x0, 0x0, 0x0, 0x6c, 0x10, 0x0,
    0x0, 0x6, 0xc1, 0x0, 0x0, 0x0, 0x5c, 0x10,
    0x0, 0x0, 0x5, 0xd1, 0x0, 0x0, 0x7, 0xc0,
    0x0, 0x0, 0x7b, 0x0, 0x0, 0x8, 0xb0, 0x0,
    0x0, 0x9a, 0x0, 0x0, 0x9, 0xa0, 0x0, 0x0,
    0x4a, 0x0, 0x0, 0x0, 0x0, 0x0, 0x0, 0x0,

    /* U+003F "?" */
    0x0, 0x9e, 0xe8, 0x0, 0x9e, 0x67, 0xf6, 0xf,
    0x70, 0xc, 0xb1, 0xd3, 0x0, 0xcc, 0x0, 0x0,
    0x2f, 0x70, 0x0, 0xd, 0xc0, 0x0, 0x8, 0xe1,
    0x0, 0x0, 0xc6, 0x0, 0x0, 0x4, 0x10, 0x0,
    0x0, 0x0, 0x0, 0x0, 0x9, 0x40, 0x0, 0x0,
    0xf7, 0x0,

    /* U+0040 "@" */
    0x0, 0x69, 0x89, 0x10, 0x6, 0x50, 0x1, 0x90,
    0x9, 0x7, 0xbb, 0x82, 0x54, 0x5a, 0x2d, 0x45,
    0x81, 0xc2, 0x4a, 0x27, 0x91, 0xe0, 0x67, 0x27,
    0x93, 0xc0, 0x95, 0x45, 0x92, 0xe1, 0xd4, 0x91,
    0x72, 0x9d, 0x7e, 0x60, 0x37, 0x0, 0x0, 0x0,
    0x9, 0x20, 0x4, 0x30, 0x0, 0x88, 0x86, 0x0,

    /* U+0041 "A" */
    0x0, 0xd, 0xb0, 0x0, 0x0, 0x1f, 0xf0, 0x0,
    0x0, 0x5f, 0xf3, 0x0, 0x0, 0x9a, 0xd7, 0x0,
    0x0, 0xd7, 0x9b, 0x0, 0x1, 0xf3, 0x5f, 0x0,
    0x6, 0xf0, 0x2f, 0x40, 0xa, 0xff, 0xff, 0x80,
    0xe, 0x93, 0x3a, 0xc0, 0x2f, 0x40, 0x6, 0xf0,
    0x6f, 0x0, 0x2, 0xf4, 0xac, 0x0, 0x0, 0xe8,

    /* U+0042 "B" */
    0x5f, 0xff, 0xe9, 0x0, 0x5f, 0x54, 0x6e, 0xa0,
    0x5f, 0x20, 0x7, 0xf0, 0x5f, 0x20, 0x7, 0xf0,
    0x5f, 0x20, 0x2d, 0xb0, 0x5f, 0xff, 0xfd, 0x10,
    0x5f, 0x53, 0x6e, 0xb0, 0x5f, 0x20, 0x4, 0xf3,
    0x5f, 0x20, 0x2, 0xf5, 0x5f, 0x20, 0x5, 0xf4,
    0x5f, 0x54, 0x6e, 0xe0, 0x5f, 0xff, 0xea, 0x20,

    /* U+0043 "C" */
    0x0, 0x6d, 0xfa, 0x10, 0x5, 0xf8, 0x5d, 0xb0,
    0xd, 0xa0, 0x4, 0xf2, 0x2f, 0x40, 0x1, 0xf4,
    0x5f, 0x20, 0x0, 0x51, 0x6f, 0x10, 0x0, 0x0,
    0x6f, 0x10, 0x0, 0x0, 0x6f, 0x10, 0x0, 0xc5,
    0x3f, 0x40, 0x1, 0xf5, 0xf, 0x90, 0x5, 0xf1,
    0x7, 0xf8, 0x6e, 0xa0, 0x0, 0x7e, 0xfa, 0x0,

    /* U+0044 "D" */
    0x5f, 0xff, 0xb3, 0x0, 0x5f, 0x55, 0xcf, 0x40,
    0x5f, 0x20, 0xd, 0xc0, 0x5f, 0x20, 0x7, 0xf1,
    0x5f, 0x20, 0x4, 0xf3, 0x5f, 0x20, 0x3, 0xf4,
    0x5f, 0x20, 0x3, 0xf4, 0x5f, 0x20, 0x4, 0xf3,
    0x5f, 0x20, 0x7, 0xf1, 0x5f, 0x20, 0xd, 0xb0,
    0x5f, 0x55, 0xcf, 0x30, 0x5f, 0xff, 0xb2, 0x0,

    /* U+0045 "E" */
    0x2f, 0xff, 0xff, 0xf0, 0x2f, 0x84, 0x44, 0x40,
    0x2f, 0x50, 0x0, 0x0, 0x2f, 0x50, 0x0, 0x0,
    0x2f, 0x50, 0x0, 0x0, 0x2f, 0xff, 0xff, 0x90,
    0x2f, 0x73, 0x33, 0x10, 0x2f, 0x50, 0x0, 0x0,
    0x2f, 0x50, 0x0, 0x0, 0x2f, 0x50, 0x0, 0x0,
    0x2f, 0x74, 0x44, 0x41, 0x2f, 0xff, 0xff, 0xf4,

    /* U+0046 "F" */
    0x4f, 0xff, 0xff, 0xf5, 0x4f, 0x64, 0x44, 0x41,
    0x4f, 0x30, 0x0, 0x0, 0x4f, 0x30, 0x0, 0x0,
    0x4f, 0x30, 0x0, 0x0, 0x4f, 0x30, 0x0, 0x0,
    0x4f, 0xff, 0xff, 0x10, 0x4f, 0x63, 0x33, 0x0,
    0x4f, 0x30, 0x0, 0x0, 0x4f, 0x30, 0x0, 0x0,
    0x4f, 0x30, 0x0, 0x0, 0x4f, 0x30, 0x0, 0x0,

    /* U+0047 "G" */
    0x0, 0x7e, 0xf9, 0x0, 0x6, 0xf7, 0x6f, 0x70,
    0xe, 0x80, 0x8, 0xe0, 0x2f, 0x40, 0x4, 0xf0,
    0x5f, 0x20, 0x0, 0x20, 0x6f, 0x10, 0x0, 0x0,
    0x6f, 0x11, 0xff, 0xf2, 0x6f, 0x10, 0x35, 0xf2,
    0x4f, 0x40, 0x2, 0xf2, 0xf, 0x90, 0x5, 0xf2,
    0x7, 0xf8, 0x6e, 0xf2, 0x0, 0x8e, 0xe7, 0xf2,

    /* U+0048 "H" */
    0x5f, 0x20, 0x5, 0xf2, 0x5f, 0x20, 0x5, 0xf2,
    0x5f, 0x20, 0x5, 0xf2, 0x5f, 0x20, 0x5, 0xf2,
    0x5f, 0x20, 0x5, 0xf2, 0x5f, 0xff, 0xff, 0xf2,
    0x5f, 0x53, 0x37, 0xf2, 0x5f, 0x20, 0x5, 0xf2,
    0x5f, 0x20, 0x5, 0xf2, 0x5f, 0x20, 0x5, 0xf2,
    0x5f, 0x20, 0x5, 0xf2, 0x5f, 0x20, 0x5, 0xf2,

    /* U+0049 "I" */
    0xda, 0xda, 0xda, 0xda, 0xda, 0xda, 0xda, 0xda,
    0xda, 0xda, 0xda, 0xda,

    /* U+004A "J" */
    0x0, 0x0, 0x7, 0xf0, 0x0, 0x0, 0x7f, 0x0,
    0x0, 0x7, 0xf0, 0x0, 0x0, 0x7f, 0x0, 0x0,
    0x7, 0xf0, 0x0, 0x0, 0x7f, 0x0, 0x0, 0x7,
    0xf2, 0xa2, 0x0, 0x7f, 0x2f, 0x40, 0x7, 0xf0,
    0xf7, 0x0, 0xad, 0xa, 0xf7, 0x9f, 0x70, 0x9,
    0xee, 0x80,

    /* U+004B "K" */
    0x5f, 0x20, 0xa, 0xe1, 0x5f, 0x20, 0x5f, 0x50,
    0x5f, 0x21, 0xe9, 0x0, 0x5f, 0x2b, 0xd0, 0x0,
    0x5f, 0x8f, 0x40, 0x0, 0x5f, 0xff, 0x70, 0x0,
    0x5f, 0xca, 0xe0, 0x0, 0x5f, 0x32, 0xf6, 0x0,
    0x5f, 0x20, 0xbe, 0x0, 0x5f, 0x20, 0x3f, 0x60,
    0x5f, 0x20, 0xb, 0xd0, 0x5f, 0x20, 0x3, 0xf6,

    /* U+004C "L" */
    0x4f, 0x30, 0x0, 0x0, 0x4f, 0x30, 0x0, 0x0,
    0x4f, 0x30, 0x0, 0x0, 0x4f, 0x30, 0x0, 0x0,
    0x4f, 0x30, 0x0, 0x0, 0x4f, 0x30, 0x0, 0x0,
    0x4f, 0x30, 0x0, 0x0, 0x4f, 0x30, 0x0, 0x0,
    0x4f, 0x30, 0x0, 0x0, 0x4f, 0x30, 0x0, 0x0,
    0x4f, 0x64, 0x44, 0x41, 0x4f, 0xff, 0xff, 0xf4,

    /* U+004D "M" */
    0x7f, 0x90, 0xb, 0xf5, 0x7f, 0xc0, 0xe, 0xf5,
    0x7f, 0xe0, 0xf, 0xf5, 0x7e, 0xf1, 0x3e, 0xf5,
    0x7d, 0xd4, 0x6b, 0xf5, 0x7d, 0xa6, 0x88, 0xf5,
    0x7d, 0x89, 0xb6, 0xf5, 0x7d, 0x5c, 0xe3, 0xf5,
    0x7d, 0x2f, 0xf0, 0xf5, 0x7d, 0xf, 0xd0, 0xf5,
    0x7d, 0xd, 0xb0, 0xf5, 0x7d, 0xa, 0x80, 0xf5,

    /* U+004E "N" */
    0x6f, 0x60, 0x5, 0xf2, 0x6f, 0xc0, 0x5, 0xf2,
    0x6f, 0xf2, 0x5, 0xf2, 0x6f, 0xd9, 0x5, 0xf2,
    0x6f, 0x7e, 0x5, 0xf2, 0x6f, 0x1f, 0x55, 0xf2,
    0x6f, 0x19, 0xc5, 0xf2, 0x6f, 0x13, 0xf7, 0xf2,
    0x6f, 0x10, 0xdd, 0xf2, 0x6f, 0x10, 0x6f, 0xf2,
    0x6f, 0x10, 0x1f, 0xf2, 0x6f, 0x10, 0xa, 0xf2,

    /* U+004F "O" */
    0x0, 0x9f, 0xe8, 0x0, 0xa, 0xf6, 0x7f, 0x80,
    0x2f, 0x60, 0x9, 0xe0, 0x5f, 0x10, 0x4, 0xf2,
    0x7f, 0x0, 0x2, 0xf4, 0x8f, 0x0, 0x2, 0xf5,
    0x8f, 0x0, 0x2, 0xf5, 0x7f, 0x0, 0x2, 0xf4,
    0x5f, 0x10, 0x4, 0xf2, 0x1f, 0x60, 0x9, 0xe0,
    0xa, 0xf6, 0x7f, 0x70, 0x0, 0x9f, 0xe8, 0x0,

    /* U+0050 "P" */
    0x3f, 0xff, 0xea, 0x10, 0x3f, 0x74, 0x6d, 0xc0,
    0x3f, 0x40, 0x4, 0xf3, 0x3f, 0x40, 0x1, 0xf5,
    0x3f, 0x40, 0x3, 0xf3, 0x3f, 0x40, 0x2b, 0xe0,
    0x3f, 0xff, 0xfe, 0x30, 0x3f, 0x63, 0x20, 0x0,
    0x3f, 0x40, 0x0, 0x0, 0x3f, 0x40, 0x0, 0x0,
    0x3f, 0x40, 0x0, 0x0, 0x3f, 0x40, 0x0, 0x0,

    /* U+0051 "Q" */
    0x0, 0x9f, 0xe8, 0x0, 0xa, 0xf6, 0x7f, 0x80,
    0x2f, 0x60, 0x9, 0xe0, 0x5f, 0x10, 0x4, 0xf2,
    0x7f, 0x0, 0x2, 0xf4, 0x8f, 0x0, 0x2, 0xf5,
    0x8f, 0x0, 0x2, 0xf5, 0x7f, 0x0, 0x73, 0xf4,
    0x5f, 0x10, 0xfb, 0xf2, 0x1f, 0x60, 0x8f, 0xe0,
    0xa, 0xf6, 0x8f, 0x90, 0x0, 0x9f, 0xed, 0xc0,
    0x0, 0x0, 0x2, 0x30,

    /* U+0052 "R" */
    0x5f, 0xff, 0xe9, 0x0, 0x5f, 0x54, 0x7f, 0xb0,
    0x5f, 0x20, 0x7, 0xf1, 0x5f, 0x20, 0x4, 0xf2,
    0x5f, 0x20, 0x6, 0xf1, 0x5f, 0x20, 0x3d, 0xc0,
    0x5f, 0xff, 0xfd, 0x20, 0x5f, 0x54, 0xf5, 0x0,
    0x5f, 0x20, 0xad, 0x0, 0x5f, 0x20, 0x2f, 0x40,
    0x5f, 0x20, 0xb, 0xc0, 0x5f, 0x20, 0x3, 0xf4,

    /* U+0053 "S" */
    0x0, 0x9e, 0xe9, 0x0, 0xa, 0xe6, 0x8f, 0x60,
    0xf, 0x50, 0xa, 0xc0, 0x2f, 0x50, 0x2, 0x50,
    0xd, 0xe4, 0x0, 0x0, 0x2, 0xcf, 0xc3, 0x0,
    0x0, 0x5, 0xdf, 0x50, 0x0, 0x0, 0xb, 0xf0,
    0x5d, 0x0, 0x4, 0xf3, 0x4f, 0x30, 0x5, 0xf1,
    0xd, 0xd5, 0x6e, 0xb0, 0x2, 0xbe, 0xe9, 0x10,

    /* U+0054 "T" */
    0x5f, 0xff, 0xff, 0xf2, 0x14, 0x4d, 0xb4, 0x40,
    0x0, 0xd, 0xa0, 0x0, 0x0, 0xd, 0xa0, 0x0,
    0x0, 0xd, 0xa0, 0x0, 0x0, 0xd, 0xa0, 0x0,
    0x0, 0xd, 0xa0, 0x0, 0x0, 0xd, 0xa0, 0x0,
    0x0, 0xd, 0xa0, 0x0, 0x0, 0xd, 0xa0, 0x0,
    0x0, 0xd, 0xa0, 0x0, 0x0, 0xd, 0xa0, 0x0,

    /* U+0055 "U" */
    0x5f, 0x20, 0x4, 0xf3, 0x5f, 0x20, 0x4, 0xf3,
    0x5f, 0x20, 0x4, 0xf3, 0x5f, 0x20, 0x4, 0xf3,
    0x5f, 0x20, 0x4, 0xf3, 0x5f, 0x20, 0x4, 0xf3,
    0x5f, 0x20, 0x4, 0xf3, 0x5f, 0x20, 0x4, 0xf3,
    0x4f, 0x20, 0x4, 0xf2, 0x2f, 0x40, 0x7, 0xf0,
    0xc, 0xe5, 0x6e, 0xa0, 0x1, 0xbe, 0xea, 0x10,

    /* U+0056 "V" */
    0xbb, 0x0, 0x0, 0xf7, 0x7f, 0x0, 0x3, 0xf3,
    0x3f, 0x30, 0x7, 0xf0, 0xf, 0x70, 0xb, 0xb0,
    0xb, 0xb0, 0xf, 0x70, 0x7, 0xe0, 0x3f, 0x30,
    0x2, 0xf2, 0x6e, 0x0, 0x0, 0xe6, 0xaa, 0x0,
    0x0, 0xaa, 0xe6, 0x0, 0x0, 0x6f, 0xf2, 0x0,
    0x0, 0x2f, 0xe0, 0x0, 0x0, 0xe, 0xa0, 0x0,

    /* U+0057 "W" */
    0xe7, 0xe, 0x90, 0xba, 0xc9, 0xf, 0xb0, 0xd8,
    0xaa, 0x1f, 0xd0, 0xe6, 0x8b, 0x3c, 0xf0, 0xf4,
    0x6d, 0x5a, 0xe3, 0xf2, 0x4e, 0x78, 0xc6, 0xf0,
    0x3f, 0xa6, 0xa9, 0xf0, 0x1f, 0xd4, 0x8d, 0xd0,
    0xf, 0xf2, 0x6f, 0xb0, 0xd, 0xf0, 0x4f, 0x90,
    0xb, 0xe0, 0x2f, 0x70, 0x9, 0xc0, 0xf, 0x50,

    /* U+0058 "X" */
    0x3f, 0x40, 0x8, 0xe0, 0xb, 0xa0, 0xe, 0x70,
    0x4, 0xf1, 0x5f, 0x10, 0x0, 0xd8, 0xc9, 0x0,
    0x0, 0x5f, 0xf2, 0x0, 0x0, 0xe, 0xb0, 0x0,
    0x0, 0x3f, 0xe0, 0x0, 0x0, 0xab, 0xe6, 0x0,
    0x2, 0xf4, 0x8d, 0x0, 0x9, 0xd0, 0x1f, 0x50,
    0x1f, 0x60, 0xa, 0xc0, 0x8e, 0x0, 0x3, 0xf4,

    /* U+0059 "Y" */
    0x8e, 0x0, 0x1, 0xf5, 0x1f, 0x50, 0x8, 0xe0,
    0xa, 0xc0, 0xe, 0x70, 0x3, 0xf2, 0x5f, 0x0,
    0x0, 0xb9, 0xc8, 0x0, 0x0, 0x4f, 0xf2, 0x0,
    0x0, 0xe, 0xb0, 0x0, 0x0, 0xd, 0xa0, 0x0,
    0x0, 0xd, 0xa0, 0x0, 0x0, 0xd, 0xa0, 0x0,
    0x0, 0xd, 0xa0, 0x0, 0x0, 0xd, 0xa0, 0x0,

    /* U+005A "Z" */
    0x1f, 0xff, 0xff, 0xf1, 0x4, 0x44, 0x4b, 0xe0,
    0x0, 0x0, 0x1f, 0x60, 0x0, 0x0, 0x9d, 0x0,
    0x0, 0x2, 0xf5, 0x0, 0x0, 0xa, 0xc0, 0x0,
    0x0, 0x2f, 0x40, 0x0, 0x0, 0xbb, 0x0, 0x0,
    0x3, 0xf3, 0x0, 0x0, 0xc, 0xa0, 0x0, 0x0,
    0x4f, 0x64, 0x44, 0x41, 0x7f, 0xff, 0xff, 0xf4,

    /* U+005B "[" */
    0xdf, 0xff, 0xe, 0x42, 0x20, 0xe3, 0x0, 0xe,
    0x30, 0x0, 0xe3, 0x0, 0xe, 0x30, 0x0, 0xe3,
    0x0, 0xe, 0x30, 0x0, 0xe3, 0x0, 0xe, 0x30,
    0x0, 0xe3, 0x0, 0xe, 0x30, 0x0, 0xe3, 0x0,
    0xe, 0x30, 0x0, 0xef, 0xff, 0x1, 0x22, 0x20,

    /* U+005C "\\" */
    0xe, 0x0, 0x0, 0x0, 0xa, 0x50, 0x0, 0x0,
    0x4, 0xb0, 0x0, 0x0, 0x0, 0xd2, 0x0, 0x0,
    0x0, 0x87, 0x0, 0x0, 0x0, 0x2d, 0x0, 0x0,
    0x0, 0xc, 0x30, 0x0, 0x0, 0x6, 0x90, 0x0,
    0x0, 0x0, 0xe0, 0x0, 0x0, 0x0, 0xa5, 0x0,
    0x0, 0x0, 0x4b, 0x0, 0x0, 0x0, 0xd, 0x20,
    0x0, 0x0, 0x8, 0x70, 0x0, 0x0, 0x2, 0xd0,

    /* U+005D "]" */
    0x3f, 0xff, 0xa0, 0x22, 0x7b, 0x0, 0x6, 0xb0,
    0x0, 0x6b, 0x0, 0x6, 0xb0, 0x0, 0x6b, 0x0,
    0x6, 0xb0, 0x0, 0x6b, 0x0, 0x6, 0xb0, 0x0,
    0x6b, 0x0, 0x6, 0xb0, 0x0, 0x6b, 0x0, 0x6,
    0xb0, 0x0, 0x6b, 0x3f, 0xff, 0xb0, 0x22, 0x21,

    /* U+005E "^" */
    0x0, 0x4f, 0xe1, 0x0, 0x1e, 0x8b, 0xb0, 0xb,
    0x80, 0xb, 0x70,

    /* U+005F "_" */
    0xcc, 0xcc, 0xcc, 0xcb,

    /* U+0060 "`" */
    0x9f, 0x30, 0xa, 0xc0, 0x0, 0xc6,

    /* U+0061 "a" */
    0x1, 0xae, 0xe9, 0x0, 0xa, 0xd4, 0x4e, 0x70,
    0x6, 0x30, 0xb, 0xa0, 0x0, 0x6b, 0xef, 0xb0,
    0xd, 0xd8, 0x59, 0xb0, 0x4f, 0x20, 0xa, 0xb0,
    0x2f, 0x51, 0x8f, 0xb0, 0x7, 0xee, 0xa9, 0xe0,

    /* U+0062 "b" */
    0x4f, 0x0, 0x0, 0x0, 0x4f, 0x0, 0x0, 0x0,
    0x4f, 0x0, 0x0, 0x0, 0x4f, 0x0, 0x0, 0x0,
    0x4f, 0x5e, 0xf8, 0x0, 0x4f, 0xd4, 0x6f, 0x60,
    0x4f, 0x40, 0x9, 0xd0, 0x4f, 0x0, 0x5, 0xf0,
    0x4f, 0x0, 0x5, 0xf0, 0x4f, 0x40, 0x8, 0xd0,
    0x4f, 0xd4, 0x6f, 0x70, 0x4f, 0x6e, 0xe8, 0x0,

    /* U+0063 "c" */
    0x0, 0xaf, 0xe9, 0x0, 0xb, 0xd5, 0x5e, 0x90,
    0x3f, 0x30, 0x5, 0x90, 0x5f, 0x0, 0x0, 0x0,
    0x5f, 0x0, 0x1, 0x30, 0x3f, 0x30, 0x6, 0xf0,
    0xb, 0xd5, 0x5d, 0x90, 0x0, 0xaf, 0xe9, 0x0,

    /* U+0064 "d" */
    0x0, 0x0, 0x6, 0xe0, 0x0, 0x0, 0x6e, 0x0,
    0x0, 0x6, 0xe0, 0x0, 0x0, 0x6e, 0x2, 0xbf,
    0xc8, 0xe0, 0xcd, 0x47, 0xfe, 0x3f, 0x30, 0xa,
    0xe5, 0xf0, 0x0, 0x7e, 0x6f, 0x0, 0x6, 0xe3,
    0xf2, 0x0, 0x9e, 0xd, 0xb2, 0x5f, 0xe0, 0x2b,
    0xfc, 0x9e,

    /* U+0065 "e" */
    0x0, 0x9e, 0xe8, 0x0, 0xa, 0xd3, 0x4e, 0x80,
    0x2f, 0x40, 0x8, 0xe0, 0x4f, 0xff, 0xff, 0xf0,
    0x4f, 0x22, 0x22, 0x20, 0x2f, 0x30, 0x3, 0xa0,
    0xa, 0xd5, 0x4d, 0xb0, 0x0, 0x9e, 0xe9, 0x10,

    /* U+0066 "f" */
    0x0, 0x4, 0xdf, 0xd1, 0x0, 0xf, 0x84, 0x61,
    0x0, 0x2f, 0x10, 0x0, 0x0, 0x3f, 0x10, 0x0,
    0x5f, 0xff, 0xff, 0xa0, 0x1, 0x3f, 0x11, 0x0,
    0x0, 0x3f, 0x10, 0x0, 0x0, 0x3f, 0x10, 0x0,
    0x0, 0x3f, 0x10, 0x0, 0x0, 0x3f, 0x10, 0x0,
    0x0, 0x3f, 0x10, 0x0, 0x0, 0x3f, 0x10, 0x0,

    /* U+0067 "g" */
    0x0, 0x0, 0x0, 0x0, 0x0, 0xaf, 0xd7, 0xd6,
    0x8, 0xc3, 0x8f, 0x21, 0xc, 0x70, 0x1f, 0x20,
    0x9, 0xb0, 0x6f, 0x0, 0x5, 0xff, 0xf5, 0x0,
    0xf, 0x12, 0x0, 0x0, 0xe, 0x93, 0x31, 0x0,
    0x8, 0xff, 0xff, 0xb0, 0x4e, 0x10, 0x4, 0xf1,
    0x9, 0xef, 0xec, 0x60,

    /* U+0068 "h" */
    0x2f, 0x20, 0x0, 0x2, 0xf2, 0x0, 0x0, 0x2f,
    0x20, 0x0, 0x2, 0xf2, 0x0, 0x0, 0x2f, 0x3b,
    0xfd, 0x32, 0xfd, 0x72, 0xbc, 0x2f, 0x90, 0x4,
    0xf2, 0xf4, 0x0, 0x4f, 0x2f, 0x20, 0x4, 0xf2,
    0xf2, 0x0, 0x4f, 0x2f, 0x20, 0x4, 0xf2, 0xf2,
    0x0, 0x4f,

    /* U+0069 "i" */
    0xc8, 0x96, 0x0, 0x0, 0xc8, 0xc8, 0xc8, 0xc8,
    0xc8, 0xc8, 0xc8, 0xc8,

    /* U+006A "j" */
    0x0, 0x8, 0xc0, 0x0, 0x69, 0x0, 0x0, 0x0,
    0x0, 0x0, 0x0, 0x8, 0xc0, 0x0, 0x8c, 0x0,
    0x8, 0xc0, 0x0, 0x8c, 0x0, 0x8, 0xc0, 0x0,
    0x8c, 0x0, 0x8, 0xc0, 0x0, 0x8b, 0x55, 0x4d,
    0x86, 0xff, 0xa0,

    /* U+006B "k" */
    0x1f, 0x30, 0x0, 0x0, 0x1f, 0x30, 0x0, 0x0,
    0x1f, 0x30, 0x0, 0x0, 0x1f, 0x30, 0x0, 0x0,
    0x1f, 0x30, 0x2f, 0x60, 0x1f, 0x31, 0xe8, 0x0,
    0x1f, 0x3d, 0xa0, 0x0, 0x1f, 0xde, 0xd0, 0x0,
    0x1f, 0xc1, 0xe6, 0x0, 0x1f, 0x30, 0x6e, 0x0,
    0x1f, 0x30, 0xe, 0x70, 0x1f, 0x30, 0x6, 0xf1,

    /* U+006C "l" */
    0xb9, 0xb9, 0xb9, 0xb9, 0xb9, 0xb9, 0xb9, 0xb9,
    0xb9, 0xb9, 0xb9, 0xb9,

    /* U+006D "m" */
    0xc9, 0xde, 0x5d, 0xe3, 0xce, 0x4d, 0xf4, 0xc9,
    0xc9, 0xb, 0xa0, 0xaa, 0xc8, 0xb, 0x90, 0xaa,
    0xc8, 0xb, 0x90, 0xaa, 0xc8, 0xb, 0x90, 0xaa,
    0xc8, 0xb, 0x90, 0xaa, 0xc8, 0xb, 0x90, 0xaa,

    /* U+006E "n" */
    0x2f, 0x3b, 0xfd, 0x32, 0xfe, 0x50, 0xac, 0x2f,
    0x80, 0x4, 0xf2, 0xf3, 0x0, 0x4f, 0x2f, 0x20,
    0x4, 0xf2, 0xf2, 0x0, 0x4f, 0x2f, 0x20, 0x4,
    0xf2, 0xf2, 0x0, 0x4f,

    /* U+006F "o" */
    0x0, 0x9f, 0xe8, 0x0, 0xa, 0xe5, 0x5e, 0x80,
    0x2f, 0x40, 0x6, 0xf1, 0x5f, 0x0, 0x2, 0xf3,
    0x5f, 0x0, 0x2, 0xf3, 0x2f, 0x30, 0x5, 0xf1,
    0xa, 0xd5, 0x5e, 0x80, 0x0, 0x9f, 0xe8, 0x0,

    /* U+0070 "p" */
    0x4f, 0x7e, 0xe8, 0x0, 0x4f, 0xc2, 0x4e, 0x70,
    0x4f, 0x30, 0x8, 0xd0, 0x4f, 0x0, 0x5, 0xf0,
    0x4f, 0x10, 0x5, 0xf0, 0x4f, 0x40, 0x9, 0xd0,
    0x4f, 0xd4, 0x6f, 0x60, 0x4f, 0x5e, 0xf8, 0x0,
    0x4f, 0x0, 0x0, 0x0, 0x4f, 0x0, 0x0, 0x0,

    /* U+0071 "q" */
    0x1, 0xbf, 0xc8, 0xe0, 0xdc, 0x47, 0xfe, 0x3f,
    0x20, 0xa, 0xe6, 0xf0, 0x0, 0x6e, 0x5f, 0x0,
    0x6, 0xe3, 0xf3, 0x0, 0xae, 0xc, 0xc4, 0x7f,
    0xe0, 0x2c, 0xfc, 0x8e, 0x0, 0x0, 0x6, 0xe0,
    0x0, 0x0, 0x6e,

    /* U+0072 "r" */
    0x6e, 0x8, 0xe3, 0x6e, 0xbb, 0x61, 0x6f, 0xa0,
    0x0, 0x6f, 0x10, 0x0, 0x6e, 0x0, 0x0, 0x6e,
    0x0, 0x0, 0x6e, 0x0, 0x0, 0x6e, 0x0, 0x0,

    /* U+0073 "s" */
    0x1a, 0xee, 0xa0, 0xac, 0x34, 0xd8, 0xc9, 0x0,
    0x22, 0x6f, 0xc8, 0x40, 0x2, 0x7b, 0xf7, 0x82,
    0x0, 0x8d, 0xbb, 0x33, 0xcb, 0x1a, 0xef, 0xb1,

    /* U+0074 "t" */
    0x0, 0x36, 0x0, 0x0, 0x7, 0xd0, 0x0, 0x0,
    0x7d, 0x0, 0x9, 0xff, 0xff, 0xf6, 0x1, 0x7d,
    0x11, 0x0, 0x7, 0xd0, 0x0, 0x0, 0x7d, 0x0,
    0x0, 0x7, 0xd0, 0x0, 0x0, 0x6d, 0x0, 0x0,
    0x3, 0xf5, 0x46, 0x0, 0x6, 0xef, 0xb0,

    /* U+0075 "u" */
    0x2f, 0x20, 0x4, 0xf2, 0xf2, 0x0, 0x4f, 0x2f,
    0x20, 0x4, 0xf2, 0xf2, 0x0, 0x4f, 0x2f, 0x20,
    0x5, 0xf1, 0xf2, 0x0, 0xaf, 0xe, 0x80, 0x6e,
    0xf0, 0x4e, 0xfa, 0x5f,

    /* U+0076 "v" */
    0x4f, 0x0, 0x4, 0xf0, 0xe, 0x50, 0x9, 0xb0,
    0x9, 0xa0, 0xe, 0x50, 0x4, 0xf0, 0x3f, 0x0,
    0x0, 0xf4, 0x8b, 0x0, 0x0, 0xa9, 0xd6, 0x0,
    0x0, 0x4f, 0xf1, 0x0, 0x0, 0xf, 0xb0, 0x0,

    /* U+0077 "w" */
    0xd7, 0xe, 0xa0, 0xb9, 0xa9, 0xf, 0xc0, 0xd6,
    0x7c, 0x3b, 0xe0, 0xf3, 0x4e, 0x68, 0xc4, 0xf0,
    0x1f, 0x96, 0xa9, 0xc0, 0xd, 0xe3, 0x7e, 0x90,
    0xa, 0xf0, 0x4f, 0x60, 0x7, 0xe0, 0x2f, 0x30,

    /* U+0078 "x" */
    0xe, 0x80, 0xc, 0xb0, 0x5, 0xf1, 0x5f, 0x20,
    0x0, 0xb9, 0xd7, 0x0, 0x0, 0x2f, 0xd0, 0x0,
    0x0, 0x3f, 0xe1, 0x0, 0x0, 0xd8, 0xc9, 0x0,
    0x7, 0xe0, 0x3f, 0x30, 0x2f, 0x50, 0x9, 0xd0,

    /* U+0079 "y" */
    0x5f, 0x10, 0x4, 0xf1, 0xf, 0x60, 0x9, 0xb0,
    0x9, 0xb0, 0xe, 0x50, 0x4, 0xf1, 0x4f, 0x0,
    0x0, 0xe6, 0x9a, 0x0, 0x0, 0x8c, 0xe4, 0x0,
    0x0, 0x3f, 0xe0, 0x0, 0x0, 0xd, 0x90, 0x0,
    0x4, 0x5f, 0x30, 0x0, 0xa, 0xf8, 0x0, 0x0,

    /* U+007A "z" */
    0xe, 0xff, 0xff, 0xa0, 0x1, 0x14, 0xf4, 0x0,
    0x0, 0xd9, 0x0, 0x0, 0xad, 0x0, 0x0, 0x5f,
    0x20, 0x0, 0x2f, 0x60, 0x0, 0xc, 0xb1, 0x11,
    0x2, 0xff, 0xff, 0xff,

    /* U+007B "{" */
    0x2, 0xdb, 0x9, 0xb0, 0xa, 0xa0, 0xa, 0xa0,
    0xa, 0xa0, 0xa, 0x90, 0xb, 0x80, 0x6f, 0x30,
    0xc, 0x80, 0xa, 0x90, 0xa, 0xa0, 0xa, 0xa0,
    0xa, 0xa0, 0x9, 0xb0, 0x3, 0xdb,

    /* U+007C "|" */
    0xb9, 0xb9, 0xb9, 0xb9, 0xb9, 0xb9, 0xb9, 0xb9,
    0xb9, 0xb9, 0xb9, 0xb9, 0xb9, 0xb9, 0xb9, 0xb9,
    0xb9,

    /* U+007D "}" */
    0xd, 0xc1, 0x0, 0xe, 0x60, 0x0, 0xd7, 0x0,
    0xd, 0x70, 0x0, 0xd7, 0x0, 0xc, 0x70, 0x0,
    0xb9, 0x0, 0x6, 0xf3, 0x0, 0xb9, 0x0, 0xc,
    0x70, 0x0, 0xd7, 0x0, 0xd, 0x70, 0x0, 0xd7,
    0x0, 0xe, 0x60, 0xd, 0xc1, 0x0,

    /* U+007E "~" */
    0x0, 0x0, 0x0, 0x0, 0x3, 0xfb, 0x0, 0x71,
    0xc, 0x6b, 0xc4, 0xe0, 0x9, 0x0, 0xbf, 0x70,
    0x0, 0x0, 0x3, 0x0,

    /* U+00A0 " " */

    /* U+00A1 "¡" */
    0x2f, 0x81, 0xb5, 0x1, 0x0, 0xd2, 0xe, 0x30,
    0xf4, 0xf, 0x51, 0xf7, 0x2f, 0x82, 0xf8, 0x3f,
    0x93, 0xf9,

    /* U+00A2 "¢" */
    0x0, 0x0, 0x0, 0x0, 0x0, 0x0, 0x0, 0xd,
    0x0, 0x0, 0x0, 0x4, 0xa0, 0x0, 0x0, 0x0,
    0x86, 0x0, 0x0, 0x5c, 0xff, 0x80, 0x0, 0x5f,
    0x85, 0xef, 0x70, 0xd, 0xa0, 0x68, 0x9a, 0x1,
    0xf5, 0xa, 0x40, 0x0, 0x2f, 0x40, 0xe0, 0x0,
    0x0, 0xf6, 0x3b, 0x2, 0x40, 0xd, 0xa8, 0x60,
    0x9d, 0x0, 0x5f, 0xf6, 0x8f, 0x50, 0x0, 0x6f,
    0xfd, 0x50, 0x0, 0x5, 0x90, 0x0, 0x0, 0x0,
    0xa5, 0x0, 0x0, 0x0, 0xd, 0x0, 0x0, 0x0,
    0x0, 0x0, 0x0, 0x0, 0x0,

    /* U+00A3 "£" */
    0x0, 0x5c, 0xfe, 0x80, 0x0, 0x6f, 0x94, 0x6f,
    0x90, 0xc, 0xc0, 0x0, 0x6e, 0x0, 0xcb, 0x0,
    0x0, 0x0, 0x9, 0xe0, 0x0, 0x0, 0xa, 0xff,
    0xff, 0x90, 0x0, 0x24, 0xf8, 0x31, 0x0, 0x0,
    0xf, 0x60, 0x0, 0x0, 0x3, 0xf2, 0x0, 0x0,
    0x0, 0xa9, 0x0, 0x0, 0x0, 0x8f, 0xef, 0xd9,
    0x7b, 0x27, 0xa5, 0x37, 0xcf, 0xd3, 0x0, 0x0,
    0x0, 0x0, 0x0,

    /* U+00A4 "¤" */
    0x5, 0x0, 0x0, 0x5, 0x3, 0xfb, 0xef, 0xdc,
    0xe1, 0x8, 0xf9, 0x5a, 0xf5, 0x0, 0xba, 0x0,
    0xd, 0x80, 0xd, 0x60, 0x0, 0x9b, 0x0, 0xc9,
    0x0, 0xc, 0x90, 0x7, 0xf6, 0x28, 0xf5, 0x2,
    0xed, 0xff, 0xfd, 0xd1, 0x8, 0x1, 0x31, 0x18,
    0x0,

    /* U+00A5 "¥" */
    0xc, 0xc0, 0x0, 0x1, 0xf9, 0x3, 0xf5, 0x0,
    0x9, 0xf1, 0x0, 0xbd, 0x0, 0x1f, 0x80, 0x0,
    0x2f, 0x50, 0x9e, 0x10, 0x0, 0xa, 0xd1, 0xf7,
    0x0, 0x0, 0x2, 0xfd, 0xe0, 0x0, 0x8, 0xff,
    0xff, 0xff, 0xf5, 0x1, 0x33, 0x6f, 0x53, 0x31,
    0x8, 0xff, 0xff, 0xff, 0xf5, 0x1, 0x22, 0x6f,
    0x42, 0x20, 0x0, 0x0, 0x4f, 0x20, 0x0, 0x0,
    0x0, 0x4f, 0x20, 0x0,

    /* U+00A6 "¦" */
    0x8b, 0x8b, 0x8b, 0x8b, 0x8b, 0x8b, 0x46, 0x0,
    0x46, 0x8b, 0x8b, 0x8b, 0x8b, 0x8b, 0x8b,

    /* U+00A7 "§" */
    0x0, 0x7e, 0xfc, 0x30, 0x0, 0x5f, 0x74, 0xbf,
    0x10, 0x8, 0xd0, 0x1, 0xd5, 0x0, 0x5f, 0x60,
    0x0, 0x0, 0x2, 0xef, 0xb1, 0x0, 0x1, 0xe7,
    0x4e, 0xf6, 0x0, 0x5f, 0x0, 0x1b, 0xf9, 0x2,
    0xf4, 0x0, 0xa, 0xf1, 0x7, 0xf6, 0x0, 0x3f,
    0x10, 0x4, 0xec, 0x2a, 0x80, 0x0, 0x0, 0x8f,
    0xb0, 0x0, 0x0, 0x0, 0x4f, 0x60, 0xb, 0xb0,
    0x0, 0xd9, 0x0, 0x5f, 0x84, 0x8f, 0x50, 0x0,
    0x6d, 0xfd, 0x60, 0x0,

    /* U+00A8 "¨" */
    0x5a, 0x6, 0x98, 0xf0, 0x9d,

    /* U+00A9 "©" */
    0x0, 0x5, 0xbd, 0xda, 0x40, 0x0, 0x1, 0xbc,
    0x52, 0x36, 0xd9, 0x0, 0xb, 0x80, 0x9e, 0xe8,
    0xa, 0x90, 0x5b, 0xa, 0xa0, 0x1b, 0x70, 0xe2,
    0xb4, 0xf, 0x10, 0x0, 0x0, 0x78, 0xe1, 0x2f,
    0x0, 0x0, 0x0, 0x3b, 0xe0, 0xf, 0x10, 0x2,
    0x40, 0x3c, 0xc3, 0xa, 0xa1, 0x1c, 0x70, 0x69,
    0x6a, 0x0, 0x9e, 0xe8, 0x0, 0xc4, 0xd, 0x60,
    0x0, 0x0, 0x8, 0xb0, 0x2, 0xda, 0x30, 0x3,
    0xbc, 0x10, 0x0, 0x18, 0xef, 0xfd, 0x70, 0x0,
    0x0, 0x0, 0x0, 0x0, 0x0, 0x0,

    /* U+00AA "ª" */
    0x9, 0xee, 0x90, 0x3c, 0x1, 0xe3, 0x4, 0x8a,
    0xf4, 0x6e, 0x74, 0xd4, 0x9b, 0x5, 0xf4, 0x2d,
    0xf9, 0xb6,

    /* U+00AB "«" */
    0x0, 0x54, 0x5, 0x50, 0x2f, 0x22, 0xf2, 0xc,
    0x90, 0xc9, 0x7, 0xf1, 0x6f, 0x10, 0xbd, 0xa,
    0xd0, 0x2, 0xf5, 0x1f, 0x60, 0x7, 0xd0, 0x6e,
    0x0, 0xc, 0x60, 0xc7,

    /* U+00AC "¬" */
    0x1f, 0xff, 0xff, 0xff, 0x70, 0x66, 0x66, 0x66,
    0xe7, 0x0, 0x0, 0x0, 0xe, 0x70, 0x0, 0x0,
    0x0, 0xe7, 0x0, 0x0, 0x0, 0xc, 0x60,

    /* U+00AD "­" */
    0x38, 0x88, 0x67, 0xff, 0xfd,

    /* U+00AE "®" */
    0x0, 0x5, 0xbd, 0xda, 0x40, 0x0, 0x1, 0xbc,
    0x52, 0x36, 0xd9, 0x0, 0xb, 0x80, 0x0, 0x0,
    0xa, 0x90, 0x5b, 0xa, 0xee, 0xe9, 0x0, 0xe2,
    0xb4, 0xa, 0x50, 0x1f, 0x20, 0x78, 0xe1, 0xa,
    0xff, 0xe7, 0x0, 0x3b, 0xe0, 0xa, 0x52, 0xd3,
    0x0, 0x3c, 0xc3, 0xa, 0x50, 0x6c, 0x0, 0x69,
    0x6a, 0xa, 0x50, 0xd, 0x50, 0xc4, 0xd, 0x61,
    0x0, 0x1, 0x18, 0xb0, 0x2, 0xda, 0x30, 0x3,
    0xbc, 0x10, 0x0, 0x18, 0xef, 0xfd, 0x70, 0x0,
    0x0, 0x0, 0x0, 0x0, 0x0, 0x0,

    /* U+00AF "¯" */
    0x3f, 0xff, 0xff, 0xff, 0xff, 0x10, 0x22, 0x22,
    0x22, 0x22, 0x20,

    /* U+00B0 "°" */
    0x2c, 0xd5, 0xc, 0x31, 0xd1, 0xd0, 0x8, 0x4c,
    0x41, 0xd2, 0x2c, 0xd5, 0x0,

    /* U+00B1 "±" */
    0x0, 0x0, 0x0, 0x0, 0x0, 0x0, 0x4f, 0x10,
    0x0, 0x0, 0x4, 0xf1, 0x0, 0x0, 0x11, 0x5f,
    0x21, 0x10, 0x6f, 0xff, 0xff, 0xff, 0x21, 0x44,
    0x7f, 0x54, 0x40, 0x0, 0x4, 0xf1, 0x0, 0x0,
    0x0, 0x4f, 0x10, 0x0, 0x0, 0x4, 0xf1, 0x0,
    0x2, 0x66, 0x66, 0x66, 0x61, 0x6f, 0xff, 0xff,
    0xff, 0x20,

    /* U+00B2 "²" */
    0x1b, 0xfe, 0x60, 0x6a, 0x5, 0xf0, 0x0, 0x8,
    0xc0, 0x0, 0xac, 0x10, 0x1c, 0x90, 0x0, 0xaf,
    0xff, 0xf1,

    /* U+00B3 "³" */
    0x1c, 0xfe, 0x50, 0x35, 0xa, 0xa0, 0x0, 0xbf,
    0x40, 0x0, 0x5, 0xe0, 0x8a, 0x7, 0xe0, 0x1c,
    0xfd, 0x40,

    /* U+00B4 "´" */
    0x1, 0x52, 0x9, 0xe1, 0x1f, 0x40,

    /* U+00B5 "µ" */
    0xca, 0x0, 0x6, 0xfc, 0xa0, 0x0, 0x6f, 0xca,
    0x0, 0x6, 0xfc, 0xa0, 0x0, 0x6f, 0xca, 0x0,
    0x6, 0xfc, 0xb0, 0x0, 0x7f, 0xcd, 0x0, 0xa,
    0xfc, 0xf9, 0x27, 0xff, 0xcb, 0xbf, 0xd8, 0xfc,
    0xa0, 0x0, 0x0, 0xca, 0x0, 0x0, 0xc, 0xa0,
    0x0, 0x0,

    /* U+00B6 "¶" */
    0x6, 0xdf, 0xff, 0xff, 0xa6, 0xff, 0xfb, 0x7e,
    0xb4, 0xdf, 0xff, 0x70, 0xc8, 0xf, 0xff, 0xf7,
    0xc, 0x80, 0xcf, 0xff, 0x70, 0xc8, 0x4, 0xff,
    0xf7, 0xc, 0x80, 0x2, 0x8e, 0x70, 0xc8, 0x0,
    0x0, 0xd7, 0xc, 0x80, 0x0, 0xd, 0x70, 0xc8,
    0x0, 0x0, 0xd7, 0xc, 0x80, 0x0, 0xd, 0x70,
    0xc8, 0x0, 0x0, 0xd7, 0xc, 0x80, 0x0, 0xd,
    0x70, 0xc8, 0x0, 0x0, 0xd7, 0xc, 0x80, 0x0,
    0xd, 0x70, 0xc8, 0x0,

    /* U+00B7 "·" */
    0x1b, 0x52, 0xf7,

    /* U+00B8 "¸" */
    0x0, 0x20, 0x0, 0x1f, 0x10, 0x1, 0x8f, 0x11,
    0xff, 0xb0, 0x1, 0x0, 0x0,

    /* U+00B9 "¹" */
    0x0, 0xab, 0x1d, 0xdb, 0x13, 0x6b, 0x0, 0x6b,
    0x0, 0x6b, 0x0, 0x6b,

    /* U+00BA "º" */
    0x8, 0xee, 0x60, 0x5e, 0x34, 0xf2, 0x99, 0x0,
    0xb6, 0x99, 0x0, 0xb6, 0x5e, 0x34, 0xf2, 0x8,
    0xee, 0x60,

    /* U+00BB "»" */
    0x64, 0x6, 0x40, 0x5, 0xe1, 0x4e, 0x10, 0xc,
    0x90, 0xba, 0x0, 0x3f, 0x43, 0xf5, 0x1, 0xf8,
    0xf, 0x90, 0x8d, 0x8, 0xe0, 0x1f, 0x41, 0xf4,
    0xa, 0x90, 0x9a, 0x0,

    /* U+00BC "¼" */
    0x0, 0x9b, 0x0, 0x0, 0x0, 0xb7, 0x0, 0x1b,
    0xeb, 0x0, 0x0, 0x6, 0xc0, 0x0, 0x15, 0x6b,
    0x0, 0x0, 0x2e, 0x20, 0x0, 0x0, 0x6b, 0x0,
    0x0, 0xb7, 0x0, 0x0, 0x0, 0x6b, 0x0, 0x6,
    0xc0, 0x0, 0x0, 0x0, 0x6b, 0x0, 0x1e, 0x20,
    0x0, 0x0, 0x0, 0x13, 0x0, 0xb7, 0x0, 0x5,
    0x20, 0x0, 0x0, 0x6, 0xd0, 0x0, 0x5f, 0x40,
    0x0, 0x0, 0x1e, 0x30, 0x2, 0xef, 0x40, 0x0,
    0x0, 0xb8, 0x0, 0xc, 0x8d, 0x40, 0x0, 0x6,
    0xd0, 0x0, 0x8c, 0xd, 0x40, 0x0, 0x1e, 0x30,
    0x0, 0xce, 0xef, 0xe1, 0x0, 0xb8, 0x0, 0x0,
    0x0, 0xd, 0x40,

    /* U+00BD "½" */
    0x0, 0x13, 0x0, 0x0, 0x0, 0x32, 0x0, 0x1,
    0xcb, 0x0, 0x0, 0x2, 0xe2, 0x0, 0x1e, 0xcb,
    0x0, 0x0, 0xd, 0x60, 0x0, 0x1, 0x6b, 0x0,
    0x0, 0x8b, 0x0, 0x0, 0x0, 0x6b, 0x0, 0x3,
    0xe1, 0x0, 0x0, 0x0, 0x6b, 0x0, 0xd, 0x50,
    0x0, 0x0, 0x0, 0x6b, 0x0, 0x9a, 0x0, 0x0,
    0x0, 0x0, 0x0, 0x4, 0xe0, 0x1b, 0xfe, 0x60,
    0x0, 0x0, 0x1e, 0x40, 0x6a, 0x6, 0xf0, 0x0,
    0x0, 0xa9, 0x0, 0x0, 0x7, 0xc0, 0x0, 0x5,
    0xd0, 0x0, 0x0, 0x8c, 0x10, 0x0, 0x1e, 0x30,
    0x0, 0xb, 0x90, 0x0, 0x0, 0xb7, 0x0, 0x0,
    0x8f, 0xff, 0xf1, 0x0, 0x30, 0x0, 0x0, 0x23,
    0x33, 0x30,

    /* U+00BE "¾" */
    0xb, 0xfd, 0x30, 0x0, 0x0, 0xb7, 0x0, 0x6c,
    0x1a, 0xb0, 0x0, 0x6, 0xc0, 0x0, 0x0, 0xa,
    0x90, 0x0, 0x1e, 0x20, 0x0, 0x0, 0xbf, 0x30,
    0x0, 0xb7, 0x0, 0x0, 0x0, 0x5, 0xe0, 0x6,
    0xc0, 0x0, 0x0, 0x8a, 0x7, 0xe0, 0x1e, 0x20,
    0x0, 0x0, 0x1b, 0xfd, 0x40, 0xb8, 0x0, 0x5,
    0x20, 0x0, 0x0, 0x6, 0xd0, 0x0, 0x5f, 0x40,
    0x0, 0x0, 0x1e, 0x30, 0x1, 0xef, 0x40, 0x0,
    0x0, 0xb8, 0x0, 0xc, 0xad, 0x40, 0x0, 0x6,
    0xd0, 0x0, 0x8c, 0xd, 0x40, 0x0, 0x1e, 0x30,
    0x0, 0xce, 0xef, 0xe1, 0x0, 0xb8, 0x0, 0x0,
    0x0, 0xd, 0x40,

    /* U+00BF "¿" */
    0x0, 0xe, 0xb0, 0x0, 0x0, 0x9, 0x80, 0x0,
    0x0, 0x0, 0x0, 0x0, 0x0, 0xc, 0x90, 0x0,
    0x0, 0xe, 0x70, 0x0, 0x0, 0xbe, 0x10, 0x0,
    0xb, 0xe3, 0x0, 0x0, 0x7f, 0x20, 0x0, 0x0,
    0xbc, 0x0, 0x0, 0x74, 0x9e, 0x0, 0x2, 0xf5,
    0x3f, 0xb4, 0x5d, 0xd0, 0x3, 0xbe, 0xea, 0x10,

    /* U+00C0 "À" */
    0x0, 0x0, 0x15, 0x20, 0x0, 0x0, 0x0, 0x0,
    0xd, 0xc0, 0x0, 0x0, 0x0, 0x0, 0x2, 0xf3,
    0x0, 0x0, 0x0, 0x0, 0x0, 0x0, 0x0, 0x0,
    0x0, 0x0, 0xd, 0xf3, 0x0, 0x0, 0x0, 0x0,
    0x2f, 0xd9, 0x0, 0x0, 0x0, 0x0, 0x8c, 0x7f,
    0x0, 0x0, 0x0, 0x0, 0xe8, 0x1f, 0x60, 0x0,
    0x0, 0x4, 0xf2, 0xb, 0xc0, 0x0, 0x0, 0xa,
    0xc0, 0x5, 0xf2, 0x0, 0x0, 0xf, 0x71, 0x11,
    0xf8, 0x0, 0x0, 0x6f, 0xff, 0xff, 0xfe, 0x0,
    0x0, 0xcc, 0x44, 0x44, 0x6f, 0x50, 0x1, 0xf6,
    0x0, 0x0, 0xe, 0xb0, 0x7, 0xf1, 0x0, 0x0,
    0x9, 0xf1, 0xd, 0xc0, 0x0, 0x0, 0x3, 0xf8,

    /* U+00C1 "Á" */
    0x0, 0x0, 0x0, 0x45, 0x0, 0x0, 0x0, 0x0,
    0x1, 0xf7, 0x0, 0x0, 0x0, 0x0, 0x8, 0xb0,
    0x0, 0x0, 0x0, 0x0, 0x0, 0x0, 0x0, 0x0,
    0x0, 0x0, 0xd, 0xf3, 0x0, 0x0, 0x0, 0x0,
    0x2f, 0xd9, 0x0, 0x0, 0x0, 0x0, 0x8c, 0x7f,
    0x0, 0x0, 0x0, 0x0, 0xe8, 0x1f, 0x60, 0x0,
    0x0, 0x4, 0xf2, 0xb, 0xc0, 0x0, 0x0, 0xa,
    0xc0, 0x5, 0xf2, 0x0, 0x0, 0xf, 0x71, 0x11,
    0xf8, 0x0, 0x0, 0x6f, 0xff, 0xff, 0xfe, 0x0,
    0x0, 0xcc, 0x44, 0x44, 0x6f, 0x50, 0x1, 0xf6,
    0x0, 0x0, 0xe, 0xb0, 0x7, 0xf1, 0x0, 0x0,
    0x9, 0xf1, 0xd, 0xc0, 0x0, 0x0, 0x3, 0xf8,

    /* U+00C2 "Â" */
    0x0, 0x0, 0x1e, 0xe5, 0x0, 0x0, 0x0, 0x0,
    0xd9, 0x4f, 0x30, 0x0, 0x0, 0x0, 0x0, 0x0,
    0x0, 0x0, 0x0, 0x0, 0xd, 0xf3, 0x0, 0x0,
    0x0, 0x0, 0x2f, 0xd9, 0x0, 0x0, 0x0, 0x0,
    0x8c, 0x7f, 0x0, 0x0, 0x0, 0x0, 0xe8, 0x1f,
    0x60, 0x0, 0x0, 0x4, 0xf2, 0xb, 0xc0, 0x0,
    0x0, 0xa, 0xc0, 0x5, 0xf2, 0x0, 0x0, 0xf,
    0x71, 0x11, 0xf8, 0x0, 0x0, 0x6f, 0xff, 0xff,
    0xfe, 0x0, 0x0, 0xcc, 0x44, 0x44, 0x6f, 0x50,
    0x1, 0xf6, 0x0, 0x0, 0xe, 0xb0, 0x7, 0xf1,
    0x0, 0x0, 0x9, 0xf1, 0xd, 0xc0, 0x0, 0x0,
    0x3, 0xf8,

    /* U+00C3 "Ã" */
    0x0, 0x0, 0x9e, 0x63, 0xd0, 0x0, 0x0, 0x2,
    0xe3, 0xcf, 0x80, 0x0, 0x0, 0x0, 0x20, 0x1,
    0x0, 0x0, 0x0, 0x0, 0xd, 0xf3, 0x0, 0x0,
    0x0, 0x0, 0x2f, 0xd9, 0x0, 0x0, 0x0, 0x0,
    0x8c, 0x7f, 0x0, 0x0, 0x0, 0x0, 0xe8, 0x1f,
    0x60, 0x0, 0x0, 0x4, 0xf2, 0xb, 0xc0, 0x0,
    0x0, 0xa, 0xc0, 0x5, 0xf2, 0x0, 0x0, 0xf,
    0x71, 0x11, 0xf8, 0x0, 0x0, 0x6f, 0xff, 0xff,
    0xfe, 0x0, 0x0, 0xcc, 0x44, 0x44, 0x6f, 0x50,
    0x1, 0xf6, 0x0, 0x0, 0xe, 0xb0, 0x7, 0xf1,
    0x0, 0x0, 0x9, 0xf1, 0xd, 0xc0, 0x0, 0x0,
    0x3, 0xf8,

    /* U+00C4 "Ä" */
    0x0, 0x0, 0xb4, 0x1b, 0x30, 0x0, 0x0, 0x0,
    0xf7, 0x2f, 0x50, 0x0, 0x0, 0x0, 0x0, 0x0,
    0x0, 0x0, 0x0, 0x0, 0xd, 0xf3, 0x0, 0x0,
    0x0, 0x0, 0x2f, 0xd9, 0x0, 0x0, 0x0, 0x0,
    0x8c, 0x7f, 0x0, 0x0, 0x0, 0x0, 0xe8, 0x1f,
    0x60, 0x0, 0x0, 0x4, 0xf2, 0xb, 0xc0, 0x0,
    0x0, 0xa, 0xc0, 0x5, 0xf2, 0x0, 0x0, 0xf,
    0x71, 0x11, 0xf8, 0x0, 0x0, 0x6f, 0xff, 0xff,
    0xfe, 0x0, 0x0, 0xcc, 0x44, 0x44, 0x6f, 0x50,
    0x1, 0xf6, 0x0, 0x0, 0xe, 0xb0, 0x7, 0xf1,
    0x0, 0x0, 0x9, 0xf1, 0xd, 0xc0, 0x0, 0x0,
    0x3, 0xf8,

    /* U+00C5 "Å" */
    0x0, 0x0, 0x7, 0x91, 0x0, 0x0, 0x0, 0x0,
    0x27, 0x18, 0x0, 0x0, 0x0, 0x0, 0x18, 0x36,
    0x0, 0x0, 0x0, 0x0, 0xf, 0xf3, 0x0, 0x0,
    0x0, 0x0, 0x2f, 0xd9, 0x0, 0x0, 0x0, 0x0,
    0x8d, 0x7f, 0x0, 0x0, 0x0, 0x0, 0xe8, 0x1f,
    0x60, 0x0, 0x0, 0x4, 0xf2, 0xb, 0xc0, 0x0,
    0x0, 0xa, 0xc0, 0x5, 0xf2, 0x0, 0x0, 0xf,
    0x71, 0x11, 0xf8, 0x0, 0x0, 0x6f, 0xff, 0xff,
    0xfe, 0x0, 0x0, 0xcc, 0x44, 0x44, 0x6f, 0x50,
    0x1, 0xf6, 0x0, 0x0, 0xe, 0xb0, 0x7, 0xf1,
    0x0, 0x0, 0x9, 0xf1, 0xd, 0xc0, 0x0, 0x0,
    0x3, 0xf8,

    /* U+00C6 "Æ" */
    0x0, 0x0, 0xb, 0xff, 0xff, 0xff, 0xff, 0xe0,
    0x0, 0x0, 0x2f, 0xaa, 0xf8, 0x77, 0x77, 0x60,
    0x0, 0x0, 0xae, 0x5, 0xf2, 0x0, 0x0, 0x0,
    0x0, 0x1, 0xf7, 0x5, 0xf2, 0x0, 0x0, 0x0,
    0x0, 0x8, 0xf1, 0x5, 0xf4, 0x22, 0x22, 0x10,
    0x0, 0xf, 0x80, 0x5, 0xff, 0xff, 0xff, 0x80,
    0x0, 0x7f, 0x32, 0x27, 0xf6, 0x55, 0x55, 0x20,
    0x0, 0xef, 0xff, 0xff, 0xf2, 0x0, 0x0, 0x0,
    0x6, 0xf5, 0x55, 0x58, 0xf2, 0x0, 0x0, 0x0,
    0xd, 0xb0, 0x0, 0x5, 0xf2, 0x0, 0x0, 0x0,
    0x4f, 0x40, 0x0, 0x5, 0xf8, 0x77, 0x77, 0x70,
    0xcd, 0x0, 0x0, 0x5, 0xff, 0xff, 0xff, 0xf2,

    /* U+00C7 "Ç" */
    0x0, 0x4, 0xbe, 0xfc, 0x60, 0x0, 0x8, 0xfc,
    0x76, 0xaf, 0xa0, 0x5, 0xf7, 0x0, 0x0, 0x7f,
    0x50, 0xcd, 0x0, 0x0, 0x0, 0xa5, 0xf, 0x80,
    0x0, 0x0, 0x0, 0x2, 0xf6, 0x0, 0x0, 0x0,
    0x0, 0x2f, 0x60, 0x0, 0x0, 0x0, 0x0, 0xf8,
    0x0, 0x0, 0x0, 0x20, 0xc, 0xd0, 0x0, 0x0,
    0xe, 0xb0, 0x5f, 0x70, 0x0, 0x7, 0xf5, 0x0,
    0x9f, 0xb7, 0x7b, 0xfa, 0x0, 0x0, 0x6c, 0xff,
    0xc6, 0x0, 0x0, 0x0, 0xf, 0x70, 0x0, 0x0,
    0x0, 0x0, 0x3f, 0x40, 0x0, 0x0, 0x0, 0xef,
    0xb0, 0x0, 0x0,

    /* U+00C8 "È" */
    0x0, 0x5, 0x30, 0x0, 0x0, 0x0, 0xae, 0x0,
    0x0, 0x0, 0x0, 0xd6, 0x0, 0x0, 0x0, 0x0,
    0x0, 0x0, 0xbf, 0xff, 0xff, 0xff, 0x8b, 0xe7,
    0x77, 0x77, 0x73, 0xbc, 0x0, 0x0, 0x0, 0xb,
    0xc0, 0x0, 0x0, 0x0, 0xbc, 0x22, 0x22, 0x22,
    0xb, 0xff, 0xff, 0xff, 0xf2, 0xbd, 0x55, 0x55,
    0x55, 0xb, 0xc0, 0x0, 0x0, 0x0, 0xbc, 0x0,
    0x0, 0x0, 0xb, 0xc0, 0x0, 0x0, 0x0, 0xbe,
    0x77, 0x77, 0x77, 0x5b, 0xff, 0xff, 0xff, 0xfd,

    /* U+00C9 "É" */
    0x0, 0x0, 0x35, 0x0, 0x0, 0x0, 0xe, 0xa0,
    0x0, 0x0, 0x6, 0xd0, 0x0, 0x0, 0x0, 0x0,
    0x0, 0x0, 0xbf, 0xff, 0xff, 0xff, 0x8b, 0xe7,
    0x77, 0x77, 0x73, 0xbc, 0x0, 0x0, 0x0, 0xb,
    0xc0, 0x0, 0x0, 0x0, 0xbc, 0x22, 0x22, 0x22,
    0xb, 0xff, 0xff, 0xff, 0xf2, 0xbd, 0x55, 0x55,
    0x55, 0xb, 0xc0, 0x0, 0x0, 0x0, 0xbc, 0x0,
    0x0, 0x0, 0xb, 0xc0, 0x0, 0x0, 0x0, 0xbe,
    0x77, 0x77, 0x77, 0x5b, 0xff, 0xff, 0xff, 0xfd,

    /* U+00CA "Ê" */
    0x0, 0xb, 0xea, 0x0, 0x0, 0x8, 0xe1, 0xe8,
    0x0, 0x0, 0x0, 0x0, 0x0, 0xb, 0xff, 0xff,
    0xff, 0xf8, 0xbe, 0x77, 0x77, 0x77, 0x3b, 0xc0,
    0x0, 0x0, 0x0, 0xbc, 0x0, 0x0, 0x0, 0xb,
    0xc2, 0x22, 0x22, 0x20, 0xbf, 0xff, 0xff, 0xff,
    0x2b, 0xd5, 0x55, 0x55, 0x50, 0xbc, 0x0, 0x0,
    0x0, 0xb, 0xc0, 0x0, 0x0, 0x0, 0xbc, 0x0,
    0x0, 0x0, 0xb, 0xe7, 0x77, 0x77, 0x75, 0xbf,
    0xff, 0xff, 0xff, 0xd0,

    /* U+00CB "Ë" */
    0x0, 0x78, 0x8, 0x70, 0x0, 0xa, 0xc0, 0xcb,
    0x0, 0x0, 0x0, 0x0, 0x0, 0xb, 0xff, 0xff,
    0xff, 0xf8, 0xbe, 0x77, 0x77, 0x77, 0x3b, 0xc0,
    0x0, 0x0, 0x0, 0xbc, 0x0, 0x0, 0x0, 0xb,
    0xc2, 0x22, 0x22, 0x20, 0xbf, 0xff, 0xff, 0xff,
    0x2b, 0xd5, 0x55, 0x55, 0x50, 0xbc, 0x0, 0x0,
    0x0, 0xb, 0xc0, 0x0, 0x0, 0x0, 0xbc, 0x0,
    0x0, 0x0, 0xb, 0xe7, 0x77, 0x77, 0x75, 0xbf,
    0xff, 0xff, 0xff, 0xd0,

    /* U+00CC "Ì" */
    0x25, 0x20, 0x1d, 0xa0, 0x3, 0xf2, 0x0, 0x0,
    0x8, 0xf0, 0x8, 0xf0, 0x8, 0xf0, 0x8, 0xf0,
    0x8, 0xf0, 0x8, 0xf0, 0x8, 0xf0, 0x8, 0xf0,
    0x8, 0xf0, 0x8, 0xf0, 0x8, 0xf0, 0x8, 0xf0,

    /* U+00CD "Í" */
    0x4, 0x43, 0xf5, 0xaa, 0x0, 0x0, 0x8f, 0x8,
    0xf0, 0x8f, 0x8, 0xf0, 0x8f, 0x8, 0xf0, 0x8f,
    0x8, 0xf0, 0x8f, 0x8, 0xf0, 0x8f, 0x8, 0xf0,

    /* U+00CE "Î" */
    0x1, 0xee, 0x60, 0xc, 0xa3, 0xf4, 0x0, 0x0,
    0x0, 0x0, 0x8f, 0x0, 0x0, 0x8f, 0x0, 0x0,
    0x8f, 0x0, 0x0, 0x8f, 0x0, 0x0, 0x8f, 0x0,
    0x0, 0x8f, 0x0, 0x0, 0x8f, 0x0, 0x0, 0x8f,
    0x0, 0x0, 0x8f, 0x0, 0x0, 0x8f, 0x0, 0x0,
    0x8f, 0x0, 0x0, 0x8f, 0x0,

    /* U+00CF "Ï" */
    0xa5, 0xb, 0x4f, 0x80, 0xf6, 0x0, 0x0, 0x0,
    0x8f, 0x0, 0x8, 0xf0, 0x0, 0x8f, 0x0, 0x8,
    0xf0, 0x0, 0x8f, 0x0, 0x8, 0xf0, 0x0, 0x8f,
    0x0, 0x8, 0xf0, 0x0, 0x8f, 0x0, 0x8, 0xf0,
    0x0, 0x8f, 0x0, 0x8, 0xf0, 0x0,

    /* U+00D0 "Ð" */
    0x0, 0xcf, 0xff, 0xfe, 0xb3, 0x0, 0x0, 0xcd,
    0x77, 0x78, 0xef, 0x50, 0x0, 0xcc, 0x0, 0x0,
    0xc, 0xe0, 0x0, 0xcc, 0x0, 0x0, 0x4, 0xf5,
    0x0, 0xcc, 0x0, 0x0, 0x0, 0xf9, 0xf, 0xff,
    0xff, 0xd0, 0x0, 0xea, 0x2, 0xcc, 0x22, 0x20,
    0x0, 0xea, 0x0, 0xcc, 0x0, 0x0, 0x0, 0xf8,
    0x0, 0xcc, 0x0, 0x0, 0x4, 0xf5, 0x0, 0xcc,
    0x0, 0x0, 0xc, 0xe0, 0x0, 0xcd, 0x77, 0x78,
    0xef, 0x40, 0x0, 0xcf, 0xff, 0xfe, 0xb3, 0x0,

    /* U+00D1 "Ñ" */
    0x0, 0x1d, 0xc3, 0x88, 0x0, 0x0, 0x8a, 0x6e,
    0xf3, 0x0, 0x0, 0x11, 0x0, 0x10, 0x0, 0xcf,
    0x20, 0x0, 0x3, 0xf4, 0xcf, 0xb0, 0x0, 0x3,
    0xf4, 0xcf, 0xf6, 0x0, 0x3, 0xf4, 0xca, 0xbe,
    0x10, 0x3, 0xf4, 0xca, 0x2f, 0xa0, 0x3, 0xf4,
    0xca, 0x7, 0xf4, 0x3, 0xf4, 0xca, 0x0, 0xce,
    0x3, 0xf4, 0xca, 0x0, 0x3f, 0x93, 0xf4, 0xca,
    0x0, 0x8, 0xf6, 0xf4, 0xca, 0x0, 0x0, 0xdf,
    0xf4, 0xca, 0x0, 0x0, 0x4f, 0xf4, 0xca, 0x0,
    0x0, 0xa, 0xf4,

    /* U+00D2 "Ò" */
    0x0, 0x0, 0x35, 0x0, 0x0, 0x0, 0x0, 0x0,
    0x2f, 0x70, 0x0, 0x0, 0x0, 0x0, 0x5, 0xe0,
    0x0, 0x0, 0x0, 0x0, 0x0, 0x0, 0x0, 0x0,
    0x0, 0x4, 0xbe, 0xfd, 0x70, 0x0, 0x0, 0x8f,
    0xc7, 0x69, 0xfd, 0x20, 0x4, 0xf8, 0x0, 0x0,
    0x2e, 0xc0, 0xc, 0xd0, 0x0, 0x0, 0x6, 0xf4,
    0xf, 0x80, 0x0, 0x0, 0x0, 0xf8, 0x2f, 0x60,
    0x0, 0x0, 0x0, 0xea, 0x2f, 0x50, 0x0, 0x0,
    0x0, 0xda, 0x1f, 0x70, 0x0, 0x0, 0x0, 0xf9,
    0xc, 0xd0, 0x0, 0x0, 0x5, 0xf4, 0x4, 0xf8,
    0x0, 0x0, 0x2e, 0xc0, 0x0, 0x7f, 0xc7, 0x69,
    0xfd, 0x20, 0x0, 0x4, 0xbe, 0xfd, 0x70, 0x0,

    /* U+00D3 "Ó" */
    0x0, 0x0, 0x0, 0x35, 0x0, 0x0, 0x0, 0x0,
    0x1, 0xf8, 0x0, 0x0, 0x0, 0x0, 0x7, 0xc0,
    0x0, 0x0, 0x0, 0x0, 0x0, 0x0, 0x0, 0x0,
    0x0, 0x4, 0xbe, 0xfd, 0x70, 0x0, 0x0, 0x8f,
    0xc7, 0x69, 0xfd, 0x20, 0x4, 0xf8, 0x0, 0x0,
    0x2e, 0xc0, 0xc, 0xd0, 0x0, 0x0, 0x6, 0xf4,
    0xf, 0x80, 0x0, 0x0, 0x0, 0xf8, 0x2f, 0x60,
    0x0, 0x0, 0x0, 0xea, 0x2f, 0x50, 0x0, 0x0,
    0x0, 0xda, 0x1f, 0x70, 0x0, 0x0, 0x0, 0xf9,
    0xc, 0xd0, 0x0, 0x0, 0x5, 0xf4, 0x4, 0xf8,
    0x0, 0x0, 0x2e, 0xc0, 0x0, 0x7f, 0xc7, 0x69,
    0xfd, 0x20, 0x0, 0x4, 0xbe, 0xfd, 0x70, 0x0,

    /* U+00D4 "Ô" */
    0x0, 0x0, 0x5, 0x70, 0x0, 0x0, 0x0, 0x0,
    0x3f, 0xea, 0x0, 0x0, 0x0, 0x0, 0xda, 0x3f,
    0x50, 0x0, 0x0, 0x0, 0x0, 0x0, 0x0, 0x0,
    0x0, 0x4, 0xbe, 0xfd, 0x70, 0x0, 0x0, 0x8f,
    0xc7, 0x69, 0xfd, 0x20, 0x4, 0xf8, 0x0, 0x0,
    0x2e, 0xc0, 0xc, 0xd0, 0x0, 0x0, 0x6, 0xf4,
    0xf, 0x80, 0x0, 0x0, 0x0, 0xf8, 0x2f, 0x60,
    0x0, 0x0, 0x0, 0xea, 0x2f, 0x50, 0x0, 0x0,
    0x0, 0xda, 0x1f, 0x70, 0x0, 0x0, 0x0, 0xf9,
    0xc, 0xd0, 0x0, 0x0, 0x5, 0xf4, 0x4, 0xf8,
    0x0, 0x0, 0x2e, 0xc0, 0x0, 0x7f, 0xc7, 0x69,
    0xfd, 0x20, 0x0, 0x4, 0xbe, 0xfd, 0x70, 0x0,

    /* U+00D5 "Õ" */
    0x0, 0x0, 0xad, 0x54, 0xc0, 0x0, 0x0, 0x4,
    0xd4, 0xdf, 0x70, 0x0, 0x0, 0x0, 0x10, 0x1,
    0x0, 0x0, 0x0, 0x4, 0xbe, 0xfd, 0x70, 0x0,
    0x0, 0x8f, 0xc7, 0x69, 0xfd, 0x20, 0x4, 0xf8,
    0x0, 0x0, 0x2e, 0xc0, 0xc, 0xd0, 0x0, 0x0,
    0x6, 0xf4, 0xf, 0x80, 0x0, 0x0, 0x0, 0xf8,
    0x2f, 0x60, 0x0, 0x0, 0x0, 0xea, 0x2f, 0x50,
    0x0, 0x0, 0x0, 0xda, 0x1f, 0x70, 0x0, 0x0,
    0x0, 0xf9, 0xc, 0xd0, 0x0, 0x0, 0x5, 0xf4,
    0x4, 0xf8, 0x0, 0x0, 0x2e, 0xc0, 0x0, 0x7f,
    0xc7, 0x69, 0xfd, 0x20, 0x0, 0x4, 0xbe, 0xfd,
    0x70, 0x0,

    /* U+00D6 "Ö" */
    0x0, 0x0, 0xa5, 0xb, 0x40, 0x0, 0x0, 0x0,
    0xf8, 0xf, 0x60, 0x0, 0x0, 0x0, 0x0, 0x0,
    0x0, 0x0, 0x0, 0x4, 0xbe, 0xfd, 0x70, 0x0,
    0x0, 0x8f, 0xc7, 0x69, 0xfd, 0x20, 0x4, 0xf8,
    0x0, 0x0, 0x2e, 0xc0, 0xc, 0xd0, 0x0, 0x0,
    0x6, 0xf4, 0xf, 0x80, 0x0, 0x0, 0x0, 0xf8,
    0x2f, 0x60, 0x0, 0x0, 0x0, 0xea, 0x2f, 0x50,
    0x0, 0x0, 0x0, 0xda, 0x1f, 0x70, 0x0, 0x0,
    0x0, 0xf9, 0xc, 0xd0, 0x0, 0x0, 0x5, 0xf4,
    0x4, 0xf8, 0x0, 0x0, 0x2e, 0xc0, 0x0, 0x7f,
    0xc7, 0x69, 0xfd, 0x20, 0x0, 0x4, 0xbe, 0xfd,
    0x70, 0x0,

    /* U+00D7 "×" */
    0x14, 0x0, 0x1, 0x30, 0x7f, 0x40, 0x1d, 0xd0,
    0xa, 0xf4, 0xce, 0x20, 0x0, 0xbf, 0xe2, 0x0,
    0x0, 0xbf, 0xe2, 0x0, 0xa, 0xf4, 0xce, 0x20,
    0x7f, 0x40, 0x1d, 0xd0, 0x14, 0x0, 0x1, 0x30,

    /* U+00D8 "Ø" */
    0x0, 0x0, 0x0, 0x0, 0x0, 0x0, 0x0, 0x4,
    0xbe, 0xfd, 0x70, 0x89, 0x0, 0x8f, 0xc7, 0x69,
    0xfe, 0xd1, 0x5, 0xf8, 0x0, 0x0, 0x7f, 0xc0,
    0xc, 0xc0, 0x0, 0x3, 0xc5, 0xf4, 0x1f, 0x70,
    0x0, 0x2d, 0x10, 0xf8, 0x3f, 0x50, 0x1, 0xd3,
    0x0, 0xea, 0x3f, 0x50, 0xc, 0x50, 0x0, 0xea,
    0x1f, 0x70, 0xb7, 0x0, 0x1, 0xf8, 0xc, 0xda,
    0xa0, 0x0, 0x6, 0xf3, 0x4, 0xfe, 0x0, 0x0,
    0x3f, 0xc0, 0x6, 0xef, 0xc7, 0x69, 0xfd, 0x10,
    0x1e, 0x24, 0xbe, 0xfd, 0x70, 0x0, 0x1, 0x0,
    0x0, 0x0, 0x0, 0x0,

    /* U+00D9 "Ù" */
    0x0, 0x5, 0x30, 0x0, 0x0, 0x0, 0x9, 0xf0,
    0x0, 0x0, 0x0, 0x0, 0xc7, 0x0, 0x0, 0x0,
    0x0, 0x0, 0x0, 0x0, 0xbc, 0x0, 0x0, 0x4,
    0xf4, 0xbc, 0x0, 0x0, 0x4, 0xf4, 0xbc, 0x0,
    0x0, 0x4, 0xf4, 0xbc, 0x0, 0x0, 0x4, 0xf4,
    0xbc, 0x0, 0x0, 0x4, 0xf4, 0xbc, 0x0, 0x0,
    0x4, 0xf4, 0xbc, 0x0, 0x0, 0x4, 0xf4, 0xbd,
    0x0, 0x0, 0x4, 0xf3, 0x9e, 0x0, 0x0, 0x6,
    0xf2, 0x5f, 0x50, 0x0, 0xc, 0xe0, 0xd, 0xfa,
    0x79, 0xdf, 0x50, 0x0, 0x8d, 0xfe, 0xb4, 0x0,

    /* U+00DA "Ú" */
    0x0, 0x0, 0x15, 0x20, 0x0, 0x0, 0x0, 0x8f,
    0x20, 0x0, 0x0, 0x0, 0xe5, 0x0, 0x0, 0x0,
    0x0, 0x0, 0x0, 0x0, 0xbc, 0x0, 0x0, 0x4,
    0xf4, 0xbc, 0x0, 0x0, 0x4, 0xf4, 0xbc, 0x0,
    0x0, 0x4, 0xf4, 0xbc, 0x0, 0x0, 0x4, 0xf4,
    0xbc, 0x0, 0x0, 0x4, 0xf4, 0xbc, 0x0, 0x0,
    0x4, 0xf4, 0xbc, 0x0, 0x0, 0x4, 0xf4, 0xbd,
    0x0, 0x0, 0x4, 0xf3, 0x9e, 0x0, 0x0, 0x6,
    0xf2, 0x5f, 0x50, 0x0, 0xc, 0xe0, 0xd, 0xfa,
    0x79, 0xdf, 0x50, 0x0, 0x8d, 0xfe, 0xb4, 0x0,

    /* U+00DB "Û" */
    0x0, 0x1, 0x85, 0x0, 0x0, 0x0, 0xb, 0xef,
    0x20, 0x0, 0x0, 0x6f, 0x3b, 0xd0, 0x0, 0x0,
    0x0, 0x0, 0x0, 0x0, 0xbc, 0x0, 0x0, 0x4,
    0xf4, 0xbc, 0x0, 0x0, 0x4, 0xf4, 0xbc, 0x0,
    0x0, 0x4, 0xf4, 0xbc, 0x0, 0x0, 0x4, 0xf4,
    0xbc, 0x0, 0x0, 0x4, 0xf4, 0xbc, 0x0, 0x0,
    0x4, 0xf4, 0xbc, 0x0, 0x0, 0x4, 0xf4, 0xbd,
    0x0, 0x0, 0x4, 0xf3, 0x9e, 0x0, 0x0, 0x6,
    0xf2, 0x5f, 0x50, 0x0, 0xc, 0xe0, 0xd, 0xfa,
    0x79, 0xdf, 0x50, 0x0, 0x8d, 0xfe, 0xb4, 0x0,

    /* U+00DC "Ü" */
    0x0, 0x5b, 0x5, 0xa0, 0x0, 0x0, 0x7f, 0x8,
    0xf0, 0x0, 0x0, 0x0, 0x0, 0x0, 0x0, 0xbc,
    0x0, 0x0, 0x4, 0xf4, 0xbc, 0x0, 0x0, 0x4,
    0xf4, 0xbc, 0x0, 0x0, 0x4, 0xf4, 0xbc, 0x0,
    0x0, 0x4, 0xf4, 0xbc, 0x0, 0x0, 0x4, 0xf4,
    0xbc, 0x0, 0x0, 0x4, 0xf4, 0xbc, 0x0, 0x0,
    0x4, 0xf4, 0xbd, 0x0, 0x0, 0x4, 0xf3, 0x9e,
    0x0, 0x0, 0x6, 0xf2, 0x5f, 0x50, 0x0, 0xc,
    0xe0, 0xd, 0xfa, 0x79, 0xdf, 0x50, 0x0, 0x8d,
    0xfe, 0xb4, 0x0,

    /* U+00DD "Ý" */
    0x0, 0x0, 0x3, 0x50, 0x0, 0x0, 0x0, 0x0,
    0xf9, 0x0, 0x0, 0x0, 0x0, 0x6d, 0x0, 0x0,
    0x0, 0x0, 0x0, 0x0, 0x0, 0x0, 0xaf, 0x30,
    0x0, 0x0, 0x8f, 0x31, 0xec, 0x0, 0x0, 0x2f,
    0x80, 0x5, 0xf7, 0x0, 0xc, 0xd0, 0x0, 0xb,
    0xf1, 0x6, 0xf3, 0x0, 0x0, 0x1f, 0xa1, 0xe9,
    0x0, 0x0, 0x0, 0x7f, 0xcd, 0x0, 0x0, 0x0,
    0x0, 0xcf, 0x40, 0x0, 0x0, 0x0, 0x8, 0xf0,
    0x0, 0x0, 0x0, 0x0, 0x8f, 0x0, 0x0, 0x0,
    0x0, 0x8, 0xf0, 0x0, 0x0, 0x0, 0x0, 0x8f,
    0x0, 0x0, 0x0, 0x0, 0x8, 0xf0, 0x0, 0x0,

    /* U+00DE "Þ" */
    0xcc, 0x0, 0x0, 0x0, 0xc, 0xc1, 0x11, 0x10,
    0x0, 0xcf, 0xff, 0xff, 0xe8, 0xc, 0xd4, 0x44,
    0x5a, 0xf7, 0xcc, 0x0, 0x0, 0xc, 0xdc, 0xc0,
    0x0, 0x0, 0x9f, 0xcc, 0x0, 0x0, 0xc, 0xdc,
    0xc2, 0x22, 0x39, 0xf7, 0xcf, 0xff, 0xff, 0xfa,
    0xc, 0xd5, 0x54, 0x41, 0x0, 0xcc, 0x0, 0x0,
    0x0, 0xc, 0xc0, 0x0, 0x0, 0x0,

    /* U+00DF "ß" */
    0x5, 0xdf, 0xd5, 0x0, 0x4, 0xf8, 0x49, 0xf3,
    0x0, 0xac, 0x0, 0xf, 0x60, 0xc, 0xa0, 0x4,
    0xf2, 0x0, 0xc9, 0x0, 0xc9, 0x0, 0xc, 0x90,
    0x2f, 0x50, 0x0, 0xc9, 0x0, 0xed, 0x20, 0xc,
    0x90, 0x2, 0xcf, 0x50, 0xc9, 0x0, 0x0, 0xaf,
    0x1c, 0x90, 0x50, 0x3, 0xf3, 0xc9, 0x2f, 0x94,
    0xbe, 0xc, 0x90, 0x4d, 0xfc, 0x30,

    /* U+00E0 "à" */
    0x0, 0x1e, 0xc0, 0x0, 0x0, 0x0, 0x3f, 0x30,
    0x0, 0x0, 0x0, 0x32, 0x0, 0x0, 0x9, 0xef,
    0xe9, 0x0, 0xb, 0xe5, 0x47, 0xf8, 0x0, 0xc4,
    0x0, 0xb, 0xc0, 0x0, 0x1, 0x47, 0xdc, 0x0,
    0x5d, 0xff, 0xbd, 0xc0, 0x2f, 0xa2, 0x0, 0xac,
    0x6, 0xf2, 0x0, 0xe, 0xc0, 0x3f, 0xa3, 0x4c,
    0xfd, 0x0, 0x6d, 0xfd, 0x96, 0xf1,

    /* U+00E1 "á" */
    0x0, 0x0, 0x9f, 0x20, 0x0, 0x0, 0xf, 0x60,
    0x0, 0x0, 0x1, 0x40, 0x0, 0x0, 0x9, 0xef,
    0xe9, 0x0, 0xb, 0xe5, 0x47, 0xf8, 0x0, 0xc4,
    0x0, 0xb, 0xc0, 0x0, 0x1, 0x47, 0xdc, 0x0,
    0x5d, 0xff, 0xbd, 0xc0, 0x2f, 0xa2, 0x0, 0xac,
    0x6, 0xf2, 0x0, 0xe, 0xc0, 0x3f, 0xa3, 0x4c,
    0xfd, 0x0, 0x6d, 0xfd, 0x96, 0xf1,

    /* U+00E2 "â" */
    0x0, 0xc, 0xf8, 0x0, 0x0, 0x8, 0xe3, 0xf5,
    0x0, 0x0, 0x21, 0x2, 0x20, 0x0, 0x9, 0xef,
    0xe9, 0x0, 0xb, 0xe5, 0x47, 0xf8, 0x0, 0xc4,
    0x0, 0xb, 0xc0, 0x0, 0x1, 0x47, 0xdc, 0x0,
    0x5d, 0xff, 0xbd, 0xc0, 0x2f, 0xa2, 0x0, 0xac,
    0x6, 0xf2, 0x0, 0xe, 0xc0, 0x3f, 0xa3, 0x4c,
    0xfd, 0x0, 0x6d, 0xfd, 0x96, 0xf1,

    /* U+00E3 "ã" */
    0x0, 0xcf, 0xff, 0xc0, 0x0, 0x2, 0x12, 0x20,
    0x0, 0x0, 0x0, 0x0, 0x0, 0x0, 0x9, 0xef,
    0xe9, 0x0, 0xb, 0xe5, 0x47, 0xf8, 0x0, 0xc4,
    0x0, 0xb, 0xc0, 0x0, 0x1, 0x47, 0xdc, 0x0,
    0x5d, 0xff, 0xbd, 0xc0, 0x2f, 0xa2, 0x0, 0xac,
    0x6, 0xf2, 0x0, 0xe, 0xc0, 0x3f, 0xa3, 0x4c,
    0xfd, 0x0, 0x6d, 0xfd, 0x96, 0xf1,

    /* U+00E4 "ä" */
    0x0, 0xcb, 0xe, 0x90, 0x0, 0x8, 0x70, 0x96,
    0x0, 0x0, 0x0, 0x0, 0x0, 0x0, 0x9, 0xef,
    0xe9, 0x0, 0xb, 0xe5, 0x47, 0xf8, 0x0, 0xc4,
    0x0, 0xb, 0xc0, 0x0, 0x1, 0x47, 0xdc, 0x0,
    0x5d, 0xff, 0xbd, 0xc0, 0x2f, 0xa2, 0x0, 0xac,
    0x6, 0xf2, 0x0, 0xe, 0xc0, 0x3f, 0xa3, 0x4c,
    0xfd, 0x0, 0x6d, 0xfd, 0x96, 0xf1,

    /* U+00E5 "å" */
    0x0, 0x9, 0x97, 0x0, 0x0, 0x0, 0x8a, 0x60,
    0x0, 0x0, 0x0, 0x0, 0x0, 0x0, 0x9, 0xef,
    0xe9, 0x0, 0xb, 0xe5, 0x47, 0xf8, 0x0, 0xc4,
    0x0, 0xb, 0xc0, 0x0, 0x1, 0x47, 0xdc, 0x0,
    0x5d, 0xff, 0xbd, 0xc0, 0x2f, 0xa2, 0x0, 0xac,
    0x6, 0xf2, 0x0, 0xe, 0xc0, 0x3f, 0xa3, 0x4c,
    0xfd, 0x0, 0x6d, 0xfd, 0x96, 0xf1,

    /* U+00E6 "æ" */
    0x1, 0x9e, 0xfd, 0x82, 0xbf, 0xe9, 0x0, 0xb,
    0xe6, 0x49, 0xff, 0xc5, 0x5e, 0xa0, 0x1f, 0x40,
    0x0, 0xee, 0x0, 0x3, 0xf2, 0x0, 0x0, 0x2,
    0xea, 0x0, 0x0, 0xf7, 0x2, 0xad, 0xff, 0xff,
    0xff, 0xff, 0xf8, 0x2f, 0xb6, 0x30, 0xdb, 0x33,
    0x33, 0x31, 0x6f, 0x10, 0x1, 0xfc, 0x0, 0x1,
    0xc4, 0x3f, 0x94, 0x6d, 0xbe, 0xa4, 0x5c, 0xe0,
    0x6, 0xdf, 0xd6, 0x2, 0xbf, 0xea, 0x20,

    /* U+00E7 "ç" */
    0x0, 0x7d, 0xfd, 0x50, 0x9, 0xf8, 0x49, 0xf3,
    0x1f, 0x70, 0x0, 0xc7, 0x4f, 0x30, 0x0, 0x0,
    0x5f, 0x10, 0x0, 0x0, 0x4f, 0x20, 0x0, 0x33,
    0x1f, 0x70, 0x0, 0xca, 0x9, 0xf7, 0x49, 0xf3,
    0x0, 0x7f, 0xfc, 0x40, 0x0, 0x9, 0xc2, 0x0,
    0x0, 0x1, 0xcb, 0x0, 0x0, 0x8f, 0xd3, 0x0,

    /* U+00E8 "è" */
    0x0, 0x3f, 0x80, 0x0, 0x0, 0x0, 0x6e, 0x0,
    0x0, 0x0, 0x0, 0x41, 0x0, 0x0, 0x7, 0xdf,
    0xd5, 0x0, 0x8, 0xf8, 0x49, 0xf5, 0x1, 0xf8,
    0x0, 0xa, 0xd0, 0x5f, 0x30, 0x0, 0x5f, 0x16,
    0xff, 0xff, 0xff, 0xf3, 0x5f, 0x43, 0x33, 0x33,
    0x1, 0xf6, 0x0, 0x6, 0xb0, 0x9, 0xf7, 0x47,
    0xf9, 0x0, 0x7, 0xdf, 0xd8, 0x0,

    /* U+00E9 "é" */
    0x0, 0x0, 0x8f, 0x20, 0x0, 0x0, 0xf, 0x60,
    0x0, 0x0, 0x1, 0x40, 0x0, 0x0, 0x7, 0xdf,
    0xd5, 0x0, 0x8, 0xf8, 0x49, 0xf5, 0x1, 0xf8,
    0x0, 0xa, 0xd0, 0x5f, 0x30, 0x0, 0x5f, 0x16,
    0xff, 0xff, 0xff, 0xf3, 0x5f, 0x43, 0x33, 0x33,
    0x1, 0xf6, 0x0, 0x6, 0xb0, 0x9, 0xf7, 0x47,
    0xf9, 0x0, 0x7, 0xdf, 0xd8, 0x0,

    /* U+00EA "ê" */
    0x0, 0xc, 0xf8, 0x0, 0x0, 0x8, 0xe3, 0xf5,
    0x0, 0x0, 0x21, 0x2, 0x20, 0x0, 0x7, 0xdf,
    0xd5, 0x0, 0x8, 0xf8, 0x49, 0xf5, 0x1, 0xf8,
    0x0, 0xa, 0xd0, 0x5f, 0x30, 0x0, 0x5f, 0x16,
    0xff, 0xff, 0xff, 0xf3, 0x5f, 0x43, 0x33, 0x33,
    0x1, 0xf6, 0x0, 0x6, 0xb0, 0x9, 0xf7, 0x47,
    0xf9, 0x0, 0x7, 0xdf, 0xd8, 0x0,

    /* U+00EB "ë" */
    0x0, 0xcb, 0xd, 0x90, 0x0, 0x8, 0x70, 0x96,
    0x0, 0x0, 0x0, 0x0, 0x0, 0x0, 0x7, 0xdf,
    0xd5, 0x0, 0x8, 0xf8, 0x49, 0xf5, 0x1, 0xf8,
    0x0, 0xa, 0xd0, 0x5f, 0x30, 0x0, 0x5f, 0x16,
    0xff, 0xff, 0xff, 0xf3, 0x5f, 0x43, 0x33, 0x33,
    0x1, 0xf6, 0x0, 0x6, 0xb0, 0x9, 0xf7, 0x47,
    0xf9, 0x0, 0x7, 0xdf, 0xd8, 0x0,

    /* U+00EC "ì" */
    0x5f, 0x60, 0x9, 0xd0, 0x0, 0x50, 0x7, 0xf0,
    0x7, 0xf0, 0x7, 0xf0, 0x7, 0xf0, 0x7, 0xf0,
    0x7, 0xf0, 0x7, 0xf0, 0x7, 0xf0, 0x7, 0xf0,

    /* U+00ED "í" */
    0xb, 0xe1, 0x2f, 0x40, 0x23, 0x0, 0x7f, 0x0,
    0x7f, 0x0, 0x7f, 0x0, 0x7f, 0x0, 0x7f, 0x0,
    0x7f, 0x0, 0x7f, 0x0, 0x7f, 0x0, 0x7f, 0x0,

    /* U+00EE "î" */
    0x0, 0xce, 0x70, 0xa, 0xc2, 0xf5, 0x0, 0x0,
    0x0, 0x0, 0x7f, 0x0, 0x0, 0x7f, 0x0, 0x0,
    0x7f, 0x0, 0x0, 0x7f, 0x0, 0x0, 0x7f, 0x0,
    0x0, 0x7f, 0x0, 0x0, 0x7f, 0x0, 0x0, 0x7f,
    0x0, 0x0, 0x7f, 0x0,

    /* U+00EF "ï" */
    0xe8, 0xf, 0x7a, 0x60, 0xb4, 0x0, 0x0, 0x0,
    0x7f, 0x0, 0x7, 0xf0, 0x0, 0x7f, 0x0, 0x7,
    0xf0, 0x0, 0x7f, 0x0, 0x7, 0xf0, 0x0, 0x7f,
    0x0, 0x7, 0xf0, 0x0, 0x7f, 0x0,

    /* U+00F0 "ð" */
    0x0, 0x2c, 0xb7, 0xc0, 0x0, 0x2, 0x9f, 0xf1,
    0x0, 0x0, 0x75, 0xc, 0x90, 0x0, 0x8, 0xef,
    0xdf, 0x20, 0x9, 0xf6, 0x38, 0xfa, 0x1, 0xf6,
    0x0, 0xa, 0xf0, 0x4f, 0x20, 0x0, 0x5f, 0x26,
    0xf0, 0x0, 0x3, 0xf3, 0x5f, 0x20, 0x0, 0x5f,
    0x21, 0xf7, 0x0, 0xb, 0xe0, 0x9, 0xf7, 0x49,
    0xf6, 0x0, 0x7, 0xef, 0xd5, 0x0,

    /* U+00F1 "ñ" */
    0x5, 0xea, 0x1d, 0x30, 0xd5, 0x8f, 0xd0, 0x2,
    0x0, 0x10, 0xf, 0x6a, 0xfe, 0x90, 0xff, 0x72,
    0x5f, 0x7f, 0xb0, 0x0, 0xbb, 0xf7, 0x0, 0x9,
    0xcf, 0x70, 0x0, 0x9c, 0xf7, 0x0, 0x9, 0xcf,
    0x70, 0x0, 0x9c, 0xf7, 0x0, 0x9, 0xcf, 0x70,
    0x0, 0x9c,

    /* U+00F2 "ò" */
    0x0, 0x3f, 0x80, 0x0, 0x0, 0x0, 0x6f, 0x0,
    0x0, 0x0, 0x0, 0x41, 0x0, 0x0, 0x7, 0xdf,
    0xd6, 0x0, 0x9, 0xf7, 0x49, 0xf7, 0x2, 0xf7,
    0x0, 0x9, 0xf0, 0x6f, 0x10, 0x0, 0x4f, 0x37,
    0xf0, 0x0, 0x2, 0xf4, 0x6f, 0x10, 0x0, 0x4f,
    0x32, 0xf7, 0x0, 0x9, 0xf0, 0xa, 0xf7, 0x49,
    0xf7, 0x0, 0x8, 0xef, 0xd6, 0x0,

    /* U+00F3 "ó" */
    0x0, 0x0, 0x8f, 0x30, 0x0, 0x0, 0xf, 0x60,
    0x0, 0x0, 0x1, 0x40, 0x0, 0x0, 0x7, 0xdf,
    0xd6, 0x0, 0x9, 0xf7, 0x49, 0xf7, 0x2, 0xf7,
    0x0, 0x9, 0xf0, 0x6f, 0x10, 0x0, 0x4f, 0x37,
    0xf0, 0x0, 0x2, 0xf4, 0x6f, 0x10, 0x0, 0x4f,
    0x32, 0xf7, 0x0, 0x9, 0xf0, 0xa, 0xf7, 0x49,
    0xf7, 0x0, 0x8, 0xef, 0xd6, 0x0,

    /* U+00F4 "ô" */
    0x0, 0xb, 0xf8, 0x0, 0x0, 0x8, 0xe3, 0xf5,
    0x0, 0x0, 0x21, 0x2, 0x20, 0x0, 0x7, 0xdf,
    0xd6, 0x0, 0x9, 0xf7, 0x49, 0xf7, 0x2, 0xf7,
    0x0, 0x9, 0xf0, 0x6f, 0x10, 0x0, 0x4f, 0x37,
    0xf0, 0x0, 0x2, 0xf4, 0x6f, 0x10, 0x0, 0x4f,
    0x32, 0xf7, 0x0, 0x9, 0xf0, 0xa, 0xf7, 0x49,
    0xf7, 0x0, 0x8, 0xef, 0xd6, 0x0,

    /* U+00F5 "õ" */
    0x0, 0xcf, 0xff, 0xd0, 0x0, 0x2, 0x12, 0x20,
    0x0, 0x0, 0x0, 0x0, 0x0, 0x0, 0x7, 0xdf,
    0xd6, 0x0, 0x9, 0xf7, 0x49, 0xf7, 0x2, 0xf7,
    0x0, 0x9, 0xf0, 0x6f, 0x10, 0x0, 0x4f, 0x37,
    0xf0, 0x0, 0x2, 0xf4, 0x6f, 0x10, 0x0, 0x4f,
    0x32, 0xf7, 0x0, 0x9, 0xf0, 0xa, 0xf7, 0x49,
    0xf7, 0x0, 0x8, 0xef, 0xd6, 0x0,

    /* U+00F6 "ö" */
    0x0, 0xcb, 0xd, 0x90, 0x0, 0x8, 0x70, 0x96,
    0x0, 0x0, 0x0, 0x0, 0x0, 0x0, 0x7, 0xdf,
    0xd6, 0x0, 0x9, 0xf7, 0x49, 0xf7, 0x2, 0xf7,
    0x0, 0x9, 0xf0, 0x6f, 0x10, 0x0, 0x4f, 0x37,
    0xf0, 0x0, 0x2, 0xf4, 0x6f, 0x10, 0x0, 0x4f,
    0x32, 0xf7, 0x0, 0x9, 0xf0, 0xa, 0xf7, 0x49,
    0xf7, 0x0, 0x8, 0xef, 0xd6, 0x0,

    /* U+00F7 "÷" */
    0x0, 0x4, 0xb2, 0x0, 0x0, 0x0, 0x6f, 0x30,
    0x0, 0x1, 0x11, 0x11, 0x11, 0x6, 0xff, 0xff,
    0xff, 0xf2, 0x14, 0x44, 0x44, 0x44, 0x0, 0x0,
    0x4b, 0x20, 0x0, 0x0, 0x6, 0xf3, 0x0, 0x0,

    /* U+00F8 "ø" */
    0x0, 0x0, 0x0, 0x0, 0x3, 0xbf, 0xe9, 0xb7,
    0x3f, 0xc5, 0x5e, 0xf1, 0xae, 0x0, 0x2d, 0xf7,
    0xe9, 0x0, 0xd3, 0xbb, 0xf7, 0xa, 0x70, 0xac,
    0xe8, 0x6b, 0x0, 0xcb, 0xae, 0xe1, 0x2, 0xf7,
    0x3f, 0xc4, 0x6e, 0xe1, 0x9a, 0xbf, 0xea, 0x10,
    0x20, 0x0, 0x0, 0x0,

    /* U+00F9 "ù" */
    0x0, 0xdd, 0x0, 0x0, 0x2, 0xf5, 0x0, 0x0,
    0x2, 0x30, 0xf, 0x70, 0x0, 0xac, 0xf7, 0x0,
    0xa, 0xcf, 0x70, 0x0, 0xac, 0xf7, 0x0, 0xa,
    0xcf, 0x70, 0x0, 0xac, 0xf7, 0x0, 0xb, 0xce,
    0x90, 0x0, 0xec, 0xaf, 0x65, 0xce, 0xc1, 0xaf,
    0xe7, 0x8c,

    /* U+00FA "ú" */
    0x0, 0xa, 0xe1, 0x0, 0x1, 0xf5, 0x0, 0x0,
    0x14, 0x0, 0xf, 0x70, 0x0, 0xac, 0xf7, 0x0,
    0xa, 0xcf, 0x70, 0x0, 0xac, 0xf7, 0x0, 0xa,
    0xcf, 0x70, 0x0, 0xac, 0xf7, 0x0, 0xb, 0xce,
    0x90, 0x0, 0xec, 0xaf, 0x65, 0xce, 0xc1, 0xaf,
    0xe7, 0x8c,

    /* U+00FB "û" */
    0x0, 0xce, 0x80, 0x0, 0xad, 0x2f, 0x60, 0x0,
    0x0, 0x0, 0xf, 0x70, 0x0, 0xac, 0xf7, 0x0,
    0xa, 0xcf, 0x70, 0x0, 0xac, 0xf7, 0x0, 0xa,
    0xcf, 0x70, 0x0, 0xac, 0xf7, 0x0, 0xb, 0xce,
    0x90, 0x0, 0xec, 0xaf, 0x65, 0xce, 0xc1, 0xaf,
    0xe7, 0x8c,

    /* U+00FC "ü" */
    0xc, 0xa0, 0xe9, 0x0, 0x87, 0x9, 0x60, 0x0,
    0x0, 0x0, 0xf, 0x70, 0x0, 0xac, 0xf7, 0x0,
    0xa, 0xcf, 0x70, 0x0, 0xac, 0xf7, 0x0, 0xa,
    0xcf, 0x70, 0x0, 0xac, 0xf7, 0x0, 0xb, 0xce,
    0x90, 0x0, 0xec, 0xaf, 0x65, 0xce, 0xc1, 0xaf,
    0xe7, 0x8c,

    /* U+00FD "ý" */
    0x0, 0x0, 0xec, 0x0, 0x0, 0x5, 0xf2, 0x0,
    0x0, 0x3, 0x30, 0x0, 0x8e, 0x0, 0x0, 0xba,
    0x2f, 0x40, 0x1, 0xf4, 0xd, 0xa0, 0x7, 0xe0,
    0x7, 0xf0, 0xc, 0x90, 0x1, 0xf5, 0x2f, 0x30,
    0x0, 0xba, 0x7d, 0x0, 0x0, 0x5f, 0xc7, 0x0,
    0x0, 0xe, 0xf2, 0x0, 0x0, 0xa, 0xc0, 0x0,
    0x0, 0xe, 0x60, 0x0, 0x17, 0xce, 0x0, 0x0,
    0xe, 0xe4, 0x0, 0x0,

    /* U+00FE "þ" */
    0xf7, 0x0, 0x0, 0x0, 0xf7, 0x0, 0x0, 0x0,
    0xf7, 0x0, 0x0, 0x0, 0xf8, 0xbf, 0xe7, 0x0,
    0xff, 0xa3, 0x7f, 0x70, 0xfc, 0x0, 0x9, 0xe0,
    0xf7, 0x0, 0x4, 0xf2, 0xf5, 0x0, 0x3, 0xf3,
    0xf6, 0x0, 0x4, 0xf2, 0xfb, 0x0, 0xa, 0xe0,
    0xff, 0x94, 0x8f, 0x60, 0xf8, 0xbf, 0xd5, 0x0,
    0xf7, 0x0, 0x0, 0x0, 0xf7, 0x0, 0x0, 0x0,
    0xf7, 0x0, 0x0, 0x0,

    /* U+00FF "ÿ" */
    0x1, 0xf6, 0x3f, 0x40, 0x1, 0xb4, 0x2b, 0x30,
    0x0, 0x0, 0x0, 0x0, 0x8e, 0x0, 0x0, 0xba,
    0x2f, 0x40, 0x1, 0xf4, 0xd, 0xa0, 0x7, 0xe0,
    0x7, 0xf0, 0xc, 0x90, 0x1, 0xf5, 0x2f, 0x30,
    0x0, 0xba, 0x7d, 0x0, 0x0, 0x5f, 0xc7, 0x0,
    0x0, 0xe, 0xf2, 0x0, 0x0, 0xa, 0xc0, 0x0,
    0x0, 0xe, 0x60, 0x0, 0x17, 0xce, 0x0, 0x0,
    0xe, 0xe4, 0x0, 0x0,

    /* U+2026 "…" */
    0x8f, 0xf0, 0x4, 0xff, 0x30, 0x2f, 0xf5, 0x8f,
    0xf0, 0x4, 0xff, 0x30, 0x2f, 0xf5, 0x5a, 0x90,
    0x2, 0xaa, 0x10, 0x1a, 0xa3,

    /* U+2265 "≥" */
    0x67, 0x20, 0x0, 0x0, 0x0, 0x0, 0x1, 0x6c,
    0xc6, 0x10, 0x0, 0x0, 0x0, 0x0, 0x2, 0x8d,
    0xb5, 0x0, 0x0, 0x0, 0x0, 0x0, 0x4, 0x9e,
    0xa4, 0x0, 0x0, 0x0, 0x0, 0x0, 0x1b, 0xfc,
    0x10, 0x0, 0x0, 0x16, 0xbd, 0x82, 0x0, 0x0,
    0x16, 0xcd, 0x82, 0x0, 0x0, 0x6, 0xcd, 0x72,
    0x0, 0x0, 0x3, 0x81, 0x42, 0x0, 0x0, 0x3,
    0x8d, 0xa5, 0x0, 0x0, 0x2, 0x8d, 0xb5, 0x0,
    0x0, 0x2, 0x8d, 0xb6, 0x10, 0x0, 0x0, 0x6,
    0xc6, 0x10, 0x0, 0x0, 0x0, 0x0, 0x0, 0x0,
    0x0, 0x0, 0x0, 0x0, 0x0,

    /* U+4E0A "上" */
    0x0, 0x0, 0x0, 0x3b, 0x10, 0x0, 0x0, 0x0,
    0x0, 0x0, 0x0, 0x4f, 0x10, 0x0, 0x0, 0x0,
    0x0, 0x0, 0x0, 0x4f, 0x10, 0x0, 0x0, 0x0,
    0x0, 0x0, 0x0, 0x4f, 0x10, 0x0, 0x0, 0x0,
    0x0, 0x0, 0x0, 0x4f, 0x11, 0x11, 0x11, 0x0,
    0x0, 0x0, 0x0, 0x4f, 0xff, 0xff, 0xff, 0x0,
    0x0, 0x0, 0x0, 0x4f, 0x33, 0x33, 0x33, 0x0,
    0x0, 0x0, 0x0, 0x4f, 0x10, 0x0, 0x0, 0x0,
    0x0, 0x0, 0x0, 0x4f, 0x10, 0x0, 0x0, 0x0,
    0x0, 0x0, 0x0, 0x4f, 0x10, 0x0, 0x0, 0x0,
    0x0, 0x0, 0x0, 0x4f, 0x10, 0x0, 0x0, 0x0,
    0x0, 0x0, 0x0, 0x4f, 0x10, 0x0, 0x0, 0x0,
    0x5, 0x44, 0x44, 0x7f, 0x54, 0x44, 0x44, 0x51,
    0x1f, 0xee, 0xee, 0xee, 0xee, 0xee, 0xee, 0xe2,

    /* U+4E0B "下" */
    0x0, 0x0, 0x0, 0x0, 0x0, 0x0, 0x0, 0xff,
    0xff, 0xff, 0xff, 0xff, 0xff, 0xfe, 0x44, 0x33,
    0x35, 0xf6, 0x33, 0x33, 0x44, 0x0, 0x0, 0x2,
    0xf3, 0x0, 0x0, 0x0, 0x0, 0x0, 0x2, 0xf3,
    0x0, 0x0, 0x0, 0x0, 0x0, 0x2, 0xf3, 0x13,
    0x0, 0x0, 0x0, 0x0, 0x2, 0xf3, 0x9f, 0x40,
    0x0, 0x0, 0x0, 0x2, 0xf3, 0xa, 0xf5, 0x0,
    0x0, 0x0, 0x2, 0xf3, 0x0, 0xaf, 0x50, 0x0,
    0x0, 0x2, 0xf3, 0x0, 0xb, 0xc0, 0x0, 0x0,
    0x2, 0xf3, 0x0, 0x0, 0x10, 0x0, 0x0, 0x2,
    0xf3, 0x0, 0x0, 0x0, 0x0, 0x0, 0x2, 0xf3,
    0x0, 0x0, 0x0, 0x0, 0x0, 0x2, 0xf3, 0x0,
    0x0, 0x0,

    /* U+4E0D "不" */
    0x0, 0x0, 0x0, 0x0, 0x0, 0x0, 0x0, 0x0,
    0xbf, 0xff, 0xff, 0xff, 0xff, 0xff, 0xff, 0x1,
    0x22, 0x22, 0x26, 0xf3, 0x22, 0x22, 0x20, 0x0,
    0x0, 0x0, 0xd8, 0x0, 0x0, 0x0, 0x0, 0x0,
    0x0, 0x9f, 0x40, 0x0, 0x0, 0x0, 0x0, 0x0,
    0x6e, 0xf4, 0x5d, 0x10, 0x0, 0x0, 0x0, 0x6f,
    0x3f, 0x40, 0xbe, 0x20, 0x0, 0x0, 0x8f, 0x40,
    0xf4, 0x0, 0xbe, 0x30, 0x2, 0xce, 0x30, 0xf,
    0x40, 0x0, 0xcf, 0x30, 0xcb, 0x10, 0x0, 0xf4,
    0x0, 0x0, 0xc4, 0x0, 0x0, 0x0, 0xf, 0x40,
    0x0, 0x0, 0x0, 0x0, 0x0, 0x0, 0xf4, 0x0,
    0x0, 0x0, 0x0, 0x0, 0x0, 0xf, 0x40, 0x0,
    0x0, 0x0, 0x0, 0x0, 0x0, 0xf4, 0x0, 0x0,
    0x0,

    /* U+4E26 "並" */
    0x0, 0x0, 0x20, 0x0, 0x0, 0x20, 0x0, 0x0,
    0x0, 0x2, 0xf4, 0x0, 0x0, 0xdc, 0x0, 0x0,
    0x0, 0x0, 0x9e, 0x10, 0x2, 0xf4, 0x0, 0x0,
    0x0, 0x0, 0x18, 0x10, 0x9, 0xc0, 0x0, 0x0,
    0x6, 0xff, 0xff, 0xff, 0xff, 0xff, 0xff, 0x90,
    0x1, 0x21, 0x15, 0xe1, 0x1e, 0x51, 0x11, 0x10,
    0x0, 0x0, 0x4, 0xe0, 0xe, 0x40, 0x0, 0x0,
    0x0, 0x92, 0x4, 0xe0, 0xe, 0x40, 0x2c, 0x20,
    0x0, 0xca, 0x4, 0xe0, 0xe, 0x40, 0x9e, 0x10,
    0x0, 0x3f, 0x34, 0xe0, 0xe, 0x42, 0xf6, 0x0,
    0x0, 0xc, 0xb4, 0xe0, 0xe, 0x4b, 0xd0, 0x0,
    0x0, 0x4, 0x34, 0xe0, 0xe, 0x45, 0x30, 0x0,
    0x0, 0x0, 0x4, 0xe0, 0xe, 0x40, 0x0, 0x0,
    0x1, 0x0, 0x4, 0xe0, 0xe, 0x40, 0x0, 0x10,
    0x1f, 0xff, 0xff, 0xff, 0xff, 0xff, 0xff, 0xf2,
    0x0, 0x0, 0x0, 0x0, 0x0, 0x0, 0x0, 0x0,

    /* U+4E2D "中" */
    0x0, 0x0, 0x0, 0xf7, 0x0, 0x0, 0x0, 0x0,
    0x0, 0xf, 0x60, 0x0, 0x0, 0x0, 0x0, 0x0,
    0xe6, 0x0, 0x0, 0x1, 0xee, 0xee, 0xef, 0xfe,
    0xee, 0xe9, 0x1f, 0x51, 0x11, 0xe7, 0x11, 0x1b,
    0xa1, 0xf4, 0x0, 0xe, 0x60, 0x0, 0xba, 0x1f,
    0x40, 0x0, 0xe6, 0x0, 0xb, 0xa1, 0xf4, 0x0,
    0xe, 0x60, 0x0, 0xba, 0x1f, 0xff, 0xff, 0xff,
    0xff, 0xff, 0xa1, 0xb2, 0x0, 0xe, 0x60, 0x0,
    0x77, 0x0, 0x0, 0x0, 0xe6, 0x0, 0x0, 0x0,
    0x0, 0x0, 0xe, 0x60, 0x0, 0x0, 0x0, 0x0,
    0x0, 0xe6, 0x0, 0x0, 0x0, 0x0, 0x0, 0xe,
    0x60, 0x0, 0x0, 0x0, 0x0, 0x0, 0xf7, 0x0,
    0x0, 0x0,

    /* U+4E3B "主" */
    0x0, 0x0, 0x0, 0x0, 0x0, 0x0, 0x0, 0x0,
    0x0, 0x0, 0xd, 0x60, 0x0, 0x0, 0x0, 0x0,
    0x0, 0x0, 0x6f, 0x40, 0x0, 0x0, 0x0, 0x0,
    0x0, 0x0, 0x97, 0x0, 0x0, 0x0, 0x8, 0xed,
    0xdd, 0xdd, 0xdd, 0xdd, 0xde, 0x20, 0x24, 0x33,
    0x33, 0xf8, 0x33, 0x33, 0x40, 0x0, 0x0, 0x0,
    0xe, 0x60, 0x0, 0x0, 0x0, 0x0, 0x0, 0x0,
    0xe6, 0x0, 0x0, 0x0, 0x0, 0x33, 0x33, 0x3f,
    0x83, 0x33, 0x41, 0x0, 0xa, 0xdd, 0xdd, 0xfe,
    0xdd, 0xde, 0x30, 0x0, 0x0, 0x0, 0xe, 0x60,
    0x0, 0x0, 0x0, 0x0, 0x0, 0x0, 0xe6, 0x0,
    0x0, 0x0, 0x0, 0x0, 0x0, 0xe, 0x60, 0x0,
    0x0, 0x1, 0x33, 0x22, 0x22, 0xe7, 0x22, 0x22,
    0x33, 0x4e, 0xee, 0xee, 0xee, 0xee, 0xee, 0xee,
    0xe0,

    /* U+4EE4 "令" */
    0x0, 0x0, 0x0, 0x1, 0x0, 0x0, 0x0, 0x0,
    0x0, 0x0, 0x0, 0x5f, 0x50, 0x0, 0x0, 0x0,
    0x0, 0x0, 0x1, 0xef, 0xc0, 0x0, 0x0, 0x0,
    0x0, 0x0, 0xb, 0xd2, 0xcb, 0x10, 0x0, 0x0,
    0x0, 0x0, 0xbe, 0x20, 0x1d, 0xd3, 0x0, 0x0,
    0x0, 0x1c, 0xe2, 0x69, 0x0, 0xbf, 0x91, 0x0,
    0x5, 0xed, 0x20, 0x5f, 0x80, 0x7, 0xff, 0x91,
    0x6f, 0xa0, 0x0, 0x7, 0xb0, 0x0, 0x2b, 0xb0,
    0x3, 0x33, 0x33, 0x33, 0x33, 0x33, 0x30, 0x0,
    0x0, 0xcf, 0xff, 0xff, 0xff, 0xff, 0xf3, 0x0,
    0x0, 0x0, 0x0, 0x0, 0x0, 0xaf, 0x80, 0x0,
    0x0, 0x0, 0x0, 0x0, 0xb, 0xe3, 0x0, 0x0,
    0x0, 0x0, 0x4f, 0x71, 0xbd, 0x20, 0x0, 0x0,
    0x0, 0x0, 0x7, 0xef, 0xe1, 0x0, 0x0, 0x0,
    0x0, 0x0, 0x0, 0x8, 0xfc, 0x10, 0x0, 0x0,
    0x0, 0x0, 0x0, 0x0, 0x3a, 0x0, 0x0, 0x0,

    /* U+4EF6 "件" */
    0x0, 0x0, 0x10, 0x0, 0x0, 0x0, 0x0, 0x0,
    0x0, 0x2, 0xf2, 0x0, 0x4, 0xf0, 0x0, 0x0,
    0x0, 0x8, 0xc0, 0x46, 0x4, 0xf0, 0x0, 0x0,
    0x0, 0x1f, 0x50, 0x9c, 0x4, 0xf0, 0x0, 0x0,
    0x0, 0x8f, 0x10, 0xd9, 0x36, 0xf3, 0x33, 0x10,
    0x2, 0xff, 0x13, 0xfd, 0xde, 0xfd, 0xde, 0x40,
    0xd, 0xbf, 0x1b, 0xa0, 0x4, 0xf0, 0x0, 0x0,
    0x3c, 0x2f, 0x2c, 0x20, 0x4, 0xf0, 0x0, 0x0,
    0x0, 0x2f, 0x10, 0x0, 0x4, 0xf0, 0x0, 0x0,
    0x0, 0x2f, 0x4f, 0xff, 0xff, 0xff, 0xff, 0xf4,
    0x0, 0x2f, 0x11, 0x11, 0x14, 0xf1, 0x11, 0x10,
    0x0, 0x2f, 0x10, 0x0, 0x4, 0xf0, 0x0, 0x0,
    0x0, 0x2f, 0x10, 0x0, 0x4, 0xf0, 0x0, 0x0,
    0x0, 0x2f, 0x10, 0x0, 0x4, 0xf0, 0x0, 0x0,
    0x0, 0x2f, 0x10, 0x0, 0x4, 0xf0, 0x0, 0x0,
    0x0, 0x1, 0x0, 0x0, 0x0, 0x0, 0x0, 0x0,

    /* U+4EFB "任" */
    0x0, 0x0, 0xa6, 0x0, 0x0, 0x0, 0x0, 0x0,
    0x0, 0x2, 0xf5, 0x0, 0x0, 0x36, 0x9c, 0x0,
    0x0, 0xa, 0xb0, 0x9c, 0xef, 0xfc, 0x96, 0x10,
    0x0, 0x3f, 0x30, 0x45, 0x36, 0xe0, 0x0, 0x0,
    0x0, 0xcf, 0x20, 0x0, 0x5, 0xe0, 0x0, 0x0,
    0x7, 0xef, 0x20, 0x0, 0x5, 0xe0, 0x0, 0x0,
    0x3f, 0x5f, 0x22, 0x22, 0x26, 0xe2, 0x22, 0x31,
    0x3, 0x2f, 0x2d, 0xee, 0xee, 0xfe, 0xee, 0xf4,
    0x0, 0x2f, 0x20, 0x0, 0x5, 0xe0, 0x0, 0x0,
    0x0, 0x2f, 0x20, 0x0, 0x5, 0xe0, 0x0, 0x0,
    0x0, 0x2f, 0x20, 0x0, 0x5, 0xe0, 0x0, 0x0,
    0x0, 0x2f, 0x20, 0x0, 0x5, 0xe0, 0x0, 0x0,
    0x0, 0x2f, 0x22, 0xfe, 0xee, 0xfe, 0xee, 0xb0,
    0x0, 0x2f, 0x20, 0x32, 0x22, 0x22, 0x22, 0x20,
    0x0, 0x2f, 0x20, 0x0, 0x0, 0x0, 0x0, 0x0,

    /* U+4F4D "位" */
    0x0, 0x6, 0x91, 0x0, 0x3c, 0x0, 0x0, 0x0,
    0x0, 0xb, 0xd0, 0x0, 0x1e, 0x80, 0x0, 0x0,
    0x0, 0x1f, 0x60, 0x11, 0x17, 0x71, 0x11, 0x10,
    0x0, 0x7f, 0x25, 0xff, 0xff, 0xff, 0xff, 0xc0,
    0x0, 0xef, 0x10, 0x0, 0x0, 0x0, 0x0, 0x0,
    0x8, 0xff, 0x10, 0x36, 0x0, 0x5, 0xc2, 0x0,
    0x3f, 0x7f, 0x10, 0x6f, 0x0, 0x9, 0xe0, 0x0,
    0x19, 0x2f, 0x10, 0x1f, 0x40, 0xc, 0xa0, 0x0,
    0x0, 0x2f, 0x10, 0xb, 0x90, 0xf, 0x50, 0x0,
    0x0, 0x2f, 0x10, 0x6, 0xe0, 0x3f, 0x10, 0x0,
    0x0, 0x2f, 0x10, 0x2, 0xf2, 0x6d, 0x0, 0x0,
    0x0, 0x2f, 0x10, 0x0, 0x40, 0xb9, 0x0, 0x0,
    0x0, 0x2f, 0x1e, 0xff, 0xff, 0xff, 0xff, 0xf3,
    0x0, 0x2f, 0x13, 0x22, 0x22, 0x22, 0x22, 0x30,
    0x0, 0x3f, 0x10, 0x0, 0x0, 0x0, 0x0, 0x0,

    /* U+4F4E "低" */
    0x0, 0x0, 0x0, 0x0, 0x0, 0x0, 0x0, 0x0,
    0x0, 0x7, 0xc0, 0x0, 0x0, 0x0, 0x32, 0x0,
    0x0, 0xb, 0x91, 0x56, 0x79, 0xbe, 0xfb, 0x0,
    0x0, 0x1f, 0x33, 0xf9, 0x89, 0xe2, 0x0, 0x0,
    0x0, 0x7f, 0x3, 0xf0, 0x3, 0xe0, 0x0, 0x0,
    0x0, 0xef, 0x3, 0xf0, 0x3, 0xe0, 0x0, 0x0,
    0x7, 0xef, 0x3, 0xf1, 0x13, 0xf1, 0x12, 0x10,
    0x2f, 0x7f, 0x3, 0xfe, 0xee, 0xfe, 0xee, 0x90,
    0x7, 0x3f, 0x3, 0xf0, 0x0, 0xe3, 0x0, 0x0,
    0x0, 0x3f, 0x3, 0xf0, 0x0, 0xc5, 0x0, 0x0,
    0x0, 0x3f, 0x3, 0xf0, 0x0, 0x98, 0x0, 0x0,
    0x0, 0x3f, 0x3, 0xf0, 0x82, 0x5d, 0x0, 0x0,
    0x0, 0x3f, 0x3, 0xf8, 0xe2, 0xf, 0x40, 0x50,
    0x0, 0x3f, 0x4, 0xfe, 0x73, 0x9, 0xd0, 0xf3,
    0x0, 0x3f, 0x5, 0xe2, 0x8e, 0x10, 0xde, 0xe0,
    0x0, 0x3f, 0x0, 0x10, 0xa, 0x30, 0x18, 0x30,

    /* U+4F53 "体" */
    0x0, 0x6, 0x90, 0x0, 0xe, 0x40, 0x0, 0x0,
    0x0, 0xb, 0x80, 0x0, 0xd, 0x40, 0x0, 0x0,
    0x0, 0x1f, 0x30, 0x0, 0xd, 0x40, 0x0, 0x0,
    0x0, 0x7f, 0xe, 0xdd, 0xdf, 0xed, 0xdd, 0xb0,
    0x0, 0xee, 0x3, 0x24, 0xfe, 0xe8, 0x22, 0x20,
    0x7, 0xfe, 0x0, 0x6, 0xcd, 0xac, 0x0, 0x0,
    0x1f, 0x7e, 0x0, 0xc, 0x7d, 0x5e, 0x40, 0x0,
    0x5, 0x3e, 0x0, 0x5e, 0xd, 0x47, 0xd0, 0x0,
    0x0, 0x3e, 0x2, 0xf6, 0xd, 0x40, 0xcb, 0x0,
    0x0, 0x3e, 0x3e, 0xa0, 0xd, 0x40, 0x1e, 0xd2,
    0x0, 0x3e, 0x9a, 0x3d, 0xcf, 0xdc, 0x81, 0x80,
    0x0, 0x3e, 0x0, 0x14, 0x3e, 0x63, 0x20, 0x0,
    0x0, 0x3e, 0x0, 0x0, 0xe, 0x40, 0x0, 0x0,
    0x0, 0x3e, 0x0, 0x0, 0xe, 0x50, 0x0, 0x0,

    /* U+4F59 "余" */
    0x0, 0x0, 0x0, 0x3, 0x0, 0x0, 0x0, 0x0,
    0x0, 0x0, 0x0, 0x7f, 0x70, 0x0, 0x0, 0x0,
    0x0, 0x0, 0x2, 0xfb, 0xe2, 0x0, 0x0, 0x0,
    0x0, 0x0, 0x1d, 0xc0, 0x7e, 0x50, 0x0, 0x0,
    0x0, 0x1, 0xcd, 0x10, 0x6, 0xfb, 0x40, 0x0,
    0x0, 0x4e, 0xd1, 0x0, 0x0, 0x3c, 0xfe, 0x90,
    0x1a, 0xfb, 0xad, 0xdd, 0xdd, 0xe1, 0x5c, 0x60,
    0x9, 0x60, 0x23, 0x3e, 0x83, 0x40, 0x0, 0x0,
    0x0, 0x0, 0x0, 0xd, 0x60, 0x0, 0x0, 0x0,
    0x0, 0x65, 0x55, 0x5e, 0x95, 0x55, 0x61, 0x0,
    0x0, 0xcc, 0xcc, 0xcf, 0xdc, 0xcc, 0xc2, 0x0,
    0x0, 0x0, 0x30, 0xd, 0x60, 0x61, 0x0, 0x0,
    0x0, 0x7, 0xf4, 0xd, 0x60, 0xad, 0x10, 0x0,
    0x0, 0xaf, 0x60, 0xd, 0x60, 0xb, 0xe2, 0x0,
    0x9, 0xe3, 0x2, 0xaf, 0x50, 0x0, 0xd6, 0x0,
    0x0, 0x10, 0x0, 0xb9, 0x10, 0x0, 0x0, 0x0,

    /* U+4FDD "保" */
    0x0, 0x2, 0x60, 0x0, 0x0, 0x0, 0x0, 0x0,
    0x0, 0x7, 0xc0, 0x4f, 0xff, 0xff, 0xf5, 0x0,
    0x0, 0xd, 0x50, 0x3e, 0x0, 0x0, 0xd4, 0x0,
    0x0, 0x5f, 0x0, 0x3e, 0x0, 0x0, 0xd4, 0x0,
    0x0, 0xdf, 0x0, 0x4f, 0xdd, 0xdd, 0xf4, 0x0,
    0x8, 0xdf, 0x0, 0x2, 0x2d, 0x72, 0x20, 0x0,
    0x4f, 0x4f, 0x0, 0x0, 0xd, 0x50, 0x0, 0x0,
    0x4, 0x2f, 0x3d, 0xdd, 0xdf, 0xed, 0xdd, 0xb0,
    0x0, 0x2f, 0x4, 0x34, 0xee, 0xf9, 0x33, 0x30,
    0x0, 0x2f, 0x0, 0xa, 0x7d, 0x8e, 0x20, 0x0,
    0x0, 0x2f, 0x0, 0x7c, 0xd, 0x57, 0xe2, 0x0,
    0x0, 0x2f, 0x8, 0xe1, 0xd, 0x50, 0x9f, 0x90,
    0x0, 0x2f, 0x3c, 0x20, 0xd, 0x50, 0x6, 0x80,
    0x0, 0x2f, 0x0, 0x0, 0xd, 0x60, 0x0, 0x0,

    /* U+505C "停" */
    0x0, 0x2, 0x0, 0x0, 0x2, 0x20, 0x0, 0x0,
    0x0, 0xb, 0xa0, 0x0, 0xb, 0xb0, 0x0, 0x0,
    0x0, 0xf, 0x39, 0xee, 0xee, 0xfe, 0xee, 0xe1,
    0x0, 0x6f, 0x1, 0x11, 0x11, 0x11, 0x11, 0x10,
    0x0, 0xde, 0x0, 0x9f, 0xff, 0xff, 0xf7, 0x0,
    0x5, 0xfe, 0x0, 0x98, 0x0, 0x0, 0x97, 0x0,
    0xe, 0x9e, 0x0, 0x9e, 0xcc, 0xcc, 0xe7, 0x0,
    0x2d, 0x3e, 0x0, 0x23, 0x33, 0x33, 0x31, 0x0,
    0x0, 0x2e, 0x2f, 0xff, 0xff, 0xff, 0xff, 0xf4,
    0x0, 0x2e, 0x2e, 0x0, 0x0, 0x0, 0x0, 0xc4,
    0x0, 0x2e, 0x1, 0x7e, 0xee, 0xee, 0xe9, 0x10,
    0x0, 0x2e, 0x0, 0x0, 0x5, 0xc0, 0x0, 0x0,
    0x0, 0x2e, 0x0, 0x0, 0x5, 0xc0, 0x0, 0x0,
    0x0, 0x2f, 0x0, 0x0, 0x27, 0xc0, 0x0, 0x0,
    0x0, 0x3f, 0x0, 0x0, 0xcf, 0x80, 0x0, 0x0,
    0x0, 0x0, 0x0, 0x0, 0x21, 0x0, 0x0, 0x0,

    /* U+5132 "儲" */
    0x0, 0x1, 0x0, 0x0, 0x0, 0x0, 0x0, 0x0,
    0x0, 0x8, 0xd0, 0x91, 0x0, 0x5, 0x90, 0x0,
    0x0, 0xd, 0x80, 0xc7, 0x0, 0x5, 0x90, 0x20,
    0x0, 0x3f, 0x30, 0x53, 0x2, 0xee, 0xf6, 0xe2,
    0x0, 0xae, 0x5e, 0xee, 0xe3, 0x37, 0xa8, 0xa0,
    0x3, 0xfd, 0x0, 0x0, 0x0, 0x5, 0x9e, 0x20,
    0xc, 0xcd, 0xf, 0xee, 0xca, 0xff, 0xff, 0xf6,
    0x1a, 0x4d, 0x1, 0x11, 0x10, 0x0, 0xc0, 0x0,
    0x0, 0x3d, 0xf, 0xff, 0xc0, 0x5, 0xeb, 0xb0,
    0x0, 0x3d, 0x1, 0x11, 0x10, 0xae, 0x25, 0xf0,
    0x0, 0x3d, 0x1a, 0xaa, 0xaa, 0xee, 0x3, 0xf0,
    0x0, 0x3d, 0x1f, 0x66, 0xe3, 0x3f, 0xee, 0xf0,
    0x0, 0x3d, 0x1f, 0x1, 0xe0, 0x3e, 0x3, 0xf0,
    0x0, 0x3d, 0x1f, 0xff, 0xe0, 0x3f, 0xdd, 0xf0,
    0x0, 0x3d, 0x1f, 0x1, 0xf0, 0x3e, 0x4, 0xf0,
    0x0, 0x3e, 0x1e, 0x0, 0x0, 0x4e, 0x0, 0x0,
    0x0, 0x1, 0x0, 0x0, 0x0, 0x0, 0x0, 0x0,

    /* U+5148 "先" */
    0x0, 0x0, 0x10, 0x7, 0x70, 0x0, 0x0, 0x0,
    0x0, 0x6, 0xf2, 0xa, 0x90, 0x0, 0x0, 0x0,
    0x0, 0xb, 0xa0, 0xa, 0x90, 0x0, 0x0, 0x0,
    0x0, 0x2f, 0xff, 0xff, 0xff, 0xff, 0xf4, 0x0,
    0x0, 0xad, 0x22, 0x2b, 0xa2, 0x23, 0x30, 0x0,
    0x1, 0xe5, 0x0, 0xa, 0x90, 0x0, 0x0, 0x0,
    0x4, 0x43, 0x33, 0x3b, 0xb3, 0x33, 0x34, 0x40,
    0x1e, 0xee, 0xef, 0xfe, 0xef, 0xee, 0xee, 0xf0,
    0x0, 0x0, 0xb, 0xa0, 0xe, 0x50, 0x0, 0x0,
    0x0, 0x0, 0xe, 0x70, 0xe, 0x50, 0x0, 0x0,
    0x0, 0x0, 0x6f, 0x20, 0xe, 0x50, 0x0, 0x0,
    0x0, 0x2, 0xe9, 0x0, 0xe, 0x50, 0x7, 0x70,
    0x0, 0x6f, 0xb0, 0x0, 0xe, 0x92, 0x2d, 0xb0,
    0x9, 0xf8, 0x0, 0x0, 0x8, 0xff, 0xfd, 0x30,
    0x0, 0x20, 0x0, 0x0, 0x0, 0x0, 0x0, 0x0,

    /* U+5149 "光" */
    0x0, 0x0, 0x0, 0xa, 0xc0, 0x0, 0x0, 0x0,
    0x0, 0x1, 0x0, 0xa, 0xb0, 0x0, 0x50, 0x0,
    0x0, 0x2f, 0x50, 0xa, 0xb0, 0x4, 0xf6, 0x0,
    0x0, 0xb, 0xf1, 0xa, 0xb0, 0xd, 0xa0, 0x0,
    0x0, 0x2, 0xf8, 0xa, 0xb0, 0x7e, 0x10, 0x0,
    0x0, 0x0, 0x30, 0xa, 0xb0, 0x1, 0x0, 0x0,
    0x1f, 0xff, 0xff, 0xff, 0xff, 0xff, 0xff, 0xf2,
    0x2, 0x11, 0x16, 0xe1, 0x3f, 0x31, 0x11, 0x20,
    0x0, 0x0, 0x7, 0xd0, 0x2f, 0x20, 0x0, 0x0,
    0x0, 0x0, 0xb, 0xa0, 0x2f, 0x20, 0x0, 0x0,
    0x0, 0x0, 0x2f, 0x50, 0x2f, 0x20, 0x0, 0x0,
    0x0, 0x1, 0xdc, 0x0, 0x2f, 0x20, 0x5, 0xa1,
    0x1, 0x7f, 0xd1, 0x0, 0x1f, 0x61, 0x2a, 0xe0,
    0x2f, 0xf8, 0x0, 0x0, 0xb, 0xff, 0xfe, 0x50,
    0x4, 0x10, 0x0, 0x0, 0x0, 0x0, 0x0, 0x0,

    /* U+5165 "入" */
    0x0, 0x0, 0x8, 0x10, 0x0, 0x0, 0x0, 0x0,
    0x0, 0x0, 0x3e, 0xd1, 0x0, 0x0, 0x0, 0x0,
    0x0, 0x0, 0x1, 0xdd, 0x10, 0x0, 0x0, 0x0,
    0x0, 0x0, 0x0, 0x1e, 0xa0, 0x0, 0x0, 0x0,
    0x0, 0x0, 0x0, 0xb, 0xf2, 0x0, 0x0, 0x0,
    0x0, 0x0, 0x0, 0x2f, 0xda, 0x0, 0x0, 0x0,
    0x0, 0x0, 0x0, 0xab, 0x5f, 0x10, 0x0, 0x0,
    0x0, 0x0, 0x3, 0xf4, 0xe, 0x80, 0x0, 0x0,
    0x0, 0x0, 0xc, 0xb0, 0x7, 0xf1, 0x0, 0x0,
    0x0, 0x0, 0x8f, 0x20, 0x0, 0xeb, 0x0, 0x0,
    0x0, 0x5, 0xf6, 0x0, 0x0, 0x6f, 0xa0, 0x0,
    0x0, 0x6f, 0x80, 0x0, 0x0, 0x9, 0xfc, 0x20,
    0x1a, 0xf9, 0x0, 0x0, 0x0, 0x0, 0x9f, 0xe1,
    0xc, 0x70, 0x0, 0x0, 0x0, 0x0, 0x7, 0x50,
    0x0, 0x0, 0x0, 0x0, 0x0, 0x0, 0x0, 0x0,

    /* U+5168 "全" */
    0x0, 0x0, 0x0, 0x7, 0x70, 0x0, 0x0, 0x0,
    0x0, 0x0, 0x0, 0x3f, 0xf2, 0x0, 0x0, 0x0,
    0x0, 0x0, 0x1, 0xda, 0x6d, 0x10, 0x0, 0x0,
    0x0, 0x0, 0x1d, 0xd1, 0xb, 0xd2, 0x0, 0x0,
    0x0, 0x3, 0xdd, 0x10, 0x0, 0xbf, 0x80, 0x0,
    0x2, 0xaf, 0xc2, 0x11, 0x11, 0x18, 0xff, 0xa2,
    0xb, 0xd5, 0xff, 0xff, 0xff, 0xff, 0xa7, 0xd0,
    0x1, 0x0, 0x0, 0x5, 0xe0, 0x0, 0x0, 0x0,
    0x0, 0x0, 0x0, 0x5, 0xe0, 0x0, 0x0, 0x0,
    0x0, 0xd, 0xff, 0xff, 0xff, 0xff, 0xf6, 0x0,
    0x0, 0x1, 0x0, 0x5, 0xe0, 0x0, 0x10, 0x0,
    0x0, 0x0, 0x0, 0x5, 0xe0, 0x0, 0x0, 0x0,
    0x0, 0x11, 0x11, 0x15, 0xe1, 0x11, 0x11, 0x10,
    0x3, 0xff, 0xff, 0xff, 0xff, 0xff, 0xff, 0x60,
    0x0, 0x0, 0x0, 0x0, 0x0, 0x0, 0x0, 0x0,

    /* U+5173 "关" */
    0x0, 0x0, 0x0, 0x0, 0x0, 0x0, 0x0, 0x0,
    0x8, 0x70, 0x0, 0x3d, 0x20, 0x0, 0x0, 0x5,
    0xf3, 0x0, 0x9d, 0x0, 0x0, 0x0, 0x0, 0xb6,
    0x0, 0xf5, 0x0, 0x0, 0xc, 0xcc, 0xcc, 0xcd,
    0xfc, 0xcc, 0x80, 0x5, 0x44, 0x44, 0xe7, 0x44,
    0x44, 0x30, 0x0, 0x0, 0x0, 0xe4, 0x0, 0x0,
    0x0, 0x0, 0x0, 0x0, 0xe4, 0x0, 0x0, 0x0,
    0x11, 0x11, 0x11, 0xe6, 0x22, 0x22, 0x31, 0xae,
    0xee, 0xee, 0xff, 0xee, 0xee, 0xe7, 0x0, 0x0,
    0x5, 0xfe, 0x10, 0x0, 0x0, 0x0, 0x0, 0x1d,
    0x8b, 0xc1, 0x0, 0x0, 0x0, 0x1, 0xcc, 0x1,
    0xdd, 0x30, 0x0, 0x0, 0x6e, 0xb1, 0x0, 0x1c,
    0xfb, 0x51, 0x7e, 0xe6, 0x0, 0x0, 0x0, 0x7e,
    0xf7, 0x27, 0x0, 0x0, 0x0, 0x0, 0x0, 0x50,

    /* U+5199 "写" */
    0x6f, 0xff, 0xff, 0xff, 0xff, 0xff, 0xfe, 0x5d,
    0x12, 0x21, 0x11, 0x11, 0x11, 0x6d, 0x6d, 0xa,
    0xb0, 0x0, 0x0, 0x0, 0x4b, 0x1, 0xb, 0x91,
    0x11, 0x11, 0x12, 0x0, 0x0, 0xc, 0xfe, 0xee,
    0xee, 0xed, 0x0, 0x0, 0xd, 0x60, 0x0, 0x0,
    0x0, 0x0, 0x0, 0xf, 0x51, 0x11, 0x11, 0x11,
    0x10, 0x0, 0xe, 0xee, 0xee, 0xee, 0xef, 0xf0,
    0x0, 0x0, 0x0, 0x0, 0x0, 0x6, 0xe0, 0x4,
    0x33, 0x33, 0x33, 0x33, 0x6, 0xd0, 0x3e, 0xdd,
    0xdd, 0xdd, 0xda, 0x8, 0xc0, 0x0, 0x0, 0x0,
    0x0, 0x0, 0xb, 0x90, 0x0, 0x0, 0x0, 0x0,
    0x3a, 0xdf, 0x40, 0x0, 0x0, 0x0, 0x0, 0x9,
    0x72, 0x0,

    /* U+51B7 "冷" */
    0x0, 0x0, 0x0, 0x0, 0x0, 0x0, 0x0, 0x0,
    0x0, 0x0, 0x0, 0x0, 0x1d, 0x30, 0x0, 0x0,
    0x3, 0x40, 0x0, 0x0, 0x6f, 0x60, 0x0, 0x0,
    0x8, 0xf3, 0x0, 0x0, 0xe9, 0xf2, 0x0, 0x0,
    0x0, 0xae, 0x20, 0x9, 0xc0, 0x8d, 0x10, 0x0,
    0x0, 0xb, 0x40, 0x6f, 0x25, 0xa, 0xe3, 0x0,
    0x0, 0x0, 0x6, 0xf4, 0x2f, 0x50, 0xaf, 0x81,
    0x0, 0x4, 0x5f, 0x40, 0x6, 0xf1, 0x7, 0xd1,
    0x0, 0xe, 0x63, 0x32, 0x22, 0x62, 0x22, 0x0,
    0x0, 0x6e, 0x7, 0xee, 0xee, 0xee, 0xfa, 0x0,
    0x0, 0xd6, 0x0, 0x0, 0x0, 0x9, 0xd0, 0x0,
    0x8, 0xe0, 0x0, 0x6, 0x20, 0x5f, 0x20, 0x0,
    0x2f, 0x70, 0x0, 0xa, 0xf6, 0xf6, 0x0, 0x0,
    0x19, 0x0, 0x0, 0x0, 0x7f, 0xc0, 0x0, 0x0,
    0x0, 0x0, 0x0, 0x0, 0x4, 0xfa, 0x0, 0x0,
    0x0, 0x0, 0x0, 0x0, 0x0, 0x35, 0x0, 0x0,

    /* U+51FA "出" */
    0x0, 0x0, 0x0, 0xf5, 0x0, 0x0, 0x0, 0x11,
    0x0, 0xe, 0x40, 0x0, 0x10, 0x9, 0xa0, 0x0,
    0xe4, 0x0, 0xf, 0x40, 0x99, 0x0, 0xe, 0x40,
    0x0, 0xe4, 0x9, 0x90, 0x0, 0xe4, 0x0, 0xe,
    0x40, 0x9a, 0x22, 0x2e, 0x62, 0x22, 0xe4, 0x8,
    0xee, 0xee, 0xfe, 0xee, 0xee, 0x40, 0x10, 0x0,
    0xe, 0x40, 0x0, 0x0, 0x4f, 0x0, 0x0, 0xe4,
    0x0, 0x6, 0xd4, 0xf0, 0x0, 0xe, 0x40, 0x0,
    0x5d, 0x4f, 0x0, 0x0, 0xe4, 0x0, 0x5, 0xd4,
    0xf0, 0x0, 0xe, 0x40, 0x0, 0x5d, 0x4f, 0xcc,
    0xcc, 0xfd, 0xcc, 0xcd, 0xd1, 0x44, 0x44, 0x44,
    0x44, 0x44, 0x8d, 0x0, 0x0, 0x0, 0x0, 0x0,
    0x5, 0xd0,

    /* U+5206 "分" */
    0x0, 0x0, 0x0, 0x0, 0x0, 0x0, 0x0, 0x0,
    0x0, 0x7, 0x30, 0x1d, 0x20, 0x0, 0x0, 0x0,
    0x2, 0xf6, 0x0, 0xca, 0x0, 0x0, 0x0, 0x0,
    0x9d, 0x0, 0x3, 0xf5, 0x0, 0x0, 0x0, 0x3f,
    0x50, 0x0, 0x9, 0xf2, 0x0, 0x0, 0xd, 0xa0,
    0x0, 0x0, 0xc, 0xf4, 0x0, 0xb, 0xe1, 0x0,
    0x0, 0x0, 0xb, 0xf9, 0x1a, 0xf7, 0xff, 0xff,
    0xff, 0xff, 0x78, 0xd1, 0x23, 0x14, 0x4f, 0x73,
    0x33, 0xe6, 0x0, 0x0, 0x0, 0x2, 0xf2, 0x0,
    0xf, 0x40, 0x0, 0x0, 0x0, 0x6e, 0x0, 0x1,
    0xf2, 0x0, 0x0, 0x0, 0xd, 0x90, 0x0, 0x3f,
    0x0, 0x0, 0x0, 0xb, 0xe1, 0x0, 0x5, 0xf0,
    0x0, 0x0, 0x4c, 0xe2, 0x0, 0x37, 0xdb, 0x0,
    0x0, 0x3f, 0xb1, 0x0, 0x3, 0xeb, 0x20, 0x0,
    0x0, 0x10, 0x0, 0x0, 0x0, 0x0, 0x0, 0x0,

    /* U+5207 "切" */
    0x0, 0x1f, 0x10, 0x14, 0x33, 0x33, 0x33, 0x10,
    0x1, 0xf1, 0x5, 0xdc, 0xfe, 0xcc, 0xe8, 0x0,
    0x1f, 0x10, 0x0, 0xc, 0x70, 0xb, 0x70, 0x1,
    0xf1, 0x23, 0x0, 0xc7, 0x0, 0xc6, 0x2b, 0xdf,
    0xfe, 0x90, 0xd, 0x60, 0xc, 0x61, 0x75, 0xf1,
    0x0, 0x0, 0xe5, 0x0, 0xd5, 0x0, 0x1f, 0x10,
    0x0, 0xf, 0x20, 0xe, 0x40, 0x1, 0xf1, 0x0,
    0x4, 0xf0, 0x0, 0xf4, 0x0, 0x1f, 0x16, 0xc0,
    0xaa, 0x0, 0xf, 0x30, 0x1, 0xfb, 0xe5, 0x2f,
    0x40, 0x0, 0xf2, 0x0, 0x7f, 0xa1, 0xb, 0xc0,
    0x0, 0x1f, 0x10, 0x1, 0x60, 0xa, 0xe1, 0x0,
    0x17, 0xf0, 0x0, 0x0, 0xc, 0xe3, 0x0, 0x5f,
    0xfb, 0x0, 0x0, 0x0, 0x43, 0x0, 0x0, 0x63,
    0x0,

    /* U+5217 "列" */
    0x1f, 0xff, 0xff, 0xff, 0xf8, 0x0, 0x6, 0xf0,
    0x0, 0x3, 0xf3, 0x0, 0x0, 0x79, 0x5, 0xf0,
    0x0, 0x6, 0xf0, 0x0, 0x0, 0xac, 0x5, 0xe0,
    0x0, 0xc, 0xfa, 0xaa, 0x50, 0x9c, 0x5, 0xe0,
    0x0, 0x2f, 0x85, 0x5e, 0x60, 0x9c, 0x5, 0xe0,
    0x0, 0xbd, 0x0, 0xf, 0x30, 0x9c, 0x5, 0xe0,
    0x6, 0xf6, 0x70, 0x4f, 0x0, 0x9c, 0x5, 0xe0,
    0xd, 0xa3, 0xeb, 0xab, 0x0, 0x9c, 0x5, 0xe0,
    0x1, 0x0, 0x2d, 0xf5, 0x0, 0xac, 0x5, 0xe0,
    0x0, 0x0, 0xb, 0xd0, 0x0, 0xac, 0x5, 0xe0,
    0x0, 0x0, 0x9f, 0x30, 0x0, 0x0, 0x5, 0xe0,
    0x0, 0x2c, 0xf4, 0x0, 0x0, 0x0, 0x6, 0xe0,
    0x7, 0xfe, 0x30, 0x0, 0x0, 0x1, 0xef, 0xc0,
    0x1, 0x80, 0x0, 0x0, 0x0, 0x0, 0x76, 0x10,

    /* U+5220 "删" */
    0x0, 0x0, 0x0, 0x0, 0x0, 0x0, 0x4, 0xf0,
    0xf, 0xff, 0x44, 0xff, 0xf0, 0x31, 0x3e, 0x0,
    0xf1, 0xd3, 0x4d, 0x1f, 0xe, 0x53, 0xe0, 0xf,
    0x1d, 0x33, 0xd1, 0xf0, 0xd4, 0x3e, 0x0, 0xf1,
    0xd3, 0x3d, 0x1f, 0xd, 0x43, 0xe0, 0x1f, 0x1d,
    0x44, 0xd1, 0xf1, 0xd4, 0x3e, 0x3f, 0xff, 0xff,
    0xff, 0xff, 0xdd, 0x43, 0xe0, 0xf, 0xd, 0x33,
    0xd1, 0xf0, 0xd4, 0x3e, 0x1, 0xf0, 0xd3, 0x3d,
    0x1f, 0xd, 0x43, 0xe0, 0x2f, 0xd, 0x34, 0xc1,
    0xf0, 0xd4, 0x3e, 0x4, 0xd0, 0xd3, 0x5b, 0x1f,
    0xd, 0x53, 0xe0, 0x7a, 0xd, 0x38, 0xa1, 0xf0,
    0x0, 0x3e, 0xc, 0x50, 0xd3, 0xd7, 0x1f, 0x0,
    0x3, 0xe4, 0xf0, 0xaf, 0x7f, 0x29, 0xf0, 0x9,
    0xbd, 0x4, 0x4, 0x40, 0x0, 0x74, 0x0, 0x8a,
    0x30,

    /* U+522A "刪" */
    0x0, 0x0, 0x0, 0x0, 0x0, 0x0, 0x4, 0xf0,
    0x9f, 0xff, 0xff, 0xff, 0xf2, 0x33, 0x3e, 0x8,
    0x80, 0xf0, 0x97, 0xf, 0x29, 0x93, 0xe0, 0x88,
    0xf, 0x9, 0x70, 0xf1, 0x98, 0x3e, 0x8, 0x80,
    0xf0, 0x97, 0xf, 0x19, 0x83, 0xe1, 0x9a, 0x3f,
    0x3a, 0x93, 0xf4, 0x98, 0x3e, 0x5f, 0xfe, 0xfe,
    0xfe, 0xef, 0xd9, 0x83, 0xe0, 0x88, 0xf, 0x9,
    0x70, 0xf1, 0x98, 0x3e, 0x8, 0x80, 0xf0, 0x97,
    0xf, 0x19, 0x83, 0xe0, 0x88, 0xf, 0x9, 0x70,
    0xf1, 0x98, 0x3e, 0x8, 0x80, 0xf0, 0x97, 0xf,
    0x1a, 0x93, 0xe0, 0x88, 0xf, 0x9, 0x70, 0xf1,
    0x0, 0x3e, 0x8, 0x80, 0xb0, 0x86, 0xf, 0x10,
    0x3, 0xe0, 0x88, 0x0, 0x0, 0x49, 0xf1, 0x9,
    0xce, 0x9, 0x80, 0x0, 0x5, 0xfb, 0x0, 0xae,
    0x70, 0x0, 0x0, 0x0, 0x0, 0x0, 0x0, 0x0,

    /* U+5230 "到" */
    0x0, 0x0, 0x0, 0x0, 0x0, 0x0, 0xf, 0x60,
    0xef, 0xff, 0xff, 0xff, 0x10, 0x0, 0xe6, 0x1,
    0x13, 0xe4, 0x11, 0x10, 0xe5, 0xe, 0x50, 0x0,
    0xad, 0x16, 0x90, 0xe, 0x40, 0xe5, 0x0, 0x6e,
    0x10, 0x4f, 0x40, 0xe4, 0xe, 0x50, 0xaf, 0xa7,
    0x89, 0xee, 0x1e, 0x40, 0xe5, 0x9, 0xca, 0xdd,
    0x75, 0xc3, 0xe4, 0xe, 0x50, 0x0, 0xa, 0xb0,
    0x0, 0xe, 0x40, 0xe5, 0x3, 0x55, 0xbc, 0x55,
    0x40, 0xe4, 0xe, 0x50, 0x7b, 0xae, 0xea, 0xb8,
    0xe, 0x40, 0xe5, 0x0, 0x0, 0xab, 0x0, 0x0,
    0xf4, 0xe, 0x50, 0x0, 0xa, 0xb2, 0x47, 0x22,
    0x0, 0xe5, 0x19, 0xbc, 0xff, 0xfd, 0xb2, 0x0,
    0xf, 0x50, 0xca, 0x74, 0x20, 0x0, 0x0, 0xae,
    0xf3, 0x0, 0x0, 0x0, 0x0, 0x0, 0x5, 0x73,
    0x0,

    /* U+5236 "制" */
    0x0, 0x0, 0xf7, 0x0, 0x0, 0x0, 0xd, 0x50,
    0x8b, 0xe, 0x60, 0x0, 0x0, 0x0, 0xe5, 0xd,
    0xc6, 0xfa, 0x66, 0x60, 0xc4, 0xe, 0x54, 0xf9,
    0x9f, 0xc9, 0x99, 0xe, 0x40, 0xe5, 0x48, 0x0,
    0xe6, 0x0, 0x0, 0xe4, 0xe, 0x56, 0x99, 0x9f,
    0xb9, 0x99, 0x2e, 0x40, 0xe5, 0x46, 0x66, 0xfa,
    0x66, 0x61, 0xe4, 0xe, 0x50, 0x0, 0xe, 0x60,
    0x0, 0xe, 0x40, 0xe5, 0xd, 0xee, 0xfe, 0xee,
    0xe0, 0xe4, 0xe, 0x50, 0xe6, 0x1e, 0x71, 0x5f,
    0xf, 0x40, 0xe5, 0xe, 0x50, 0xe6, 0x4, 0xf0,
    0xf4, 0xe, 0x50, 0xe5, 0xe, 0x63, 0xaf, 0x0,
    0x0, 0xe5, 0xf, 0x50, 0xe6, 0x5e, 0x80, 0x0,
    0x1f, 0x40, 0x0, 0xf, 0x60, 0x0, 0x0, 0x8e,
    0xa1, 0x0, 0x0, 0x0, 0x0, 0x0, 0x0, 0x0,
    0x0,

    /* U+5269 "剩" */
    0x0, 0x1, 0x24, 0x69, 0x90, 0x0, 0x5, 0xd0,
    0x1d, 0xdc, 0xfa, 0x76, 0x10, 0x0, 0x4c, 0x0,
    0x0, 0xe, 0x30, 0x0, 0xe, 0x44, 0xc0, 0xcf,
    0xee, 0xfe, 0xef, 0xe0, 0xe4, 0x4c, 0x1, 0x13,
    0x1e, 0x34, 0x21, 0xe, 0x44, 0xc0, 0x1, 0xf1,
    0xe3, 0xd5, 0x70, 0xe4, 0x4c, 0xc, 0xef, 0x1e,
    0x3d, 0xf9, 0x1e, 0x44, 0xc0, 0x3, 0xf1, 0xe3,
    0xd4, 0x31, 0xe4, 0x4c, 0x3c, 0xff, 0x1e, 0x4c,
    0xcf, 0x4e, 0x44, 0xc1, 0x51, 0x69, 0xff, 0x64,
    0x30, 0xe4, 0x4c, 0x0, 0x8, 0xde, 0x7f, 0x60,
    0x0, 0x4, 0xc0, 0xa, 0xd1, 0xe3, 0x3f, 0x80,
    0x0, 0x4c, 0xb, 0xc1, 0xe, 0x30, 0x42, 0x0,
    0x5a, 0xc0, 0x10, 0x0, 0xe3, 0x0, 0x0, 0xc,
    0xc4, 0x0, 0x0, 0x0, 0x0, 0x0, 0x0, 0x0,
    0x0,

    /* U+52A0 "加" */
    0x0, 0x3, 0xd3, 0x0, 0x0, 0x0, 0x0, 0x0,
    0x0, 0x3f, 0x10, 0x0, 0x0, 0x0, 0x0, 0x0,
    0x3, 0xf0, 0x0, 0x8, 0x99, 0x99, 0x20, 0x9e,
    0xef, 0xdd, 0xd4, 0xea, 0x88, 0xf3, 0x2, 0x37,
    0xe3, 0x3e, 0x4e, 0x40, 0xf, 0x30, 0x0, 0x6d,
    0x0, 0xf3, 0xd4, 0x0, 0xf3, 0x0, 0x7, 0xc0,
    0xf, 0x2d, 0x40, 0xf, 0x30, 0x0, 0x99, 0x1,
    0xf1, 0xd4, 0x0, 0xf3, 0x0, 0xc, 0x70, 0x1f,
    0xd, 0x40, 0xf, 0x30, 0x0, 0xf3, 0x2, 0xf0,
    0xd4, 0x0, 0xf3, 0x0, 0x5e, 0x0, 0x3e, 0xd,
    0x40, 0xf, 0x30, 0xd, 0x80, 0x4, 0xd0, 0xdf,
    0xff, 0xf3, 0x7, 0xf1, 0x17, 0xcb, 0xe, 0x74,
    0x4f, 0x31, 0xe7, 0x0, 0xdb, 0x20, 0xe4, 0x0,
    0xd3, 0x1, 0x0, 0x0, 0x0, 0x0, 0x0, 0x0,
    0x0,

    /* U+52A1 "务" */
    0x0, 0x0, 0x8, 0x60, 0x0, 0x0, 0x0, 0x0,
    0x0, 0x0, 0x2f, 0x92, 0x22, 0x22, 0x20, 0x0,
    0x0, 0x0, 0xcf, 0xdc, 0xcc, 0xdf, 0xa0, 0x0,
    0x0, 0xb, 0xdb, 0xb0, 0x0, 0xcd, 0x0, 0x0,
    0x0, 0xdd, 0x11, 0xda, 0x1b, 0xd1, 0x0, 0x0,
    0x0, 0x20, 0x0, 0x1e, 0xfb, 0x0, 0x0, 0x0,
    0x0, 0x1, 0x49, 0xed, 0x9f, 0xb6, 0x42, 0x10,
    0xc, 0xef, 0xe9, 0x3a, 0x31, 0x6b, 0xff, 0xe0,
    0x4, 0x51, 0x0, 0x1f, 0x30, 0x0, 0x2, 0x20,
    0x0, 0x7f, 0xff, 0xff, 0xff, 0xff, 0xf2, 0x0,
    0x0, 0x0, 0x0, 0x8c, 0x0, 0x3, 0xf1, 0x0,
    0x0, 0x0, 0x3, 0xf5, 0x0, 0x4, 0xf0, 0x0,
    0x0, 0x0, 0x7f, 0xa0, 0x0, 0x7, 0xe0, 0x0,
    0x4, 0xaf, 0xd6, 0x0, 0xa, 0xef, 0x90, 0x0,
    0x1, 0xb4, 0x0, 0x0, 0x3, 0x63, 0x0, 0x0,

    /* U+52A8 "动" */
    0x0, 0x0, 0x0, 0x0, 0x0, 0x75, 0x0, 0x0,
    0x0, 0x0, 0x0, 0x0, 0x0, 0xb9, 0x0, 0x0,
    0x5, 0xdd, 0xdd, 0xe4, 0x0, 0xb7, 0x0, 0x0,
    0x1, 0x43, 0x33, 0x42, 0x22, 0xb9, 0x22, 0x20,
    0x0, 0x0, 0x0, 0x6, 0xfe, 0xff, 0xee, 0xf2,
    0x14, 0x44, 0x44, 0x44, 0x0, 0xb7, 0x1, 0xf0,
    0x3b, 0xbe, 0xeb, 0xbb, 0x0, 0xc6, 0x2, 0xf0,
    0x0, 0xd, 0x50, 0x0, 0x0, 0xe4, 0x3, 0xf0,
    0x0, 0x3e, 0x4, 0x80, 0x0, 0xf2, 0x4, 0xe0,
    0x0, 0xa8, 0x2, 0xf3, 0x3, 0xf0, 0x4, 0xe0,
    0x3, 0xf1, 0x14, 0xdc, 0x8, 0xb0, 0x5, 0xd0,
    0xd, 0xff, 0xfc, 0xaf, 0x5e, 0x50, 0x6, 0xc0,
    0x4, 0x52, 0x0, 0x5, 0xbc, 0x0, 0x8, 0xb0,
    0x0, 0x0, 0x0, 0xa, 0xf2, 0x8, 0xbf, 0x70,
    0x0, 0x0, 0x0, 0x9, 0x40, 0x5, 0x84, 0x0,

    /* U+52D5 "動" */
    0x0, 0x0, 0x23, 0x6a, 0x10, 0x4a, 0x10, 0x0,
    0x4f, 0xfe, 0xfa, 0x98, 0x30, 0x4f, 0x0, 0x0,
    0x1, 0x3, 0xf0, 0x1, 0x0, 0x5e, 0x0, 0x0,
    0x8e, 0xee, 0xfe, 0xee, 0x48, 0xae, 0x77, 0x71,
    0x0, 0x2, 0xf0, 0x0, 0x7, 0xae, 0x77, 0xf2,
    0xe, 0xff, 0xff, 0xfe, 0x0, 0x7b, 0x1, 0xf1,
    0xd, 0x42, 0xf0, 0x4d, 0x0, 0x8a, 0x2, 0xf0,
    0xd, 0xff, 0xff, 0xfd, 0x0, 0xa9, 0x3, 0xf0,
    0xd, 0x53, 0xf1, 0x5d, 0x0, 0xc6, 0x3, 0xf0,
    0xc, 0xdd, 0xfd, 0xdc, 0x0, 0xe3, 0x4, 0xe0,
    0x2, 0x24, 0xf2, 0x33, 0x2, 0xf0, 0x5, 0xd0,
    0x3d, 0xcd, 0xfc, 0xcc, 0x7, 0xc0, 0x6, 0xd0,
    0x0, 0x2, 0xf2, 0x45, 0xe, 0x70, 0x9, 0xc0,
    0x4b, 0xce, 0xfd, 0xc9, 0xaf, 0x12, 0xff, 0x70,
    0x37, 0x42, 0x0, 0x0, 0x56, 0x0, 0x42, 0x0,

    /* U+52D9 "務" */
    0x0, 0x0, 0x0, 0x0, 0x0, 0x0, 0x0, 0x0,
    0x0, 0x0, 0x0, 0x0, 0x1e, 0x40, 0x0, 0x0,
    0xc, 0xff, 0xff, 0xf5, 0x8f, 0x43, 0x33, 0x0,
    0x1, 0x11, 0x1c, 0xb3, 0xff, 0xcc, 0xed, 0x0,
    0x0, 0x8c, 0xab, 0x1d, 0xcf, 0x41, 0xe5, 0x0,
    0x0, 0x9, 0xf2, 0x6, 0x15, 0xfd, 0x80, 0x0,
    0xc, 0xbb, 0xeb, 0xb1, 0x5, 0xff, 0x70, 0x0,
    0x4, 0x3e, 0xf6, 0xf4, 0xbf, 0x53, 0xdd, 0x70,
    0x0, 0x2f, 0xf7, 0xc8, 0x92, 0xe5, 0x8, 0xd0,
    0x0, 0x8b, 0xf1, 0x22, 0x33, 0xf6, 0x33, 0x10,
    0x1, 0xe4, 0xf0, 0x7, 0xed, 0xfd, 0xdf, 0x20,
    0xa, 0xa1, 0xf0, 0x0, 0x5, 0xd0, 0x1f, 0x20,
    0x5e, 0x11, 0xf0, 0x0, 0xb, 0x80, 0x1f, 0x10,
    0x3, 0x1, 0xf0, 0x0, 0x6f, 0x10, 0x2f, 0x0,
    0x0, 0x7c, 0xf0, 0x8, 0xf6, 0x8, 0xde, 0x0,
    0x0, 0x39, 0x40, 0xa, 0x50, 0x5, 0x83, 0x0,

    /* U+5355 "单" */
    0x0, 0x0, 0x0, 0x0, 0x0, 0x0, 0x0, 0x0,
    0x0, 0x6, 0x70, 0x0, 0x2d, 0x40, 0x0, 0x0,
    0x0, 0x2f, 0x20, 0x9, 0xe1, 0x0, 0x0, 0x0,
    0x11, 0x94, 0x12, 0xf7, 0x11, 0x0, 0x0, 0x2f,
    0xff, 0xff, 0xff, 0xff, 0xf3, 0x0, 0x2, 0xf1,
    0x0, 0xe4, 0x0, 0x1f, 0x30, 0x0, 0x2f, 0x54,
    0x4e, 0x74, 0x45, 0xf3, 0x0, 0x2, 0xfb, 0xbb,
    0xfc, 0xbb, 0xbf, 0x30, 0x0, 0x2f, 0x10, 0xe,
    0x40, 0x1, 0xf3, 0x0, 0x2, 0xff, 0xff, 0xff,
    0xff, 0xff, 0x30, 0x0, 0x0, 0x0, 0xe, 0x50,
    0x0, 0x0, 0x0, 0x43, 0x33, 0x33, 0xe7, 0x33,
    0x33, 0x33, 0x2e, 0xee, 0xee, 0xef, 0xee, 0xee,
    0xee, 0xb0, 0x0, 0x0, 0x0, 0xe4, 0x0, 0x0,
    0x0, 0x0, 0x0, 0x0, 0xe, 0x40, 0x0, 0x0,
    0x0, 0x0, 0x0, 0x0, 0xf5, 0x0, 0x0, 0x0,

    /* U+5370 "印" */
    0x0, 0x2, 0x6b, 0x0, 0x0, 0x0, 0x0, 0x3c,
    0xef, 0xca, 0x33, 0xff, 0xff, 0xf4, 0x4f, 0x10,
    0x0, 0x3, 0xf1, 0x11, 0xf4, 0x4f, 0x0, 0x0,
    0x3, 0xf0, 0x0, 0xf4, 0x4f, 0x0, 0x0, 0x3,
    0xf0, 0x0, 0xf4, 0x4f, 0xdd, 0xde, 0x13, 0xf0,
    0x0, 0xf4, 0x4f, 0x22, 0x23, 0x3, 0xf0, 0x0,
    0xf4, 0x4f, 0x0, 0x0, 0x3, 0xf0, 0x0, 0xf4,
    0x4f, 0x0, 0x1, 0x3, 0xf0, 0x0, 0xf4, 0x4f,
    0x1, 0x9f, 0x3, 0xf0, 0x0, 0xf3, 0x4f, 0x8f,
    0xc4, 0x3, 0xf0, 0x7f, 0xf1, 0x7f, 0xc4, 0x0,
    0x3, 0xf0, 0x25, 0x10, 0x5, 0x0, 0x0, 0x3,
    0xf0, 0x0, 0x0, 0x0, 0x0, 0x0, 0x3, 0xf0,
    0x0, 0x0,

    /* U+5373 "即" */
    0x4f, 0xff, 0xff, 0xf0, 0xce, 0xee, 0xe4, 0x4f,
    0x0, 0x5, 0xf0, 0xe5, 0x11, 0xe4, 0x4f, 0x0,
    0x5, 0xf0, 0xd5, 0x0, 0xe4, 0x4f, 0xff, 0xff,
    0xf0, 0xd5, 0x0, 0xe4, 0x4f, 0x0, 0x5, 0xf0,
    0xd5, 0x0, 0xe4, 0x4f, 0x0, 0x5, 0xf0, 0xd5,
    0x0, 0xe4, 0x4f, 0xff, 0xff, 0xf0, 0xd5, 0x0,
    0xe4, 0x4f, 0x0, 0x2, 0x0, 0xd5, 0x0, 0xe4,
    0x4f, 0x0, 0x8c, 0x0, 0xd5, 0x0, 0xe4, 0x4f,
    0x0, 0x4f, 0x50, 0xd5, 0x1, 0xf4, 0x4f, 0x29,
    0xfd, 0xe0, 0xd5, 0x6f, 0xf1, 0x9f, 0xfa, 0x20,
    0xe7, 0xd5, 0x16, 0x10, 0x7c, 0x30, 0x0, 0x40,
    0xe5, 0x0, 0x0, 0x0, 0x0, 0x0, 0x0, 0xe5,
    0x0, 0x0,

    /* U+5374 "却" */
    0x0, 0x0, 0xf5, 0x0, 0x0, 0x0, 0x0, 0x0,
    0x0, 0xf, 0x50, 0x0, 0x4d, 0xdd, 0xdd, 0x9,
    0xcc, 0xfd, 0xcd, 0x4, 0xf0, 0x5, 0xe0, 0x22,
    0x2f, 0x62, 0x20, 0x4f, 0x0, 0x5e, 0x0, 0x0,
    0xf5, 0x0, 0x4, 0xf0, 0x5, 0xe0, 0x10, 0xf,
    0x50, 0x10, 0x4f, 0x0, 0x5e, 0x6f, 0xee, 0xee,
    0xee, 0x94, 0xf0, 0x5, 0xe0, 0x0, 0x76, 0x0,
    0x0, 0x4f, 0x0, 0x5e, 0x0, 0xe, 0x90, 0x0,
    0x4, 0xf0, 0x5, 0xe0, 0x6, 0xd0, 0x2e, 0x20,
    0x4f, 0x0, 0x5e, 0x1, 0xe4, 0x0, 0xac, 0x4,
    0xf0, 0x16, 0xe1, 0xda, 0x46, 0x9c, 0xf6, 0x4f,
    0xc, 0xfb, 0x2f, 0xea, 0x85, 0x28, 0xc4, 0xf0,
    0x34, 0x0, 0x10, 0x0, 0x0, 0x0, 0x4f, 0x0,
    0x0, 0x0, 0x0, 0x0, 0x0, 0x5, 0xf0, 0x0,
    0x0,

    /* U+537B "卻" */
    0x0, 0x7, 0x60, 0x62, 0x0, 0x0, 0x0, 0x0,
    0x3, 0xf4, 0xa, 0xd1, 0x4f, 0xff, 0xff, 0x1,
    0xd7, 0x0, 0xd, 0xa3, 0xf1, 0x14, 0xf1, 0xda,
    0x4, 0xd1, 0x3a, 0x3f, 0x0, 0x4e, 0x3, 0x0,
    0xbf, 0x20, 0x3, 0xf0, 0x4, 0xe0, 0x0, 0x5e,
    0x7e, 0x20, 0x3f, 0x0, 0x4e, 0x0, 0x1e, 0x50,
    0x7e, 0x13, 0xf0, 0x4, 0xe0, 0xd, 0xa1, 0x11,
    0xbd, 0x4f, 0x0, 0x4e, 0x2d, 0xdf, 0xff, 0xfe,
    0x84, 0xf0, 0x4, 0xe0, 0x83, 0xe0, 0x3, 0xe0,
    0x3f, 0x3, 0x9e, 0x0, 0x3e, 0x0, 0x3e, 0x3,
    0xf0, 0x9f, 0x70, 0x3, 0xe0, 0x3, 0xe0, 0x3f,
    0x0, 0x0, 0x0, 0x3f, 0xff, 0xfe, 0x3, 0xf0,
    0x0, 0x0, 0x3, 0xe1, 0x14, 0xe0, 0x3f, 0x0,
    0x0, 0x0, 0x3e, 0x0, 0x3f, 0x4, 0xf0, 0x0,
    0x0, 0x0, 0x0, 0x0, 0x0, 0x2, 0x0, 0x0,

    /* U+53D1 "发" */
    0x0, 0x0, 0x0, 0x8, 0x40, 0x43, 0x0, 0x0,
    0x0, 0xc8, 0x0, 0xf6, 0x8, 0xe2, 0x0, 0x0,
    0xf, 0x30, 0x3f, 0x10, 0xb, 0xd0, 0x0, 0x5,
    0xd0, 0x6, 0xd0, 0x0, 0x13, 0x0, 0x0, 0xef,
    0xff, 0xff, 0xff, 0xff, 0xff, 0x80, 0x3, 0x32,
    0x2f, 0x51, 0x11, 0x11, 0x21, 0x0, 0x0, 0x6,
    0xd0, 0x0, 0x0, 0x0, 0x0, 0x0, 0x0, 0xef,
    0xff, 0xff, 0xfe, 0x0, 0x0, 0x0, 0x9e, 0xe1,
    0x0, 0xc, 0x70, 0x0, 0x0, 0x6f, 0x39, 0xb0,
    0x6, 0xd0, 0x0, 0x0, 0x6f, 0x60, 0xd, 0x94,
    0xe2, 0x0, 0x0, 0x9f, 0x50, 0x0, 0x2f, 0xf4,
    0x0, 0x0, 0x7, 0x30, 0x0, 0x6d, 0xdd, 0xd6,
    0x10, 0x0, 0x0, 0x7b, 0xfc, 0x50, 0x6, 0xdf,
    0xd7, 0x0, 0x5, 0x72, 0x0, 0x0, 0x0, 0x27,
    0x30,

    /* U+53D6 "取" */
    0x0, 0x0, 0x0, 0x0, 0x0, 0x0, 0x0, 0x0,
    0x2f, 0xff, 0xff, 0xff, 0xae, 0xdd, 0xdd, 0x30,
    0x0, 0xe3, 0x0, 0xe3, 0x1f, 0x52, 0x3f, 0x20,
    0x0, 0xe3, 0x0, 0xe3, 0xe, 0x40, 0x2f, 0x0,
    0x0, 0xee, 0xdd, 0xf3, 0xc, 0x50, 0x4e, 0x0,
    0x0, 0xe4, 0x11, 0xe3, 0xb, 0x60, 0x7c, 0x0,
    0x0, 0xe3, 0x0, 0xe3, 0x9, 0x90, 0xb8, 0x0,
    0x0, 0xe7, 0x44, 0xe3, 0x5, 0xc0, 0xf4, 0x0,
    0x0, 0xec, 0xbb, 0xf3, 0x1, 0xf7, 0xe0, 0x0,
    0x0, 0xe3, 0x0, 0xe3, 0x0, 0xbf, 0x70, 0x0,
    0x0, 0xe3, 0x2, 0xec, 0xb0, 0x8f, 0x40, 0x0,
    0x4, 0xfc, 0xed, 0xf7, 0x12, 0xfc, 0xd1, 0x0,
    0x1f, 0xb6, 0x10, 0xe3, 0x2d, 0xa0, 0xbe, 0x40,
    0x1, 0x0, 0x0, 0xe4, 0xec, 0x0, 0xc, 0xe1,
    0x0, 0x0, 0x0, 0xf4, 0x20, 0x0, 0x0, 0x20,

    /* U+53E3 "口" */
    0x5f, 0xff, 0xff, 0xff, 0xff, 0xf6, 0x5e, 0x11,
    0x11, 0x11, 0x11, 0xd6, 0x5e, 0x0, 0x0, 0x0,
    0x0, 0xd6, 0x5e, 0x0, 0x0, 0x0, 0x0, 0xd6,
    0x5e, 0x0, 0x0, 0x0, 0x0, 0xd6, 0x5e, 0x0,
    0x0, 0x0, 0x0, 0xd6, 0x5e, 0x0, 0x0, 0x0,
    0x0, 0xd6, 0x5e, 0x0, 0x0, 0x0, 0x0, 0xd6,
    0x5e, 0x0, 0x0, 0x0, 0x0, 0xd6, 0x5e, 0x11,
    0x11, 0x11, 0x11, 0xd6, 0x5f, 0xff, 0xff, 0xff,
    0xff, 0xf6, 0x5e, 0x0, 0x0, 0x0, 0x0, 0xd7,

    /* U+53EF "可" */
    0x5f, 0xee, 0xee, 0xee, 0xee, 0xee, 0xee, 0xd1,
    0x32, 0x22, 0x22, 0x22, 0x22, 0xe8, 0x22, 0x0,
    0x0, 0x0, 0x0, 0x0, 0xe, 0x70, 0x0, 0x1,
    0xff, 0xff, 0xfe, 0x0, 0xe7, 0x0, 0x0, 0x1f,
    0x31, 0x16, 0xf0, 0xe, 0x70, 0x0, 0x1, 0xf2,
    0x0, 0x5f, 0x0, 0xe7, 0x0, 0x0, 0x1f, 0x20,
    0x5, 0xf0, 0xe, 0x70, 0x0, 0x1, 0xf3, 0x11,
    0x6f, 0x0, 0xe7, 0x0, 0x0, 0x1f, 0xff, 0xff,
    0xf0, 0xe, 0x70, 0x0, 0x1, 0xf2, 0x0, 0x3b,
    0x0, 0xe7, 0x0, 0x0, 0x4, 0x0, 0x0, 0x0,
    0xe, 0x70, 0x0, 0x0, 0x0, 0x0, 0x0, 0x1,
    0xf7, 0x0, 0x0, 0x0, 0x0, 0x0, 0xf, 0xff,
    0x30, 0x0, 0x0, 0x0, 0x0, 0x0, 0x55, 0x10,
    0x0,

    /* U+540D "名" */
    0x0, 0x0, 0x0, 0x0, 0x0, 0x0, 0x0, 0x0,
    0x0, 0x3, 0xd2, 0x0, 0x0, 0x0, 0x0, 0x0,
    0xb, 0xc0, 0x0, 0x0, 0x0, 0x0, 0x0, 0x6f,
    0xff, 0xff, 0xff, 0xf3, 0x0, 0x4, 0xf5, 0x0,
    0x0, 0x1d, 0x70, 0x0, 0x6f, 0x68, 0xb1, 0x0,
    0xbb, 0x0, 0x0, 0xa6, 0x1, 0xce, 0x4c, 0xc0,
    0x0, 0x0, 0x0, 0x0, 0xb, 0xfb, 0x0, 0x0,
    0x0, 0x0, 0x2, 0x9f, 0x70, 0x0, 0x0, 0x0,
    0x4, 0xaf, 0xff, 0xff, 0xff, 0xff, 0x9, 0xfe,
    0xbd, 0x0, 0x0, 0x0, 0x5f, 0x3, 0x40, 0x5d,
    0x0, 0x0, 0x0, 0x5e, 0x0, 0x0, 0x5d, 0x0,
    0x0, 0x0, 0x5e, 0x0, 0x0, 0x5f, 0xff, 0xff,
    0xff, 0xfe, 0x0, 0x0, 0x5d, 0x0, 0x0, 0x0,
    0x5f, 0x0, 0x0, 0x6d, 0x0, 0x0, 0x0, 0x5f,
    0x0, 0x0, 0x0, 0x0, 0x0, 0x0, 0x0,

    /* U+542F "启" */
    0x0, 0x0, 0x0, 0x0, 0x10, 0x0, 0x0, 0x0,
    0x0, 0x0, 0x8, 0xd0, 0x0, 0x0, 0x0, 0x0,
    0x0, 0x3, 0xf6, 0x0, 0x0, 0x0, 0xe, 0xff,
    0xff, 0xff, 0xff, 0xf6, 0x0, 0xe, 0x30, 0x0,
    0x0, 0x0, 0xe6, 0x0, 0xe, 0x30, 0x0, 0x0,
    0x0, 0xe6, 0x0, 0xe, 0x64, 0x44, 0x44, 0x44,
    0xf6, 0x0, 0xf, 0xdc, 0xcc, 0xcc, 0xcc, 0xc5,
    0x0, 0xf, 0x10, 0x0, 0x0, 0x0, 0x0, 0x0,
    0x4f, 0x6d, 0xdd, 0xdd, 0xdd, 0xd8, 0x0, 0x7e,
    0x6e, 0x22, 0x22, 0x22, 0xc9, 0x0, 0xba, 0x6e,
    0x0, 0x0, 0x0, 0xb9, 0x1, 0xf6, 0x6e, 0x0,
    0x0, 0x0, 0xb9, 0x9, 0xf0, 0x6f, 0xff, 0xff,
    0xff, 0xf9, 0x2f, 0x80, 0x6e, 0x11, 0x11, 0x11,
    0xc9, 0x5, 0x10, 0x6d, 0x0, 0x0, 0x0, 0xb9,

    /* U+548C "和" */
    0x0, 0x0, 0x0, 0x2, 0x0, 0x0, 0x0, 0x0,
    0x4, 0x57, 0xad, 0xf3, 0x0, 0x0, 0x0, 0x0,
    0xdc, 0xbe, 0x52, 0x1, 0x44, 0x44, 0x40, 0x0,
    0x4, 0xd0, 0x0, 0x4f, 0xcc, 0xdf, 0x0, 0x0,
    0x4d, 0x0, 0x4, 0xe0, 0x4, 0xe0, 0xaf, 0xff,
    0xff, 0xff, 0x4e, 0x0, 0x4e, 0x0, 0x0, 0xad,
    0x0, 0x4, 0xe0, 0x4, 0xe0, 0x0, 0x2f, 0xd8,
    0x60, 0x4e, 0x0, 0x4e, 0x0, 0xa, 0xed, 0x6f,
    0x34, 0xe0, 0x4, 0xe0, 0x4, 0xf6, 0xd0, 0xbd,
    0x4e, 0x0, 0x4e, 0x1, 0xe7, 0x4d, 0x2, 0x54,
    0xe3, 0x36, 0xe0, 0xcb, 0x4, 0xd0, 0x0, 0x4f,
    0xcc, 0xde, 0x3, 0x10, 0x4d, 0x0, 0x4, 0xe0,
    0x4, 0xf0, 0x0, 0x5, 0xe0, 0x0, 0x15, 0x0,
    0x14,

    /* U+555F "啟" */
    0x0, 0x0, 0x1, 0x0, 0x0, 0x0, 0x0, 0x0,
    0x0, 0x0, 0x9a, 0x0, 0x0, 0xb6, 0x0, 0x0,
    0x0, 0x0, 0x4b, 0x0, 0x0, 0xf2, 0x0, 0x0,
    0x0, 0xcf, 0xff, 0xfe, 0x3, 0xc0, 0x0, 0x0,
    0x0, 0xc5, 0x0, 0x2e, 0x8, 0xff, 0xff, 0xc0,
    0x0, 0xc5, 0x0, 0x2e, 0xd, 0x40, 0xb6, 0x10,
    0x0, 0xc5, 0x0, 0x2e, 0x3f, 0x10, 0xc3, 0x0,
    0x0, 0xdf, 0xff, 0xfe, 0xbf, 0x60, 0xe1, 0x0,
    0x0, 0xf3, 0x0, 0x0, 0x27, 0xa1, 0xf0, 0x0,
    0x1, 0xfa, 0xcc, 0xcc, 0x11, 0xe5, 0xb0, 0x0,
    0x4, 0xeb, 0x93, 0x3f, 0x0, 0xcd, 0x60, 0x0,
    0x8, 0xbb, 0x70, 0xf, 0x0, 0x6f, 0x20, 0x0,
    0xd, 0x6b, 0x70, 0xf, 0x0, 0xce, 0xb0, 0x0,
    0x4f, 0x1b, 0xed, 0xdf, 0x1a, 0xb0, 0xbd, 0x30,
    0x4, 0xb, 0x82, 0x26, 0xbb, 0x0, 0x9, 0xb0,
    0x0, 0x0, 0x0, 0x0, 0x10, 0x0, 0x0, 0x0,

    /* U+55AE "單" */
    0x0, 0xff, 0xff, 0xf0, 0xf, 0xff, 0xfb, 0x0,
    0x0, 0xf3, 0x3, 0xe0, 0xf, 0x20, 0x7b, 0x0,
    0x0, 0xef, 0xff, 0xe0, 0xf, 0xff, 0xfb, 0x0,
    0x0, 0x0, 0x0, 0x0, 0x0, 0x0, 0x0, 0x0,
    0x0, 0xcf, 0xff, 0xff, 0xff, 0xff, 0xf7, 0x0,
    0x0, 0xc8, 0x0, 0x9, 0xb0, 0x0, 0xd6, 0x0,
    0x0, 0xcf, 0xff, 0xff, 0xff, 0xff, 0xf6, 0x0,
    0x0, 0xc8, 0x0, 0x9, 0xb0, 0x0, 0xd6, 0x0,
    0x0, 0xcf, 0xee, 0xef, 0xfe, 0xee, 0xf7, 0x0,
    0x0, 0x0, 0x0, 0x9, 0xb0, 0x0, 0x0, 0x0,
    0x3d, 0xdd, 0xdd, 0xde, 0xfd, 0xdd, 0xdd, 0xe3,
    0x3, 0x22, 0x22, 0x2a, 0xb2, 0x22, 0x22, 0x30,
    0x0, 0x0, 0x0, 0x9, 0xb0, 0x0, 0x0, 0x0,
    0x0, 0x0, 0x0, 0xa, 0xb0, 0x0, 0x0, 0x0,

    /* U+55B7 "喷" */
    0x0, 0x0, 0x0, 0x0, 0x2f, 0x0, 0x0, 0x0,
    0x0, 0x0, 0x37, 0x67, 0xf6, 0x66, 0x40, 0xfe,
    0xef, 0x24, 0x88, 0x9f, 0x89, 0x85, 0xf, 0x40,
    0xf2, 0x6, 0xc1, 0xa0, 0xd5, 0x0, 0xf4, 0xf,
    0x3b, 0xde, 0xbb, 0xbf, 0xcb, 0x5f, 0x40, 0xf2,
    0x37, 0xc2, 0x22, 0xd7, 0x21, 0xf4, 0xf, 0x20,
    0x12, 0x0, 0x2, 0x0, 0xf, 0x40, 0xf2, 0x3e,
    0xee, 0xee, 0xee, 0x30, 0xf4, 0xf, 0x23, 0xf0,
    0x2, 0x0, 0xf3, 0xf, 0xee, 0xf2, 0x3f, 0x4,
    0xf1, 0xf, 0x30, 0xf4, 0xf, 0x23, 0xf0, 0x7d,
    0x0, 0xf3, 0xf, 0x40, 0x50, 0x29, 0xd, 0x94,
    0x16, 0x10, 0xb3, 0x0, 0x0, 0x1a, 0xe1, 0xbe,
    0x40, 0x0, 0x0, 0x6, 0xbf, 0xb2, 0x0, 0x7f,
    0x90, 0x0, 0x0, 0x29, 0x30, 0x0, 0x0, 0x27,
    0x0,

    /* U+5634 "嘴" */
    0x0, 0x0, 0x0, 0x0, 0x1, 0x10, 0x0, 0x0,
    0x0, 0x0, 0x4, 0xa0, 0x8a, 0x3, 0x0, 0x33,
    0x30, 0x1b, 0x39, 0x8, 0xa5, 0xf5, 0xe, 0xbe,
    0x41, 0xc3, 0xfa, 0x8e, 0xb3, 0x0, 0xe1, 0xb3,
    0x1c, 0x39, 0x8, 0xa0, 0x7, 0xe, 0x1b, 0x33,
    0xea, 0xfb, 0x7e, 0x89, 0xe0, 0xe1, 0xb3, 0xa8,
    0x8b, 0x0, 0x56, 0x52, 0xe, 0x1b, 0x30, 0x2e,
    0xee, 0xef, 0x30, 0x0, 0xe1, 0xb4, 0x7f, 0xa2,
    0x2c, 0x92, 0x20, 0xe, 0x1b, 0x39, 0xce, 0xcf,
    0xcc, 0xde, 0x0, 0xed, 0xf3, 0x7, 0xb6, 0xe7,
    0x68, 0xd0, 0xe, 0x19, 0x30, 0x9a, 0x5e, 0x65,
    0x7d, 0x0, 0xe1, 0x0, 0xc, 0xee, 0xfe, 0xee,
    0xd0, 0x0, 0x0, 0x4, 0xf1, 0xd, 0x10, 0x4d,
    0x0, 0x0, 0x3, 0xe8, 0x0, 0xd1, 0x5d, 0xb0,
    0x0, 0x0, 0x4, 0x0, 0x0, 0x2, 0x50, 0x0,

    /* U+5674 "噴" */
    0x0, 0x0, 0x0, 0x0, 0x6, 0xc0, 0x0, 0x0,
    0x0, 0x0, 0x0, 0xbb, 0xbc, 0xeb, 0xbb, 0x60,
    0xf, 0xee, 0xd0, 0x58, 0x58, 0xd5, 0x95, 0x30,
    0xf, 0x4, 0xc2, 0x2f, 0x43, 0x52, 0xf3, 0x20,
    0xf, 0x4, 0xcb, 0xdf, 0xdd, 0xdd, 0xfd, 0xd3,
    0xf, 0x4, 0xc0, 0xa, 0x10, 0x0, 0xb1, 0x0,
    0xf, 0x4, 0xc0, 0xff, 0xff, 0xff, 0xff, 0x40,
    0xf, 0x4, 0xc0, 0xe7, 0x55, 0x55, 0x5f, 0x40,
    0xf, 0x4, 0xc0, 0xe9, 0x77, 0x77, 0x7f, 0x40,
    0xf, 0xab, 0xc0, 0xee, 0xee, 0xee, 0xef, 0x40,
    0xf, 0x68, 0xd0, 0xe3, 0x0, 0x0, 0xf, 0x40,
    0xa, 0x1, 0x30, 0xef, 0xff, 0xff, 0xff, 0x40,
    0x0, 0x0, 0x0, 0xa, 0xa0, 0x3, 0xe4, 0x0,
    0x0, 0x0, 0x4, 0xdd, 0x30, 0x0, 0x7f, 0xa0,
    0x0, 0x0, 0x4, 0x70, 0x0, 0x0, 0x3, 0x80,

    /* U+56DE "回" */
    0x3f, 0xff, 0xff, 0xff, 0xff, 0xff, 0xf1, 0x3f,
    0x11, 0x11, 0x11, 0x11, 0x12, 0xf1, 0x3f, 0x0,
    0x0, 0x0, 0x0, 0x2, 0xf1, 0x3f, 0x0, 0xef,
    0xff, 0xfe, 0x2, 0xf1, 0x3f, 0x0, 0xe4, 0x0,
    0x4e, 0x2, 0xf1, 0x3f, 0x0, 0xe4, 0x0, 0x4e,
    0x2, 0xf1, 0x3f, 0x0, 0xe4, 0x0, 0x4e, 0x2,
    0xf1, 0x3f, 0x0, 0xed, 0xcc, 0xdf, 0x2, 0xf1,
    0x3f, 0x0, 0x44, 0x44, 0x44, 0x2, 0xf1, 0x3f,
    0x0, 0x0, 0x0, 0x0, 0x2, 0xf1, 0x3f, 0x0,
    0x0, 0x0, 0x0, 0x2, 0xf1, 0x3f, 0xff, 0xff,
    0xff, 0xff, 0xff, 0xf1, 0x3f, 0x0, 0x0, 0x0,
    0x0, 0x2, 0xf1, 0x0, 0x0, 0x0, 0x0, 0x0,
    0x0, 0x10,

    /* U+5728 "在" */
    0x0, 0x0, 0x0, 0x4b, 0x10, 0x0, 0x0, 0x0,
    0x0, 0x0, 0x0, 0x9d, 0x0, 0x0, 0x0, 0x0,
    0x2, 0x54, 0x44, 0xea, 0x44, 0x44, 0x44, 0x40,
    0x5, 0xcc, 0xcd, 0xfc, 0xcc, 0xcc, 0xcc, 0xc0,
    0x0, 0x0, 0xa, 0xa0, 0x9, 0x60, 0x0, 0x0,
    0x0, 0x0, 0x2f, 0x20, 0xc, 0x80, 0x0, 0x0,
    0x0, 0x6, 0xd6, 0x0, 0xc, 0x80, 0x0, 0x0,
    0x0, 0x2e, 0xb1, 0xed, 0xdf, 0xed, 0xde, 0x0,
    0x3, 0xef, 0x90, 0x43, 0x3c, 0x93, 0x34, 0x0,
    0x2f, 0xa9, 0x90, 0x0, 0xc, 0x80, 0x0, 0x0,
    0x4, 0x9, 0x90, 0x0, 0xc, 0x80, 0x0, 0x0,
    0x0, 0x9, 0x90, 0x0, 0xc, 0x80, 0x0, 0x0,
    0x0, 0x9, 0x92, 0x22, 0x2c, 0x92, 0x22, 0x30,
    0x0, 0xa, 0x9a, 0xdd, 0xdd, 0xdd, 0xdd, 0xe0,
    0x0, 0xa, 0xa0, 0x0, 0x0, 0x0, 0x0, 0x0,

    /* U+5730 "地" */
    0x0, 0x3e, 0x10, 0x0, 0x2, 0xf1, 0x0, 0x0,
    0x0, 0x3f, 0x10, 0x15, 0x2, 0xf1, 0x0, 0x0,
    0x0, 0x3f, 0x10, 0x2f, 0x2, 0xf1, 0x0, 0x0,
    0x0, 0x3f, 0x10, 0x2f, 0x2, 0xf3, 0x6b, 0x40,
    0x1c, 0xdf, 0xcb, 0x2f, 0x28, 0xff, 0xbf, 0x40,
    0x5, 0x6f, 0x56, 0x8f, 0xfc, 0xf1, 0xf, 0x40,
    0x0, 0x3f, 0x18, 0xdf, 0x12, 0xf1, 0xf, 0x40,
    0x0, 0x3f, 0x10, 0x2f, 0x2, 0xf1, 0xf, 0x30,
    0x0, 0x3f, 0x10, 0x2f, 0x2, 0xf1, 0x1f, 0x30,
    0x0, 0x3f, 0x10, 0x2f, 0x2, 0xf6, 0xfd, 0x0,
    0x0, 0x3f, 0x7d, 0x2f, 0x2, 0xf2, 0x50, 0x0,
    0x18, 0xdf, 0xb6, 0x2f, 0x1, 0x80, 0x0, 0xa2,
    0xb, 0x71, 0x0, 0x1f, 0x41, 0x11, 0x17, 0xf2,
    0x0, 0x0, 0x0, 0xa, 0xff, 0xff, 0xfe, 0x80,

    /* U+5740 "址" */
    0x0, 0x0, 0x0, 0x0, 0x0, 0xe7, 0x0, 0x0,
    0x0, 0x5f, 0x0, 0x0, 0x0, 0xd6, 0x0, 0x0,
    0x0, 0x5f, 0x0, 0x0, 0x0, 0xd6, 0x0, 0x0,
    0x0, 0x5f, 0x0, 0x8, 0x30, 0xd6, 0x0, 0x0,
    0x29, 0xbf, 0x98, 0xf, 0x50, 0xd7, 0x22, 0x10,
    0x28, 0xaf, 0x76, 0xf, 0x40, 0xdf, 0xff, 0x80,
    0x0, 0x5f, 0x0, 0xf, 0x40, 0xd6, 0x0, 0x0,
    0x0, 0x5f, 0x0, 0xf, 0x40, 0xd6, 0x0, 0x0,
    0x0, 0x5f, 0x0, 0xf, 0x40, 0xd6, 0x0, 0x0,
    0x0, 0x5f, 0x0, 0xf, 0x40, 0xd6, 0x0, 0x0,
    0x0, 0x5f, 0xae, 0xf, 0x40, 0xd6, 0x0, 0x0,
    0x3c, 0xff, 0xa4, 0xf, 0x40, 0xd6, 0x0, 0x0,
    0x2d, 0x60, 0x14, 0x3f, 0x63, 0xe8, 0x33, 0x40,
    0x0, 0x0, 0x3e, 0xdd, 0xdd, 0xdd, 0xdd, 0xe2,

    /* U+57DF "域" */
    0x0, 0x0, 0x0, 0x0, 0x1, 0x10, 0x0, 0x0,
    0x0, 0xd6, 0x0, 0x0, 0x5, 0xf2, 0x97, 0x0,
    0x0, 0xc5, 0x0, 0x0, 0x3, 0xf0, 0x4e, 0x0,
    0x0, 0xc5, 0x3, 0x32, 0x25, 0xf3, 0x24, 0x30,
    0x0, 0xc5, 0xf, 0xee, 0xee, 0xfe, 0xee, 0xd0,
    0x26, 0xd9, 0x40, 0x0, 0x0, 0xf2, 0x0, 0x0,
    0x37, 0xea, 0x6c, 0xee, 0xe3, 0xf3, 0x4e, 0x20,
    0x0, 0xc5, 0xd, 0x60, 0xe3, 0xe4, 0x6e, 0x0,
    0x0, 0xc5, 0xd, 0x60, 0xe3, 0xc6, 0x9a, 0x0,
    0x0, 0xc5, 0xd, 0x60, 0xe3, 0xa9, 0xd5, 0x0,
    0x0, 0xc5, 0x1d, 0xff, 0xf3, 0x6e, 0xf0, 0x0,
    0x0, 0xcd, 0xc0, 0x0, 0x0, 0x2f, 0xa0, 0x0,
    0x4e, 0xe8, 0x10, 0x27, 0xd3, 0x6f, 0xa0, 0x81,
    0x17, 0x0, 0x2d, 0xe9, 0x34, 0xf7, 0xfa, 0xf3,
    0x0, 0x0, 0x5, 0x0, 0x5f, 0x70, 0x4e, 0x90,
    0x0, 0x0, 0x0, 0x0, 0x4, 0x0, 0x0, 0x0,

    /* U+57E0 "埠" */
    0x0, 0x0, 0x0, 0x0, 0x5, 0x10, 0x0, 0x0,
    0x0, 0x2f, 0x10, 0x0, 0x4f, 0x20, 0x0, 0x0,
    0x0, 0x2f, 0x10, 0x2e, 0xff, 0xee, 0xee, 0x0,
    0x0, 0x2f, 0x10, 0x2f, 0x11, 0x11, 0x3f, 0x0,
    0x0, 0x2f, 0x10, 0x2f, 0x33, 0x33, 0x5f, 0x0,
    0x2d, 0xdf, 0xca, 0x2f, 0xcc, 0xcc, 0xcc, 0x0,
    0x4, 0x5f, 0x53, 0x2f, 0x0, 0x0, 0x0, 0x0,
    0x0, 0x2f, 0x10, 0x2f, 0xff, 0xff, 0xff, 0x50,
    0x0, 0x2f, 0x10, 0x2f, 0x0, 0x0, 0xd, 0x50,
    0x0, 0x2f, 0x10, 0x2f, 0xff, 0xff, 0xff, 0x50,
    0x0, 0x2f, 0xaa, 0x0, 0x3, 0xf0, 0x0, 0x0,
    0x4, 0xbf, 0xa4, 0x43, 0x36, 0xf3, 0x33, 0x41,
    0x3f, 0xa2, 0x3, 0xee, 0xee, 0xfe, 0xee, 0xe4,
    0x3, 0x0, 0x0, 0x0, 0x3, 0xf0, 0x0, 0x0,
    0x0, 0x0, 0x0, 0x0, 0x3, 0xf0, 0x0, 0x0,
    0x0, 0x0, 0x0, 0x0, 0x3, 0xf0, 0x0, 0x0,

    /* U+586B "填" */
    0x0, 0x0, 0x0, 0x0, 0x2, 0x80, 0x0, 0x0,
    0x0, 0x3f, 0x0, 0xfe, 0xee, 0xfe, 0xee, 0xe0,
    0x0, 0x3e, 0x0, 0x10, 0x8, 0xa0, 0x0, 0x10,
    0x0, 0x3e, 0x0, 0xc, 0xde, 0xed, 0xdb, 0x0,
    0xb, 0xcf, 0xc7, 0xe, 0x52, 0x22, 0x6d, 0x0,
    0x4, 0x6f, 0x42, 0xe, 0xee, 0xee, 0xec, 0x0,
    0x0, 0x3e, 0x0, 0xe, 0x41, 0x11, 0x6c, 0x0,
    0x0, 0x3e, 0x0, 0xe, 0xdc, 0xcc, 0xdc, 0x0,
    0x0, 0x3e, 0x0, 0xe, 0x98, 0x88, 0xac, 0x0,
    0x0, 0x3e, 0x33, 0xe, 0x74, 0x44, 0x8c, 0x0,
    0x3, 0x9f, 0xd6, 0xff, 0xff, 0xff, 0xff, 0xf2,
    0xd, 0xa3, 0x0, 0x3, 0x70, 0x0, 0x71, 0x0,
    0x0, 0x0, 0x0, 0x6f, 0x90, 0x0, 0xad, 0x20,
    0x0, 0x0, 0xd, 0xe4, 0x0, 0x0, 0x8, 0xd0,
    0x0, 0x0, 0x3, 0x0, 0x0, 0x0, 0x0, 0x20,

    /* U+5931 "失" */
    0x0, 0x0, 0x0, 0x5, 0x50, 0x0, 0x0, 0x0,
    0x0, 0x2, 0x20, 0xa, 0xa0, 0x0, 0x0, 0x0,
    0x0, 0x9, 0xc0, 0xa, 0x90, 0x0, 0x0, 0x0,
    0x0, 0xe, 0x72, 0x2b, 0xa2, 0x22, 0x32, 0x0,
    0x0, 0x7f, 0xee, 0xef, 0xfe, 0xee, 0xe8, 0x0,
    0x1, 0xe5, 0x0, 0xb, 0x80, 0x0, 0x0, 0x0,
    0x7, 0xb0, 0x0, 0xc, 0x70, 0x0, 0x0, 0x0,
    0x4, 0x54, 0x44, 0x4d, 0x94, 0x44, 0x44, 0x30,
    0xc, 0xcc, 0xcc, 0xcf, 0xfc, 0xcc, 0xcc, 0x80,
    0x0, 0x0, 0x0, 0x6e, 0xe5, 0x0, 0x0, 0x0,
    0x0, 0x0, 0x1, 0xe6, 0x5f, 0x30, 0x0, 0x0,
    0x0, 0x0, 0x2d, 0xa0, 0x8, 0xf7, 0x0, 0x0,
    0x0, 0x7, 0xfa, 0x0, 0x0, 0x6f, 0xe8, 0x30,
    0x8, 0xef, 0x70, 0x0, 0x0, 0x1, 0xaf, 0xb0,
    0x5, 0x81, 0x0, 0x0, 0x0, 0x0, 0x1, 0x10,

    /* U+59CB "始" */
    0x0, 0x0, 0x0, 0x0, 0x0, 0x0, 0x0, 0x0,
    0x0, 0x4d, 0x0, 0x0, 0xb, 0x50, 0x0, 0x0,
    0x0, 0x6c, 0x0, 0x0, 0x3f, 0x30, 0x0, 0x0,
    0x0, 0x89, 0x0, 0x0, 0xa9, 0x0, 0x40, 0x0,
    0x4b, 0xed, 0xbb, 0x13, 0xe1, 0x5, 0xf3, 0x0,
    0x37, 0xf8, 0x8f, 0x1d, 0x50, 0x0, 0x9e, 0x10,
    0x0, 0xf0, 0x3e, 0x8f, 0xee, 0xfe, 0xde, 0xc0,
    0x4, 0xd0, 0x6b, 0x26, 0x31, 0x0, 0x1, 0x40,
    0x8, 0x90, 0xa8, 0x1, 0x22, 0x22, 0x22, 0x0,
    0xc, 0x80, 0xe3, 0xd, 0xff, 0xff, 0xff, 0x10,
    0x6, 0xec, 0xe0, 0xc, 0x60, 0x0, 0x3f, 0x0,
    0x0, 0x1f, 0xe2, 0xc, 0x60, 0x0, 0x3f, 0x0,
    0x0, 0x5e, 0x8f, 0x3c, 0x60, 0x0, 0x3f, 0x0,
    0x2, 0xe6, 0x6, 0x1c, 0xff, 0xff, 0xff, 0x0,
    0x2e, 0xb0, 0x0, 0xc, 0x71, 0x11, 0x4f, 0x0,
    0x1b, 0x10, 0x0, 0xd, 0x60, 0x0, 0x3f, 0x10,
    0x0, 0x0, 0x0, 0x0, 0x0, 0x0, 0x0, 0x0,

    /* U+5B58 "存" */
    0x0, 0x0, 0x0, 0x0, 0x0, 0x0, 0x0, 0x0,
    0x0, 0x0, 0x0, 0x6f, 0x20, 0x0, 0x0, 0x0,
    0x0, 0x0, 0x0, 0xca, 0x0, 0x0, 0x0, 0x0,
    0x1, 0xff, 0xff, 0xff, 0xff, 0xff, 0xff, 0xb0,
    0x0, 0x22, 0x1b, 0xa1, 0x11, 0x11, 0x12, 0x10,
    0x0, 0x1, 0x7f, 0x20, 0x0, 0x0, 0x0, 0x0,
    0x0, 0x5, 0xf7, 0x4f, 0xff, 0xff, 0xff, 0x40,
    0x0, 0xd, 0xd0, 0x2, 0x11, 0x16, 0xfb, 0x10,
    0x0, 0xbf, 0xb0, 0x0, 0x0, 0xae, 0x50, 0x0,
    0xa, 0xe7, 0xb1, 0x22, 0x22, 0xf6, 0x22, 0x20,
    0x3, 0x35, 0xb5, 0xff, 0xff, 0xff, 0xff, 0xf2,
    0x0, 0x5, 0xb0, 0x0, 0x0, 0xe5, 0x0, 0x0,
    0x0, 0x5, 0xb0, 0x0, 0x0, 0xe5, 0x0, 0x0,
    0x0, 0x5, 0xb0, 0x0, 0x0, 0xe5, 0x0, 0x0,
    0x0, 0x5, 0xc0, 0x0, 0x36, 0xf4, 0x0, 0x0,
    0x0, 0x0, 0x0, 0x0, 0x6d, 0x90, 0x0, 0x0,

    /* U+5B8C "完" */
    0x0, 0x0, 0x0, 0x0, 0x0, 0x0, 0x0, 0x0,
    0x0, 0x0, 0x0, 0x2d, 0x10, 0x0, 0x0, 0x0,
    0x1, 0x11, 0x11, 0x2e, 0xb1, 0x11, 0x11, 0x10,
    0xc, 0xff, 0xff, 0xff, 0xff, 0xff, 0xff, 0xe0,
    0xc, 0x90, 0x0, 0x0, 0x0, 0x0, 0x5, 0xe0,
    0xb, 0x81, 0x43, 0x33, 0x33, 0x34, 0x5, 0xd0,
    0x0, 0x5, 0xee, 0xee, 0xee, 0xee, 0x20, 0x0,
    0x0, 0x0, 0x0, 0x0, 0x0, 0x0, 0x0, 0x0,
    0x1e, 0xdd, 0xdd, 0xdd, 0xdd, 0xdd, 0xdd, 0xe1,
    0x4, 0x33, 0x3d, 0xa3, 0x5f, 0x53, 0x33, 0x40,
    0x0, 0x0, 0xf, 0x70, 0x2f, 0x20, 0x0, 0x0,
    0x0, 0x0, 0x4f, 0x30, 0x2f, 0x20, 0x0, 0x0,
    0x0, 0x0, 0xcc, 0x0, 0x2f, 0x20, 0x3, 0x70,
    0x0, 0x3d, 0xe2, 0x0, 0x2f, 0x62, 0x29, 0xe0,
    0x1c, 0xfc, 0x20, 0x0, 0xc, 0xff, 0xff, 0x50,
    0x5, 0x40, 0x0, 0x0, 0x0, 0x0, 0x0, 0x0,

    /* U+5B9A "定" */
    0x0, 0x0, 0x0, 0x4, 0x0, 0x0, 0x0, 0x0,
    0x0, 0x0, 0x0, 0x1f, 0x70, 0x0, 0x0, 0x0,
    0x0, 0x0, 0x0, 0x7, 0x90, 0x0, 0x0, 0x0,
    0x3, 0xee, 0xee, 0xee, 0xee, 0xee, 0xee, 0x50,
    0x3, 0xf2, 0x11, 0x11, 0x11, 0x11, 0x1f, 0x50,
    0x2, 0x90, 0x0, 0x0, 0x0, 0x0, 0x8, 0x30,
    0x0, 0x7, 0xff, 0xff, 0xff, 0xff, 0xf0, 0x0,
    0x0, 0x1, 0x21, 0x16, 0xe1, 0x11, 0x20, 0x0,
    0x0, 0x1, 0x30, 0x5, 0xe0, 0x0, 0x0, 0x0,
    0x0, 0x5, 0xf2, 0x5, 0xe2, 0x22, 0x31, 0x0,
    0x0, 0xb, 0xb0, 0x5, 0xfe, 0xee, 0xe7, 0x0,
    0x0, 0x2f, 0xb0, 0x5, 0xe0, 0x0, 0x0, 0x0,
    0x0, 0xbd, 0xbb, 0x15, 0xe0, 0x0, 0x0, 0x0,
    0x8, 0xf3, 0x9, 0xfc, 0xf4, 0x32, 0x34, 0x50,
    0x3f, 0x60, 0x0, 0x39, 0xce, 0xff, 0xff, 0xb0,
    0x1, 0x0, 0x0, 0x0, 0x0, 0x0, 0x0, 0x0,

    /* U+5BC6 "密" */
    0x0, 0x0, 0x0, 0x8, 0x70, 0x0, 0x0, 0x0,
    0x1, 0x33, 0x33, 0x3c, 0xe3, 0x33, 0x33, 0x30,
    0x6, 0xfd, 0xdd, 0xdd, 0xdd, 0xdd, 0xde, 0xf0,
    0x6, 0xe0, 0x0, 0x3e, 0x40, 0x0, 0x5, 0xf0,
    0x2, 0x75, 0x7, 0x38, 0xc0, 0xbc, 0x3, 0x40,
    0x0, 0x8e, 0xf, 0x50, 0x1c, 0xc2, 0x1f, 0x70,
    0x1, 0xe7, 0xf, 0x67, 0xe7, 0x3, 0x17, 0xf3,
    0x0, 0x31, 0x1f, 0xfb, 0x31, 0x1c, 0xe0, 0x40,
    0x4, 0x7b, 0xfe, 0xff, 0xff, 0xfe, 0x40, 0x0,
    0xc, 0xc7, 0x20, 0x2, 0x70, 0x0, 0x0, 0x0,
    0x0, 0xc, 0x50, 0x4, 0xf0, 0x0, 0x5f, 0x0,
    0x0, 0xe, 0x50, 0x4, 0xf0, 0x0, 0x5e, 0x0,
    0x0, 0xe, 0x50, 0x4, 0xf0, 0x0, 0x5e, 0x0,
    0x0, 0xe, 0xff, 0xff, 0xff, 0xff, 0xfe, 0x0,
    0x0, 0x0, 0x0, 0x0, 0x0, 0x0, 0x5f, 0x0,

    /* U+5BEB "寫" */
    0x0, 0x0, 0x0, 0x3, 0x30, 0x0, 0x0, 0x0,
    0x0, 0x0, 0x0, 0xcd, 0x0, 0x0, 0x0, 0xd,
    0xee, 0xee, 0xef, 0xfe, 0xee, 0xee, 0xd0, 0xf7,
    0x22, 0x24, 0x22, 0x22, 0x22, 0x7e, 0xd, 0x58,
    0xbf, 0xe0, 0x6f, 0xff, 0xe5, 0xc0, 0x0, 0xe7,
    0x10, 0x0, 0x11, 0x5e, 0x0, 0x0, 0xe, 0xed,
    0xe0, 0x5d, 0xde, 0xe0, 0x0, 0x0, 0xe6, 0x12,
    0x0, 0x11, 0x6e, 0x0, 0x0, 0xe, 0xee, 0xee,
    0xee, 0xee, 0xf0, 0x0, 0x0, 0x2d, 0xc1, 0x11,
    0x11, 0x11, 0x0, 0x0, 0x3d, 0xff, 0xff, 0xff,
    0xff, 0xff, 0x81, 0xbf, 0x90, 0x0, 0x0, 0x1,
    0x10, 0xd7, 0x7, 0x36, 0x14, 0x33, 0xb0, 0xd8,
    0xe, 0x50, 0x6, 0xf2, 0x9a, 0x1f, 0x46, 0xb0,
    0xf4, 0x0, 0xc7, 0x3, 0x90, 0x41, 0xb, 0xdf,
    0x20, 0x0, 0x0, 0x0, 0x0, 0x0, 0x57, 0x20,

    /* U+5C06 "将" */
    0x0, 0x0, 0x0, 0x0, 0x25, 0x0, 0x0, 0x0,
    0x0, 0x2, 0xf1, 0x0, 0xad, 0x43, 0x33, 0x30,
    0x6, 0x2, 0xf1, 0x6, 0xfc, 0xcc, 0xcf, 0x80,
    0x2f, 0x92, 0xf1, 0x7f, 0x32, 0x0, 0x9d, 0x0,
    0x5, 0xf7, 0xf1, 0x84, 0x1f, 0x67, 0xf3, 0x0,
    0x0, 0x85, 0xf1, 0x0, 0x8, 0xfe, 0x30, 0x0,
    0x0, 0x2, 0xf1, 0x3a, 0xef, 0x82, 0xd2, 0x0,
    0x0, 0x9, 0xf1, 0x1a, 0x50, 0x1, 0xf3, 0x0,
    0x0, 0x6f, 0xf1, 0xef, 0xff, 0xff, 0xff, 0xf4,
    0x6, 0xf6, 0xf1, 0x11, 0x51, 0x11, 0xf3, 0x10,
    0x2f, 0x72, 0xf1, 0x4, 0xf2, 0x1, 0xf3, 0x0,
    0x4, 0x2, 0xf1, 0x0, 0xdb, 0x1, 0xf3, 0x0,
    0x0, 0x2, 0xf1, 0x0, 0x46, 0x1, 0xf3, 0x0,
    0x0, 0x2, 0xf1, 0x0, 0x0, 0x4a, 0xf1, 0x0,
    0x0, 0x2, 0xf1, 0x0, 0x0, 0x5e, 0x80, 0x0,
    0x0, 0x0, 0x0, 0x0, 0x0, 0x0, 0x0, 0x0,

    /* U+5C07 "將" */
    0x0, 0x0, 0x0, 0x0, 0x0, 0x10, 0x0, 0x0,
    0x0, 0x0, 0xf, 0x30, 0x3, 0xf4, 0x0, 0x0,
    0x3, 0xd0, 0xf, 0x20, 0xd, 0xfd, 0xdd, 0x40,
    0x3, 0xe0, 0xf, 0x21, 0xca, 0x11, 0x6e, 0x0,
    0x3, 0xe0, 0xf, 0x5d, 0xb1, 0xd3, 0xd5, 0x0,
    0x3, 0xf4, 0x4f, 0x38, 0x32, 0x7f, 0x80, 0x0,
    0x2, 0xbb, 0xbf, 0x20, 0x4d, 0xa8, 0x0, 0x0,
    0x0, 0x0, 0xf, 0x36, 0xbe, 0x50, 0xe3, 0x0,
    0x19, 0x99, 0x9f, 0x3c, 0x71, 0x0, 0xe3, 0x0,
    0x7, 0xad, 0x7f, 0x2e, 0xff, 0xff, 0xff, 0xf2,
    0x0, 0x8a, 0xf, 0x21, 0x20, 0x0, 0xe3, 0x10,
    0x0, 0xa8, 0xf, 0x20, 0xd8, 0x0, 0xe3, 0x0,
    0x0, 0xe4, 0xf, 0x20, 0x5f, 0x10, 0xe3, 0x0,
    0x5, 0xf0, 0xf, 0x20, 0x6, 0x0, 0xe3, 0x0,
    0x1e, 0x80, 0xf, 0x30, 0x0, 0x46, 0xf2, 0x0,
    0x2a, 0x10, 0xf, 0x30, 0x0, 0x5d, 0x90, 0x0,

    /* U+5C0F "小" */
    0x0, 0x0, 0x0, 0x6f, 0x0, 0x0, 0x0, 0x0,
    0x0, 0x0, 0x5e, 0x0, 0x0, 0x0, 0x0, 0x0,
    0x0, 0x5e, 0x0, 0x0, 0x0, 0x0, 0x0, 0x0,
    0x5e, 0x0, 0x0, 0x0, 0x0, 0x2d, 0x30, 0x5e,
    0x0, 0xd3, 0x0, 0x0, 0x7f, 0x0, 0x5e, 0x0,
    0xbc, 0x0, 0x0, 0xca, 0x0, 0x5e, 0x0, 0x3f,
    0x50, 0x2, 0xf4, 0x0, 0x5e, 0x0, 0xa, 0xd0,
    0x9, 0xe0, 0x0, 0x5e, 0x0, 0x3, 0xf4, 0x1f,
    0x70, 0x0, 0x5e, 0x0, 0x0, 0xcb, 0x3c, 0x10,
    0x0, 0x5e, 0x0, 0x0, 0x32, 0x0, 0x0, 0x0,
    0x5e, 0x0, 0x0, 0x0, 0x0, 0x0, 0x1, 0x7e,
    0x0, 0x0, 0x0, 0x0, 0x0, 0x2f, 0xf9, 0x0,
    0x0, 0x0, 0x0, 0x0, 0x4, 0x20, 0x0, 0x0,
    0x0,

    /* U+5C4F "屏" */
    0x0, 0x5f, 0xff, 0xff, 0xff, 0xff, 0xff, 0x0,
    0x0, 0x5d, 0x0, 0x0, 0x0, 0x0, 0x2e, 0x0,
    0x0, 0x4f, 0xff, 0xff, 0xff, 0xff, 0xff, 0x0,
    0x0, 0x4d, 0x0, 0x25, 0x0, 0x5, 0x20, 0x0,
    0x0, 0x4c, 0x0, 0x5e, 0x10, 0xe, 0x60, 0x0,
    0x0, 0x5c, 0x14, 0x4b, 0x64, 0x7e, 0x44, 0x30,
    0x0, 0x6b, 0x4b, 0xbf, 0xcb, 0xbf, 0xcc, 0x70,
    0x0, 0x8a, 0x0, 0xd, 0x30, 0xf, 0x10, 0x0,
    0x0, 0xb7, 0xcd, 0xdf, 0xed, 0xdf, 0xdd, 0xe2,
    0x1, 0xf4, 0x11, 0x1f, 0x31, 0x1f, 0x21, 0x10,
    0x7, 0xe0, 0x0, 0x5e, 0x0, 0xf, 0x10, 0x0,
    0xe, 0x80, 0x4, 0xf6, 0x0, 0xf, 0x10, 0x0,
    0x1, 0x10, 0x2f, 0x70, 0x0, 0x1f, 0x20, 0x0,
    0x0, 0x0, 0x0, 0x0, 0x0, 0x0, 0x0, 0x0,

    /* U+5DF2 "已" */
    0x0, 0x0, 0x0, 0x0, 0x0, 0x0, 0x0, 0x7f,
    0xff, 0xff, 0xff, 0xff, 0xff, 0x0, 0x13, 0x22,
    0x22, 0x22, 0x22, 0x6f, 0x0, 0x0, 0x0, 0x0,
    0x0, 0x0, 0x4f, 0x0, 0xa, 0x60, 0x0, 0x0,
    0x0, 0x4f, 0x0, 0xe, 0x80, 0x0, 0x0, 0x0,
    0x4f, 0x0, 0xd, 0xff, 0xff, 0xff, 0xff, 0xff,
    0x0, 0xd, 0x81, 0x11, 0x11, 0x11, 0x5f, 0x10,
    0xd, 0x70, 0x0, 0x0, 0x0, 0x1, 0x0, 0xd,
    0x70, 0x0, 0x0, 0x0, 0x0, 0x0, 0xd, 0x70,
    0x0, 0x0, 0x0, 0x0, 0x62, 0xd, 0x70, 0x0,
    0x0, 0x0, 0x0, 0xeb, 0xc, 0xd4, 0x44, 0x44,
    0x44, 0x48, 0xf6, 0x4, 0xde, 0xff, 0xff, 0xff,
    0xfe, 0xa0,

    /* U+5E38 "常" */
    0x0, 0x70, 0x0, 0xe5, 0x0, 0x72, 0x0, 0x0,
    0xd8, 0x0, 0xe5, 0x2, 0xf3, 0x0, 0x0, 0x5a,
    0x0, 0xd5, 0xa, 0xa0, 0x0, 0xff, 0xff, 0xff,
    0xff, 0xff, 0xff, 0xf5, 0xe4, 0x0, 0x0, 0x0,
    0x0, 0x0, 0xe5, 0xe4, 0xef, 0xff, 0xff, 0xff,
    0xf3, 0xc4, 0x0, 0xe4, 0x0, 0x0, 0x0, 0xe3,
    0x0, 0x0, 0xee, 0xee, 0xee, 0xee, 0xf3, 0x0,
    0x0, 0x11, 0x11, 0xd6, 0x11, 0x10, 0x0, 0x4,
    0x44, 0x44, 0xe8, 0x44, 0x44, 0x10, 0xe, 0xbb,
    0xbb, 0xfc, 0xbb, 0xbe, 0x60, 0xe, 0x10, 0x0,
    0xd5, 0x0, 0xa, 0x60, 0xe, 0x10, 0x0, 0xd5,
    0x1, 0x2c, 0x50, 0xc, 0x10, 0x0, 0xe5, 0x9,
    0xfc, 0x10, 0x0, 0x0, 0x0, 0xe5, 0x0, 0x0,
    0x0,

    /* U+5E76 "并" */
    0x0, 0x0, 0x0, 0x0, 0x0, 0x10, 0x0, 0x0,
    0x0, 0x0, 0xc5, 0x0, 0x0, 0xdc, 0x0, 0x0,
    0x0, 0x0, 0xaf, 0x10, 0x1, 0xf6, 0x0, 0x0,
    0x0, 0x0, 0x1e, 0x50, 0x6, 0xf0, 0x0, 0x0,
    0x3, 0xff, 0xff, 0xff, 0xff, 0xff, 0xff, 0x10,
    0x0, 0x33, 0x2f, 0x52, 0x25, 0xf2, 0x23, 0x0,
    0x0, 0x0, 0xf, 0x30, 0x3, 0xf0, 0x0, 0x0,
    0x0, 0x0, 0xf, 0x30, 0x3, 0xf0, 0x0, 0x0,
    0x4, 0x33, 0x3f, 0x63, 0x36, 0xf3, 0x33, 0x40,
    0x2e, 0xee, 0xef, 0xee, 0xee, 0xfe, 0xee, 0xe2,
    0x0, 0x0, 0x4f, 0x0, 0x3, 0xf0, 0x0, 0x0,
    0x0, 0x0, 0x9c, 0x0, 0x3, 0xf0, 0x0, 0x0,
    0x0, 0x5, 0xf4, 0x0, 0x3, 0xf0, 0x0, 0x0,
    0x0, 0x8f, 0x80, 0x0, 0x3, 0xf0, 0x0, 0x0,
    0x5, 0xf6, 0x0, 0x0, 0x3, 0xf0, 0x0, 0x0,
    0x0, 0x10, 0x0, 0x0, 0x0, 0x0, 0x0, 0x0,

    /* U+5E8A "床" */
    0x0, 0x0, 0x0, 0x0, 0x0, 0x0, 0x0, 0x0,
    0x0, 0x0, 0x0, 0xc8, 0x0, 0x0, 0x0, 0x0,
    0x12, 0x22, 0x29, 0xe2, 0x22, 0x22, 0x0, 0xe,
    0xff, 0xff, 0xff, 0xff, 0xff, 0xd0, 0x0, 0xe6,
    0x0, 0x0, 0x84, 0x0, 0x0, 0x0, 0xd, 0x60,
    0x0, 0xd, 0x70, 0x0, 0x0, 0x0, 0xd6, 0x11,
    0x11, 0xd7, 0x11, 0x11, 0x0, 0xd, 0x6f, 0xff,
    0xff, 0xff, 0xff, 0xf0, 0x0, 0xe5, 0x0, 0xe,
    0xff, 0x20, 0x0, 0x0, 0xe, 0x40, 0x5, 0xed,
    0xeb, 0x0, 0x0, 0x0, 0xf3, 0x0, 0xd6, 0xd7,
    0xe8, 0x0, 0x0, 0x2f, 0x10, 0x9c, 0xd, 0x64,
    0xf7, 0x0, 0x5, 0xe0, 0x6f, 0x20, 0xd6, 0x6,
    0xfb, 0x20, 0xaa, 0x5f, 0x50, 0xd, 0x60, 0x4,
    0xf5, 0x2f, 0x40, 0x50, 0x0, 0xd6, 0x0, 0x1,
    0x2, 0xa0, 0x0, 0x0, 0xd, 0x60, 0x0, 0x0,

    /* U+5EA6 "度" */
    0x0, 0x0, 0x0, 0x4, 0xb0, 0x0, 0x0, 0x0,
    0x0, 0x11, 0x11, 0x14, 0xf5, 0x11, 0x12, 0x0,
    0x0, 0xcf, 0xee, 0xee, 0xee, 0xee, 0xee, 0x30,
    0x0, 0xc6, 0x0, 0x84, 0x0, 0x3a, 0x0, 0x0,
    0x0, 0xc6, 0x10, 0xd6, 0x0, 0x4f, 0x1, 0x0,
    0x0, 0xc6, 0xee, 0xfe, 0xee, 0xef, 0xee, 0x40,
    0x0, 0xc6, 0x0, 0xd6, 0x0, 0x4f, 0x0, 0x0,
    0x0, 0xd5, 0x0, 0xdd, 0xbb, 0xcf, 0x0, 0x0,
    0x0, 0xe4, 0x1, 0x44, 0x44, 0x44, 0x0, 0x0,
    0x0, 0xf2, 0x9e, 0xfe, 0xee, 0xef, 0x90, 0x0,
    0x2, 0xf0, 0x0, 0x9a, 0x0, 0x6e, 0x0, 0x0,
    0x6, 0xd0, 0x0, 0xd, 0x85, 0xe3, 0x0, 0x0,
    0xb, 0x80, 0x0, 0x4, 0xff, 0x70, 0x0, 0x0,
    0x2f, 0x24, 0x69, 0xdd, 0x88, 0xdf, 0xcb, 0x90,
    0x3, 0x4, 0xa6, 0x30, 0x0, 0x2, 0x58, 0x70,

    /* U+5F00 "开" */
    0x0, 0x0, 0x0, 0x0, 0x0, 0x0, 0x0, 0x0,
    0x0, 0xef, 0xff, 0xff, 0xff, 0xff, 0xff, 0x60,
    0x0, 0x22, 0x27, 0xe2, 0x22, 0xf7, 0x22, 0x10,
    0x0, 0x0, 0x6, 0xe0, 0x0, 0xf5, 0x0, 0x0,
    0x0, 0x0, 0x6, 0xe0, 0x0, 0xf5, 0x0, 0x0,
    0x0, 0x0, 0x6, 0xe0, 0x0, 0xf5, 0x0, 0x0,
    0x5, 0x44, 0x48, 0xf4, 0x44, 0xf8, 0x44, 0x51,
    0xe, 0xdd, 0xce, 0xfc, 0xcc, 0xfd, 0xcd, 0xd3,
    0x0, 0x0, 0x9, 0xb0, 0x0, 0xf5, 0x0, 0x0,
    0x0, 0x0, 0xe, 0x70, 0x0, 0xf5, 0x0, 0x0,
    0x0, 0x0, 0x7f, 0x20, 0x0, 0xf5, 0x0, 0x0,
    0x0, 0x4, 0xf8, 0x0, 0x0, 0xf5, 0x0, 0x0,
    0x1, 0x8f, 0xa0, 0x0, 0x0, 0xf6, 0x0, 0x0,
    0x2, 0xb8, 0x0, 0x0, 0x0, 0xf6, 0x0, 0x0,

    /* U+5F02 "异" */
    0x0, 0x2f, 0xff, 0xff, 0xff, 0xff, 0xc0, 0x0,
    0x0, 0x2f, 0x20, 0x0, 0x0, 0x7, 0xb0, 0x0,
    0x0, 0x2f, 0xff, 0xff, 0xff, 0xff, 0xc0, 0x0,
    0x0, 0x2f, 0x20, 0x0, 0x0, 0x0, 0x4, 0x0,
    0x0, 0x1f, 0x51, 0x11, 0x11, 0x11, 0x1f, 0x50,
    0x0, 0xb, 0xef, 0xff, 0xff, 0xff, 0xeb, 0x0,
    0x0, 0x0, 0x6, 0x20, 0x0, 0x63, 0x0, 0x0,
    0x0, 0x0, 0xf, 0x50, 0x0, 0xe6, 0x0, 0x0,
    0x1f, 0xff, 0xff, 0xff, 0xff, 0xff, 0xff, 0xf0,
    0x2, 0x11, 0x5f, 0x21, 0x11, 0xd7, 0x12, 0x20,
    0x0, 0x0, 0xc9, 0x0, 0x0, 0xd6, 0x0, 0x0,
    0x2, 0x6d, 0xc0, 0x0, 0x0, 0xd6, 0x0, 0x0,
    0x6, 0xe6, 0x0, 0x0, 0x0, 0xe7, 0x0, 0x0,
    0x0, 0x0, 0x0, 0x0, 0x0, 0x0, 0x0, 0x0,

    /* U+5F52 "归" */
    0x0, 0x0, 0x4f, 0x10, 0x0, 0x0, 0x0, 0x0,
    0x21, 0x3, 0xf2, 0x98, 0x88, 0x88, 0x83, 0xe,
    0x60, 0x3f, 0x2a, 0x99, 0x99, 0x9f, 0x60, 0xd6,
    0x2, 0xf0, 0x0, 0x0, 0x0, 0xe6, 0xd, 0x60,
    0x3f, 0x0, 0x0, 0x0, 0xe, 0x60, 0xd6, 0x4,
    0xf0, 0x0, 0x0, 0x0, 0xe6, 0xd, 0x60, 0x5e,
    0x5, 0xcb, 0xbb, 0xbf, 0x60, 0xd6, 0x7, 0xc0,
    0x25, 0x55, 0x55, 0xf6, 0xe, 0x60, 0xaa, 0x0,
    0x0, 0x0, 0xe, 0x60, 0xd6, 0xf, 0x40, 0x0,
    0x0, 0x0, 0xe6, 0x0, 0x6, 0xe0, 0x0, 0x0,
    0x0, 0xe, 0x60, 0x2, 0xf6, 0xa, 0xff, 0xff,
    0xff, 0xf6, 0x3, 0xea, 0x0, 0x12, 0x11, 0x11,
    0x1e, 0x61, 0xeb, 0x0, 0x0, 0x0, 0x0, 0x0,
    0xb5, 0x2, 0x0, 0x0, 0x0, 0x0, 0x0, 0x0,
    0x0,

    /* U+5F85 "待" */
    0x0, 0x0, 0xc3, 0x0, 0xc, 0x70, 0x0, 0x0,
    0x0, 0xa, 0xb0, 0x0, 0xc, 0x60, 0x0, 0x0,
    0x0, 0x9d, 0x10, 0xce, 0xef, 0xfe, 0xfb, 0x0,
    0xa, 0xe1, 0x42, 0x12, 0x1c, 0x71, 0x11, 0x0,
    0x6, 0x20, 0xe8, 0x0, 0xc, 0x60, 0x0, 0x0,
    0x0, 0xa, 0xd7, 0xed, 0xdf, 0xed, 0xdd, 0xd5,
    0x0, 0x5f, 0x51, 0x33, 0x22, 0x26, 0xe2, 0x31,
    0x3, 0xff, 0x50, 0x0, 0x0, 0x4, 0xe0, 0x0,
    0x2f, 0x7e, 0x59, 0xff, 0xff, 0xff, 0xff, 0xf2,
    0x5, 0xe, 0x51, 0x25, 0x11, 0x15, 0xe1, 0x20,
    0x0, 0xe, 0x50, 0x2f, 0x60, 0x4, 0xe0, 0x0,
    0x0, 0xe, 0x50, 0xa, 0xf1, 0x4, 0xe0, 0x0,
    0x0, 0xe, 0x50, 0x1, 0x70, 0x5, 0xe0, 0x0,
    0x0, 0xe, 0x50, 0x0, 0x2, 0xcf, 0xc0, 0x0,
    0x0, 0xe, 0x50, 0x0, 0x0, 0xb8, 0x10, 0x0,

    /* U+5F97 "得" */
    0x0, 0x0, 0x50, 0x0, 0x0, 0x0, 0x0, 0x0,
    0x0, 0x8, 0xf2, 0x3f, 0xff, 0xff, 0xfe, 0x0,
    0x0, 0x6f, 0x40, 0x3e, 0x22, 0x22, 0x5e, 0x0,
    0x6, 0xf5, 0x0, 0x3f, 0xcc, 0xcc, 0xde, 0x0,
    0x3, 0x51, 0xe6, 0x3e, 0x0, 0x0, 0x4e, 0x0,
    0x0, 0xa, 0xe1, 0x3f, 0xff, 0xff, 0xfd, 0x0,
    0x0, 0x6f, 0x40, 0x10, 0x0, 0x0, 0x0, 0x10,
    0x6, 0xff, 0x12, 0xee, 0xee, 0xee, 0xfe, 0xb0,
    0x1e, 0x6f, 0x10, 0x0, 0x0, 0x1, 0xf1, 0x0,
    0x0, 0x1f, 0x3f, 0xff, 0xff, 0xff, 0xff, 0xf3,
    0x0, 0x1f, 0x10, 0x16, 0x0, 0x1, 0xf1, 0x0,
    0x0, 0x1f, 0x10, 0x3f, 0x40, 0x1, 0xf1, 0x0,
    0x0, 0x1f, 0x10, 0x7, 0x80, 0x36, 0xf0, 0x0,
    0x0, 0x1f, 0x10, 0x0, 0x0, 0xce, 0x70, 0x0,
    0x0, 0x0, 0x0, 0x0, 0x0, 0x0, 0x0, 0x0,

    /* U+6001 "态" */
    0x0, 0x0, 0x0, 0x1, 0x0, 0x0, 0x0, 0x0,
    0x0, 0x0, 0x0, 0x5f, 0x20, 0x0, 0x0, 0x0,
    0x0, 0x0, 0x0, 0x8d, 0x0, 0x0, 0x0, 0x0,
    0xe, 0xff, 0xff, 0xff, 0xff, 0xff, 0xff, 0x80,
    0x3, 0x32, 0x26, 0xf4, 0x4f, 0x42, 0x23, 0x10,
    0x0, 0x0, 0xc, 0xa0, 0xa, 0xa0, 0x0, 0x0,
    0x0, 0x0, 0xbd, 0x82, 0x1, 0xe9, 0x0, 0x0,
    0x0, 0x3d, 0xd2, 0xaf, 0x30, 0x2e, 0xc5, 0x0,
    0xb, 0xfa, 0x10, 0x9, 0x30, 0x1, 0x9f, 0xb0,
    0x5, 0x50, 0x0, 0x1, 0x40, 0x0, 0x1, 0x10,
    0x0, 0x71, 0x19, 0x26, 0xe0, 0x0, 0xb4, 0x0,
    0x2, 0xf4, 0x2f, 0x30, 0xd4, 0x0, 0x8e, 0x10,
    0x7, 0xd0, 0x1f, 0x30, 0x0, 0x18, 0x1d, 0xb0,
    0xe, 0x70, 0x1f, 0x73, 0x33, 0x9f, 0x23, 0x60,
    0x6, 0x10, 0xb, 0xef, 0xff, 0xe7, 0x0, 0x0,

    /* U+6025 "急" */
    0x0, 0x0, 0x3, 0x0, 0x0, 0x0, 0x0, 0x0,
    0x0, 0x0, 0x1f, 0xa0, 0x0, 0x0, 0x0, 0x0,
    0x0, 0x0, 0xbf, 0xba, 0xaa, 0xa9, 0x0, 0x0,
    0x0, 0x9, 0xe4, 0x33, 0x36, 0xf5, 0x0, 0x0,
    0x0, 0x9f, 0x20, 0x0, 0xc, 0x90, 0x0, 0x0,
    0xb, 0xec, 0xee, 0xee, 0xee, 0xee, 0xf5, 0x0,
    0x5, 0x10, 0x0, 0x0, 0x0, 0x0, 0xe5, 0x0,
    0x0, 0x5e, 0xdd, 0xdd, 0xdd, 0xdd, 0xf5, 0x0,
    0x0, 0x0, 0x0, 0x0, 0x0, 0x0, 0xe5, 0x0,
    0x0, 0x8f, 0xff, 0xff, 0xff, 0xff, 0xf5, 0x0,
    0x0, 0x11, 0x11, 0x2, 0x40, 0x0, 0x60, 0x0,
    0x2, 0xc0, 0x4f, 0x4, 0xf2, 0x1, 0xd9, 0x0,
    0x8, 0xc0, 0x4e, 0x0, 0x83, 0x5, 0x2e, 0x90,
    0xe, 0x60, 0x4f, 0x0, 0x0, 0x5f, 0x24, 0xa0,
    0x2c, 0x0, 0x1d, 0xee, 0xee, 0xf8, 0x0, 0x0,

    /* U+606F "息" */
    0x0, 0x0, 0x0, 0xb6, 0x0, 0x0, 0x0, 0x0,
    0x0, 0x1, 0x12, 0xf3, 0x11, 0x11, 0x10, 0x0,
    0x0, 0x1f, 0xcc, 0xcc, 0xcc, 0xcc, 0xf3, 0x0,
    0x0, 0x1f, 0x31, 0x11, 0x11, 0x11, 0xf3, 0x0,
    0x0, 0x1f, 0xcc, 0xcc, 0xcc, 0xcc, 0xf3, 0x0,
    0x0, 0x1f, 0x31, 0x11, 0x11, 0x11, 0xf3, 0x0,
    0x0, 0x1f, 0xcc, 0xcc, 0xcc, 0xcc, 0xf3, 0x0,
    0x0, 0x1f, 0x31, 0x11, 0x11, 0x11, 0xf3, 0x0,
    0x0, 0x1c, 0xcc, 0xcc, 0xcc, 0xcc, 0xc2, 0x0,
    0x0, 0x0, 0x36, 0x3, 0x60, 0x0, 0x22, 0x0,
    0x2, 0xe0, 0x6d, 0x4, 0xf2, 0x0, 0xad, 0x10,
    0x7, 0xc0, 0x6d, 0x0, 0x71, 0x2, 0xc, 0xc0,
    0xe, 0x60, 0x6d, 0x0, 0x0, 0x4f, 0x12, 0xb1,
    0x5, 0x0, 0x3e, 0xff, 0xff, 0xf9, 0x0, 0x0,

    /* U+60C5 "情" */
    0x0, 0x1f, 0x20, 0x0, 0x1, 0xf2, 0x0, 0x0,
    0x0, 0xf, 0x20, 0xac, 0xcc, 0xfc, 0xcc, 0xa0,
    0x0, 0xf, 0x21, 0x23, 0x23, 0xf3, 0x23, 0x20,
    0x8, 0x7f, 0x9b, 0x6f, 0xff, 0xff, 0xff, 0x50,
    0xc, 0x6f, 0x5f, 0x0, 0x1, 0xf2, 0x0, 0x0,
    0xe, 0x3f, 0x22, 0xff, 0xff, 0xff, 0xff, 0xf6,
    0x2f, 0xf, 0x20, 0x12, 0x22, 0x22, 0x22, 0x0,
    0x16, 0xf, 0x20, 0x1f, 0xdd, 0xdd, 0xdf, 0x0,
    0x0, 0xf, 0x20, 0x1f, 0x10, 0x0, 0x3f, 0x0,
    0x0, 0xf, 0x20, 0x1f, 0xee, 0xee, 0xef, 0x0,
    0x0, 0xf, 0x20, 0x1f, 0x10, 0x0, 0x3f, 0x0,
    0x0, 0xf, 0x20, 0x1f, 0xff, 0xff, 0xff, 0x0,
    0x0, 0xf, 0x20, 0x1f, 0x10, 0x0, 0x2f, 0x0,
    0x0, 0xf, 0x20, 0x1f, 0x10, 0x0, 0x8e, 0x0,
    0x0, 0x1f, 0x20, 0x1f, 0x10, 0x0, 0xd8, 0x0,

    /* U+614B "態" */
    0x0, 0x0, 0x0, 0x0, 0x0, 0x0, 0x0, 0x0,
    0x0, 0x6, 0xc0, 0x0, 0xf, 0x20, 0x45, 0x0,
    0x1, 0x8e, 0x41, 0xc2, 0xf, 0xbd, 0xb7, 0x0,
    0xe, 0xfb, 0xbc, 0xfe, 0x1f, 0x50, 0x9, 0x30,
    0x4, 0x43, 0x21, 0x17, 0xc, 0xfe, 0xed, 0x10,
    0x4, 0xfe, 0xee, 0xfa, 0x5, 0x0, 0x1, 0x0,
    0x4, 0xfa, 0xaa, 0xda, 0xf, 0x68, 0xdc, 0x10,
    0x4, 0xf3, 0x33, 0x9a, 0xf, 0xb6, 0x10, 0x0,
    0x4, 0xff, 0xff, 0xfa, 0xf, 0x20, 0x4, 0x80,
    0x4, 0xe2, 0x25, 0xc9, 0xf, 0x72, 0x3b, 0xa0,
    0x4, 0xc0, 0x8, 0xa2, 0x6, 0xbb, 0xba, 0x10,
    0x0, 0x84, 0x8d, 0x7, 0xb0, 0x0, 0x28, 0x0,
    0x2, 0xf4, 0x7c, 0x0, 0xe7, 0x1, 0x2f, 0x70,
    0xb, 0xd0, 0x7c, 0x0, 0x10, 0x1f, 0x27, 0xf2,
    0x7, 0x30, 0x4f, 0xff, 0xff, 0xfa, 0x0, 0x60,

    /* U+6210 "成" */
    0x0, 0x0, 0x0, 0x0, 0x0, 0x0, 0x0, 0x0,
    0x0, 0x0, 0x0, 0x0, 0x5f, 0xa, 0x80, 0x0,
    0x0, 0x0, 0x0, 0x0, 0x5f, 0x3, 0xe9, 0x0,
    0x0, 0x0, 0x0, 0x0, 0x4f, 0x0, 0x47, 0x0,
    0x0, 0xcf, 0xff, 0xff, 0xff, 0xff, 0xff, 0xa0,
    0x0, 0xc8, 0x11, 0x11, 0x2f, 0x21, 0x11, 0x10,
    0x0, 0xb7, 0x0, 0x0, 0xf, 0x20, 0x79, 0x0,
    0x0, 0xbf, 0xff, 0xf7, 0xd, 0x40, 0xda, 0x0,
    0x0, 0xc8, 0x22, 0xd6, 0xb, 0x84, 0xf2, 0x0,
    0x0, 0xc6, 0x0, 0xd5, 0x8, 0xbd, 0x90, 0x0,
    0x0, 0xe5, 0x0, 0xe3, 0x3, 0xfe, 0x10, 0x0,
    0x1, 0xf3, 0x0, 0xf2, 0x4, 0xf9, 0x0, 0x30,
    0x5, 0xf0, 0x9d, 0xf0, 0x4f, 0xaf, 0x21, 0xf3,
    0xc, 0xa0, 0x68, 0x48, 0xf6, 0xa, 0xe8, 0xf1,
    0x3f, 0x20, 0x0, 0xcd, 0x30, 0x1, 0xcf, 0xc0,
    0x0, 0x0, 0x0, 0x20, 0x0, 0x0, 0x3, 0x10,

    /* U+6216 "或" */
    0x0, 0x0, 0x0, 0x0, 0x0, 0x0, 0x0, 0x0,
    0x0, 0x0, 0x0, 0x4f, 0xb, 0x40, 0x0, 0x0,
    0x0, 0x0, 0x4, 0xf0, 0x6f, 0x30, 0x1, 0x21,
    0x11, 0x11, 0x5e, 0x11, 0x83, 0x10, 0xbe, 0xee,
    0xee, 0xee, 0xfe, 0xee, 0xeb, 0x0, 0x0, 0x0,
    0x0, 0x2f, 0x0, 0x0, 0x0, 0xd, 0xff, 0xff,
    0x11, 0xf1, 0x3, 0x80, 0x0, 0xe4, 0x1, 0xf1,
    0xf, 0x30, 0x8d, 0x0, 0xe, 0x40, 0x1f, 0x10,
    0xc6, 0xe, 0x50, 0x0, 0xe4, 0x1, 0xf1, 0x9,
    0x96, 0xd0, 0x0, 0xe, 0xff, 0xff, 0x10, 0x5e,
    0xe5, 0x0, 0x0, 0x0, 0x0, 0x3, 0x0, 0xfb,
    0x0, 0x0, 0x1, 0x47, 0xbf, 0xe0, 0x9f, 0xc0,
    0x2, 0xa, 0xfe, 0x95, 0x21, 0xbd, 0x2e, 0x71,
    0xf3, 0x32, 0x0, 0x8, 0xfa, 0x10, 0x4f, 0xdd,
    0x0, 0x0, 0x0, 0x74, 0x0, 0x0, 0x4a, 0x30,

    /* U+6240 "所" */
    0x0, 0x0, 0x3, 0x60, 0x0, 0x0, 0x37, 0x0,
    0xa, 0xdf, 0xdb, 0x1a, 0xce, 0xfe, 0xc3, 0x0,
    0xe6, 0x0, 0x0, 0xe6, 0x10, 0x0, 0x0, 0xe,
    0x50, 0x0, 0xd, 0x40, 0x0, 0x0, 0x0, 0xec,
    0xaa, 0x90, 0xd4, 0x0, 0x0, 0x0, 0xd, 0x85,
    0x7e, 0xe, 0xdc, 0xcc, 0xcb, 0x0, 0xd5, 0x3,
    0xe0, 0xe6, 0x36, 0xf3, 0x30, 0xe, 0x50, 0x3d,
    0xf, 0x20, 0x4e, 0x0, 0x0, 0xf6, 0x25, 0xd0,
    0xf1, 0x4, 0xe0, 0x0, 0xf, 0xee, 0xec, 0x2e,
    0x0, 0x4e, 0x0, 0x2, 0xf2, 0x0, 0x6, 0xb0,
    0x4, 0xe0, 0x0, 0x6f, 0x0, 0x0, 0xc6, 0x0,
    0x4e, 0x0, 0xc, 0x80, 0x0, 0x5f, 0x10, 0x4,
    0xf0, 0x1, 0xc1, 0x0, 0xd, 0x70, 0x0, 0x5f,
    0x0, 0x0, 0x0, 0x0, 0x10, 0x0, 0x0, 0x0,
    0x0,

    /* U+6253 "打" */
    0x0, 0x6, 0xf0, 0x0, 0x0, 0x0, 0x0, 0x0,
    0x0, 0x5, 0xf0, 0x5, 0x77, 0x77, 0x77, 0x73,
    0x0, 0x5, 0xe0, 0x6, 0x99, 0x9f, 0xb9, 0x94,
    0xb, 0xde, 0xfd, 0xd5, 0x0, 0xf, 0x40, 0x0,
    0x4, 0x47, 0xf3, 0x31, 0x0, 0xf, 0x40, 0x0,
    0x0, 0x5, 0xe0, 0x0, 0x0, 0xf, 0x40, 0x0,
    0x0, 0x5, 0xe3, 0x91, 0x0, 0xf, 0x40, 0x0,
    0x0, 0x4a, 0xfe, 0x90, 0x0, 0xf, 0x40, 0x0,
    0xe, 0xec, 0xe0, 0x0, 0x0, 0xf, 0x40, 0x0,
    0x3, 0x5, 0xe0, 0x0, 0x0, 0xf, 0x40, 0x0,
    0x0, 0x5, 0xe0, 0x0, 0x0, 0xf, 0x40, 0x0,
    0x0, 0x5, 0xe0, 0x0, 0x0, 0xf, 0x40, 0x0,
    0x0, 0x39, 0xe0, 0x0, 0x1, 0x5f, 0x40, 0x0,
    0x0, 0xef, 0x70, 0x0, 0xc, 0xfd, 0x0, 0x0,
    0x0, 0x10, 0x0, 0x0, 0x2, 0x20, 0x0, 0x0,

    /* U+626B "扫" */
    0x0, 0x7, 0xf0, 0x0, 0x0, 0x0, 0x0, 0x0,
    0x0, 0x6e, 0x0, 0x8f, 0xff, 0xff, 0xff, 0x0,
    0x6, 0xe0, 0x2, 0x33, 0x33, 0x37, 0xf0, 0xfe,
    0xef, 0xde, 0x20, 0x0, 0x0, 0x5e, 0x4, 0x48,
    0xf4, 0x40, 0x0, 0x0, 0x5, 0xe0, 0x0, 0x6e,
    0x1, 0x0, 0x0, 0x0, 0x5e, 0x0, 0x6, 0xf8,
    0xe0, 0xcf, 0xff, 0xff, 0xe0, 0x2, 0xbf, 0xa2,
    0x2, 0x21, 0x11, 0x6e, 0xa, 0xfd, 0xe0, 0x0,
    0x0, 0x0, 0x5, 0xe0, 0x73, 0x6e, 0x0, 0x0,
    0x0, 0x0, 0x5e, 0x0, 0x6, 0xe0, 0x0, 0x0,
    0x0, 0x5, 0xe0, 0x0, 0x6e, 0x0, 0x54, 0x44,
    0x44, 0x8e, 0x0, 0x6, 0xe0, 0xd, 0xdd, 0xdd,
    0xde, 0xf0, 0xb, 0xe8, 0x0, 0x0, 0x0, 0x0,
    0x5f, 0x0, 0x20, 0x0, 0x0, 0x0, 0x0, 0x0,
    0x0,

    /* U+62BD "抽" */
    0x0, 0x0, 0x0, 0x0, 0x0, 0x0, 0x0, 0x0,
    0x0, 0xe3, 0x0, 0x0, 0xf, 0x30, 0x0, 0x0,
    0xe, 0x30, 0x0, 0x0, 0xf3, 0x0, 0x0, 0x0,
    0xd3, 0x0, 0x0, 0xe, 0x30, 0x0, 0x1e, 0xdf,
    0xeb, 0x2e, 0xee, 0xfe, 0xee, 0xd0, 0x32, 0xe5,
    0x22, 0xe1, 0x1e, 0x41, 0x6e, 0x0, 0xd, 0x30,
    0x2e, 0x0, 0xe3, 0x5, 0xd0, 0x0, 0xd6, 0x72,
    0xe0, 0xe, 0x30, 0x5d, 0x3, 0x8f, 0xf9, 0x2f,
    0xcc, 0xfd, 0xcd, 0xd3, 0xfb, 0xe3, 0x2, 0xf3,
    0x3f, 0x63, 0x7d, 0x2, 0xd, 0x30, 0x2e, 0x0,
    0xe3, 0x5, 0xd0, 0x0, 0xd3, 0x2, 0xe0, 0xe,
    0x30, 0x5d, 0x0, 0xd, 0x30, 0x2e, 0x0, 0xe3,
    0x5, 0xd0, 0x13, 0xf2, 0x2, 0xff, 0xff, 0xff,
    0xfe, 0x7, 0xd8, 0x0, 0x3e, 0x0, 0x0, 0x5,
    0xe0,

    /* U+6307 "指" */
    0x0, 0xf, 0x40, 0x0, 0x0, 0x0, 0x0, 0x0,
    0x0, 0xe, 0x40, 0x1f, 0x20, 0x0, 0x20, 0x0,
    0x0, 0xe, 0x40, 0xf, 0x44, 0x8c, 0xe6, 0x0,
    0x2, 0x2e, 0x62, 0xf, 0xc8, 0x52, 0x0, 0x0,
    0xe, 0xdf, 0xed, 0xf, 0x20, 0x0, 0x4, 0x70,
    0x0, 0xe, 0x40, 0xf, 0x75, 0x55, 0x5c, 0xb0,
    0x0, 0xe, 0x55, 0x5, 0x89, 0x99, 0x97, 0x10,
    0x0, 0x5f, 0xf9, 0x1c, 0xcc, 0xcc, 0xcc, 0x0,
    0x5f, 0xef, 0x40, 0xf, 0x53, 0x33, 0x6e, 0x0,
    0x19, 0xe, 0x40, 0xf, 0x20, 0x0, 0x4e, 0x0,
    0x0, 0xe, 0x40, 0xf, 0xff, 0xff, 0xfe, 0x0,
    0x0, 0xe, 0x40, 0xf, 0x20, 0x0, 0x4e, 0x0,
    0x3, 0x4f, 0x30, 0xf, 0xee, 0xee, 0xee, 0x0,
    0x9, 0xea, 0x0, 0xf, 0x31, 0x11, 0x5f, 0x0,
    0x0, 0x0, 0x0, 0x1f, 0x20, 0x0, 0x0, 0x0,

    /* U+6324 "挤" */
    0x0, 0x0, 0x0, 0x0, 0x0, 0x10, 0x0, 0x0,
    0x0, 0x4f, 0x0, 0x0, 0xa, 0xb0, 0x0, 0x0,
    0x0, 0x3e, 0x0, 0x32, 0x27, 0xf3, 0x22, 0x30,
    0x0, 0x3e, 0x0, 0xce, 0xfd, 0xdd, 0xfe, 0xd0,
    0x3e, 0xef, 0xe8, 0x4, 0xe1, 0x2, 0xf2, 0x0,
    0x2, 0x5e, 0x21, 0x0, 0xbb, 0x1c, 0x90, 0x0,
    0x0, 0x3e, 0x1, 0x0, 0xd, 0xec, 0x0, 0x0,
    0x0, 0x3f, 0xc8, 0x0, 0x5e, 0xfe, 0x72, 0x0,
    0x1, 0xaf, 0x83, 0x7c, 0xf7, 0x7, 0xef, 0xf4,
    0x2f, 0xde, 0x5, 0xe8, 0x92, 0x1, 0x84, 0x80,
    0x6, 0x3e, 0x0, 0x0, 0xf4, 0x2, 0xf0, 0x0,
    0x0, 0x3e, 0x0, 0x1, 0xf2, 0x2, 0xf0, 0x0,
    0x0, 0x3e, 0x0, 0x4, 0xf0, 0x2, 0xf0, 0x0,
    0x0, 0x3e, 0x0, 0x1d, 0xa0, 0x2, 0xf0, 0x0,
    0x5, 0xcd, 0x4, 0xdd, 0x10, 0x2, 0xf0, 0x0,
    0x4, 0xb3, 0x5, 0xb1, 0x0, 0x2, 0xf1, 0x0,

    /* U+6362 "换" */
    0x0, 0xf, 0x30, 0x0, 0x77, 0x0, 0x0, 0x0,
    0x0, 0xf, 0x20, 0x0, 0xe5, 0x0, 0x0, 0x0,
    0x0, 0xf, 0x20, 0x8, 0xfe, 0xef, 0xe1, 0x0,
    0x15, 0x5f, 0x74, 0x4f, 0x30, 0xe, 0x40, 0x0,
    0x2a, 0xaf, 0xba, 0xf9, 0x11, 0x8b, 0x11, 0x0,
    0x0, 0xf, 0x20, 0x9f, 0xdd, 0xfd, 0xdf, 0x0,
    0x0, 0xf, 0x22, 0x2e, 0x3, 0xe0, 0x1f, 0x0,
    0x0, 0xf, 0xe8, 0x2e, 0x4, 0xd0, 0x1f, 0x0,
    0x19, 0xef, 0x40, 0x3e, 0x5, 0xd0, 0x1f, 0x10,
    0x9, 0x2f, 0x28, 0xee, 0xef, 0xfe, 0xee, 0xe5,
    0x0, 0xf, 0x20, 0x0, 0xd, 0xe9, 0x0, 0x0,
    0x0, 0xf, 0x20, 0x0, 0x9d, 0x1e, 0x50, 0x0,
    0x0, 0xf, 0x10, 0x1b, 0xd1, 0x4, 0xf7, 0x0,
    0x5, 0xcf, 0x9, 0xfa, 0x10, 0x0, 0x5f, 0xd1,
    0x2, 0x72, 0x4, 0x30, 0x0, 0x0, 0x2, 0x50,

    /* U+6383 "掃" */
    0x0, 0x2f, 0x0, 0x2f, 0xee, 0xee, 0xee, 0x0,
    0x0, 0x2f, 0x0, 0x0, 0x0, 0x0, 0x2f, 0x0,
    0x0, 0x2f, 0x0, 0xa, 0xee, 0xee, 0xef, 0x0,
    0x5c, 0xcf, 0xc9, 0x0, 0x0, 0x0, 0x2f, 0x0,
    0x13, 0x4f, 0x22, 0x2e, 0xdd, 0xdd, 0xdf, 0x0,
    0x0, 0x2f, 0x0, 0x1, 0x0, 0x0, 0x0, 0x0,
    0x0, 0x2f, 0x16, 0xff, 0xff, 0xff, 0xff, 0xf6,
    0x0, 0x6f, 0xd8, 0xf0, 0x2, 0xf0, 0x0, 0xb7,
    0x3f, 0xff, 0x0, 0x32, 0x24, 0xf2, 0x22, 0x31,
    0xa, 0x3f, 0x0, 0xf, 0xcc, 0xfc, 0xcf, 0x30,
    0x0, 0x2f, 0x0, 0xf, 0x22, 0xf0, 0xf, 0x30,
    0x0, 0x2f, 0x0, 0xf, 0x22, 0xf1, 0x7f, 0x20,
    0x0, 0x2f, 0x0, 0xf, 0x22, 0xf0, 0xeb, 0x0,
    0x5, 0xaf, 0x0, 0x2, 0x2, 0xf0, 0x0, 0x0,
    0x4, 0xd6, 0x0, 0x0, 0x2, 0xf0, 0x0, 0x0,
    0x0, 0x0, 0x0, 0x0, 0x0, 0x0, 0x0, 0x0,

    /* U+63A5 "接" */
    0x0, 0x0, 0x0, 0x0, 0x0, 0x40, 0x0, 0x0,
    0x0, 0x1f, 0x10, 0x0, 0x3, 0xf2, 0x0, 0x0,
    0x0, 0x1f, 0x10, 0x58, 0x88, 0xfb, 0x88, 0x90,
    0x0, 0x1f, 0x10, 0x58, 0x88, 0x88, 0x98, 0x90,
    0x3f, 0xef, 0xe9, 0x1, 0xa0, 0x0, 0xf4, 0x0,
    0x3, 0x3f, 0x32, 0x0, 0xe7, 0x4, 0xf0, 0x0,
    0x0, 0x1f, 0x10, 0x22, 0x86, 0x2a, 0xb2, 0x30,
    0x0, 0x1f, 0x12, 0x9d, 0xdd, 0xdd, 0xdd, 0xd0,
    0x1, 0x5f, 0xe5, 0x0, 0xd, 0x50, 0x0, 0x0,
    0x3f, 0xcf, 0x11, 0xff, 0xff, 0xff, 0xff, 0xf8,
    0x4, 0x1f, 0x10, 0x11, 0xe6, 0x3, 0xf1, 0x0,
    0x0, 0x1f, 0x10, 0x6, 0xf7, 0x1a, 0x80, 0x0,
    0x0, 0x1f, 0x10, 0x0, 0x4b, 0xff, 0x30, 0x0,
    0x1, 0x3f, 0x0, 0x1, 0x5c, 0xda, 0xfa, 0x20,
    0x9, 0xfc, 0x2, 0xdf, 0xd6, 0x0, 0x3c, 0xe1,
    0x2, 0x30, 0x0, 0x42, 0x0, 0x0, 0x0, 0x20,

    /* U+63A7 "控" */
    0x0, 0x0, 0x0, 0x0, 0x0, 0x0, 0x0, 0x0,
    0x0, 0x5f, 0x0, 0x0, 0x9, 0xc0, 0x0, 0x0,
    0x0, 0x4f, 0x0, 0x22, 0x27, 0xf2, 0x22, 0x20,
    0x0, 0x4f, 0x0, 0xff, 0xff, 0xff, 0xff, 0xf1,
    0x2, 0x5f, 0x21, 0xf4, 0x11, 0x11, 0x13, 0xf1,
    0x2d, 0xef, 0xd5, 0xc2, 0x96, 0x5, 0x81, 0xc1,
    0x0, 0x4f, 0x0, 0x7, 0xf4, 0x2, 0xe8, 0x0,
    0x0, 0x4f, 0x1, 0x7f, 0x50, 0x0, 0x3f, 0x60,
    0x0, 0x6f, 0xe4, 0x56, 0x11, 0x11, 0x16, 0x20,
    0x3e, 0xff, 0x20, 0x8f, 0xff, 0xff, 0xff, 0x20,
    0x17, 0x4f, 0x0, 0x0, 0x3, 0xf0, 0x0, 0x0,
    0x0, 0x4f, 0x0, 0x0, 0x3, 0xf0, 0x0, 0x0,
    0x0, 0x4f, 0x0, 0x0, 0x3, 0xf0, 0x0, 0x0,
    0x0, 0x4e, 0x0, 0x21, 0x14, 0xf1, 0x12, 0x31,
    0x7, 0xec, 0x3, 0xee, 0xee, 0xee, 0xee, 0xe4,
    0x3, 0x72, 0x0, 0x0, 0x0, 0x0, 0x0, 0x0,

    /* U+63CF "描" */
    0x0, 0x2f, 0x10, 0x0, 0xc4, 0x8, 0xa0, 0x0,
    0x0, 0x2f, 0x10, 0x0, 0xc4, 0x7, 0xa0, 0x0,
    0x0, 0x2f, 0x11, 0xa9, 0xeb, 0x9c, 0xd9, 0x94,
    0x13, 0x4f, 0x33, 0x88, 0xea, 0x8b, 0xd8, 0x83,
    0x4e, 0xdf, 0xd8, 0x0, 0xc4, 0x7, 0xa0, 0x0,
    0x0, 0x2f, 0x10, 0x0, 0x10, 0x0, 0x10, 0x0,
    0x0, 0x2f, 0x54, 0x6f, 0xff, 0xff, 0xff, 0x50,
    0x4, 0xaf, 0xc3, 0x4e, 0x1, 0xf1, 0xe, 0x40,
    0x2e, 0xaf, 0x10, 0x4e, 0x1, 0xf1, 0xe, 0x40,
    0x0, 0x2f, 0x10, 0x4f, 0xee, 0xfe, 0xef, 0x40,
    0x0, 0x2f, 0x10, 0x4e, 0x12, 0xf2, 0x1e, 0x40,
    0x0, 0x2f, 0x10, 0x4e, 0x1, 0xf1, 0xe, 0x40,
    0x0, 0x3f, 0x0, 0x4e, 0x23, 0xf3, 0x2e, 0x40,
    0x5, 0xde, 0x0, 0x4f, 0xcc, 0xcc, 0xcf, 0x40,
    0x4, 0xd4, 0x0, 0x6e, 0x0, 0x0, 0xe, 0x40,
    0x0, 0x0, 0x0, 0x0, 0x0, 0x0, 0x0, 0x0,

    /* U+63DB "換" */
    0x0, 0x0, 0x0, 0x0, 0x0, 0x0, 0x0, 0x0,
    0x0, 0x3f, 0x10, 0x0, 0xe6, 0x0, 0x0, 0x0,
    0x0, 0x2f, 0x0, 0x9, 0xfd, 0xdd, 0xc0, 0x0,
    0x0, 0x2e, 0x0, 0x7e, 0x10, 0xc, 0x70, 0x0,
    0x14, 0x5f, 0x34, 0xe3, 0x0, 0x3e, 0x0, 0x0,
    0x3b, 0xbf, 0xb6, 0x3e, 0xee, 0xee, 0xee, 0x60,
    0x0, 0x2e, 0x0, 0x2e, 0x6, 0x15, 0xa, 0x60,
    0x0, 0x2e, 0x24, 0x2e, 0x3f, 0x2b, 0x9a, 0x60,
    0x1, 0x8f, 0xd4, 0x2e, 0xd6, 0x1, 0xbb, 0x60,
    0x2f, 0xbe, 0x0, 0x16, 0x0, 0xf2, 0x4, 0x30,
    0x1, 0x2e, 0x7, 0xff, 0xff, 0xff, 0xff, 0xf7,
    0x0, 0x2e, 0x0, 0x0, 0x9, 0xdf, 0x20, 0x0,
    0x0, 0x2e, 0x0, 0x0, 0x3f, 0x3a, 0xc1, 0x0,
    0x2, 0x8e, 0x0, 0x4, 0xe8, 0x1, 0xcd, 0x51,
    0x5, 0xf8, 0x4, 0xfd, 0x50, 0x0, 0x9, 0xf4,
    0x0, 0x0, 0x0, 0x30, 0x0, 0x0, 0x0, 0x10,

    /* U+64E0 "擠" */
    0x0, 0x0, 0x0, 0x0, 0x5, 0x10, 0x0, 0x0,
    0x0, 0x3e, 0x0, 0x0, 0x8, 0xb0, 0x0, 0x10,
    0x0, 0x2d, 0x1, 0xee, 0xee, 0xee, 0xee, 0xd0,
    0x6, 0x7e, 0x61, 0x0, 0xc, 0x3a, 0x60, 0x40,
    0x7, 0x8e, 0x7c, 0xee, 0xe7, 0x8c, 0x9d, 0xc2,
    0x0, 0x2d, 0x0, 0x69, 0xb3, 0xd3, 0xd6, 0xa0,
    0x0, 0x2d, 0x1, 0xd5, 0xc3, 0xd3, 0xd7, 0xd7,
    0x0, 0x4f, 0xe8, 0x97, 0xc1, 0xd4, 0xe8, 0x23,
    0xc, 0xee, 0x10, 0xc, 0x30, 0x41, 0x3f, 0x0,
    0x5, 0x2d, 0x0, 0xd, 0xee, 0xee, 0xee, 0x0,
    0x0, 0x2d, 0x0, 0xd, 0x30, 0x0, 0x2e, 0x0,
    0x0, 0x2d, 0x0, 0xf, 0xee, 0xee, 0xee, 0x0,
    0x0, 0x2d, 0x0, 0x4e, 0x0, 0x0, 0x2e, 0x0,
    0x5, 0xcd, 0x5, 0xe7, 0x0, 0x0, 0x2e, 0x0,
    0x5, 0xe7, 0xa, 0xa0, 0x0, 0x0, 0x2f, 0x0,
    0x0, 0x0, 0x0, 0x0, 0x0, 0x0, 0x0, 0x0,

    /* U+653E "放" */
    0x0, 0x2, 0x0, 0x0, 0x0, 0x10, 0x0, 0x0,
    0x0, 0xe, 0x60, 0x0, 0x5, 0xf3, 0x0, 0x0,
    0x0, 0x7, 0xe0, 0x0, 0x8, 0xc0, 0x0, 0x0,
    0x0, 0x1, 0x60, 0x0, 0xd, 0x60, 0x0, 0x0,
    0x3f, 0xff, 0xff, 0xfd, 0x3f, 0xff, 0xff, 0xf2,
    0x1, 0x2f, 0x10, 0x11, 0x9a, 0x11, 0x9a, 0x20,
    0x0, 0x1f, 0x10, 0x2, 0xfe, 0x0, 0xa8, 0x0,
    0x0, 0x2f, 0xdd, 0xd8, 0xae, 0x40, 0xc6, 0x0,
    0x0, 0x2f, 0x22, 0xc5, 0xa, 0x80, 0xf4, 0x0,
    0x0, 0x4d, 0x0, 0xc4, 0x5, 0xd3, 0xf0, 0x0,
    0x0, 0x7b, 0x0, 0xd3, 0x0, 0xfc, 0xc0, 0x0,
    0x0, 0xc7, 0x0, 0xe3, 0x0, 0x9f, 0x50, 0x0,
    0x2, 0xf2, 0x0, 0xf1, 0x1, 0xdf, 0x90, 0x0,
    0xc, 0xb0, 0x5a, 0xf0, 0x6e, 0xa2, 0xeb, 0x30,
    0x3e, 0x20, 0x7c, 0x59, 0xf6, 0x0, 0x2c, 0xf2,
    0x0, 0x0, 0x0, 0x1, 0x10, 0x0, 0x0, 0x20,

    /* U+6557 "敗" */
    0x0, 0x0, 0x0, 0x0, 0x1, 0xb3, 0x0, 0x0,
    0xd, 0xff, 0xff, 0xf3, 0x6, 0xf1, 0x0, 0x0,
    0xc, 0x50, 0x0, 0xf2, 0xb, 0x90, 0x0, 0x0,
    0xc, 0xdc, 0xcc, 0xf2, 0xf, 0xee, 0xee, 0xf0,
    0xc, 0x72, 0x22, 0xf2, 0x5d, 0x0, 0x5c, 0x0,
    0xc, 0x50, 0x0, 0xf2, 0xc8, 0x0, 0x7b, 0x0,
    0xc, 0xfe, 0xee, 0xf7, 0xfe, 0x40, 0x99, 0x0,
    0xc, 0x50, 0x0, 0xf7, 0x7a, 0x80, 0xc6, 0x0,
    0xc, 0x50, 0x0, 0xf2, 0x6, 0xc0, 0xf3, 0x0,
    0xc, 0xff, 0xff, 0xf3, 0x1, 0xf7, 0xe0, 0x0,
    0x0, 0x50, 0x5, 0x0, 0x0, 0xaf, 0x80, 0x0,
    0x3, 0xf4, 0x2f, 0x60, 0x0, 0xaf, 0x70, 0x0,
    0xd, 0x80, 0x7, 0xf1, 0x1b, 0xc6, 0xf8, 0x0,
    0x6c, 0x0, 0x0, 0x59, 0xfa, 0x0, 0x4e, 0xd1,
    0x0, 0x0, 0x0, 0x9, 0x40, 0x0, 0x1, 0x60,

    /* U+6587 "文" */
    0x0, 0x0, 0x0, 0x1, 0x0, 0x0, 0x0, 0x0,
    0x0, 0x0, 0x0, 0xba, 0x0, 0x0, 0x0, 0x0,
    0x0, 0x0, 0x0, 0x3f, 0x30, 0x0, 0x0, 0x0,
    0x0, 0x0, 0x0, 0x9, 0x50, 0x0, 0x0, 0x0,
    0x2f, 0xff, 0xff, 0xff, 0xff, 0xff, 0xff, 0xf1,
    0x3, 0x34, 0xf5, 0x33, 0x33, 0xe9, 0x34, 0x40,
    0x0, 0x0, 0xe5, 0x0, 0x0, 0xf4, 0x0, 0x0,
    0x0, 0x0, 0x8a, 0x0, 0x5, 0xe0, 0x0, 0x0,
    0x0, 0x0, 0x2f, 0x20, 0xc, 0x90, 0x0, 0x0,
    0x0, 0x0, 0xa, 0xb0, 0x5f, 0x10, 0x0, 0x0,
    0x0, 0x0, 0x1, 0xe9, 0xe7, 0x0, 0x0, 0x0,
    0x0, 0x0, 0x0, 0x6f, 0xe0, 0x0, 0x0, 0x0,
    0x0, 0x0, 0x6, 0xf9, 0xcd, 0x40, 0x0, 0x0,
    0x0, 0x27, 0xee, 0x40, 0x8, 0xfd, 0x84, 0x10,
    0xc, 0xfd, 0x60, 0x0, 0x0, 0x17, 0xdf, 0xb0,
    0x3, 0x30, 0x0, 0x0, 0x0, 0x0, 0x2, 0x10,

    /* U+6599 "料" */
    0x0, 0x3, 0xf0, 0x0, 0x0, 0x0, 0xd4, 0x0,
    0x7, 0x33, 0xe0, 0x63, 0x33, 0x0, 0xe4, 0x0,
    0x8, 0xc3, 0xe1, 0xf4, 0x6e, 0x30, 0xe4, 0x0,
    0x1, 0xf6, 0xe9, 0xa0, 0x8, 0xe2, 0xe4, 0x0,
    0x0, 0x13, 0xe2, 0x10, 0x0, 0x81, 0xe4, 0x0,
    0xe, 0xee, 0xfe, 0xf3, 0xd4, 0x0, 0xe4, 0x0,
    0x2, 0x1a, 0xe2, 0x20, 0x8f, 0x40, 0xe4, 0x0,
    0x0, 0x1f, 0xea, 0x70, 0x8, 0xe0, 0xe4, 0x0,
    0x0, 0x8d, 0xe3, 0xf3, 0x0, 0x30, 0xe7, 0x74,
    0x3, 0xf6, 0xe0, 0x74, 0x57, 0xac, 0xfe, 0xb3,
    0xd, 0xa3, 0xe0, 0x3f, 0xfb, 0x85, 0xf4, 0x0,
    0xb, 0x13, 0xe0, 0x2, 0x0, 0x0, 0xe4, 0x0,
    0x0, 0x3, 0xe0, 0x0, 0x0, 0x0, 0xe4, 0x0,
    0x0, 0x3, 0xf0, 0x0, 0x0, 0x0, 0xf4, 0x0,
    0x0, 0x4, 0xf0, 0x0, 0x0, 0x0, 0xf4, 0x0,

    /* U+65B0 "新" */
    0x0, 0x0, 0xc5, 0x0, 0x0, 0x2, 0x48, 0x90,
    0x3, 0x43, 0xda, 0x44, 0x15, 0xfd, 0xba, 0x91,
    0xc, 0xee, 0xee, 0xee, 0x45, 0xd0, 0x0, 0x0,
    0x0, 0x74, 0x1, 0xb1, 0x5, 0xd0, 0x0, 0x0,
    0x0, 0x6a, 0x7, 0xa0, 0x5, 0xe3, 0x33, 0x31,
    0x2e, 0xdd, 0xdf, 0xed, 0x85, 0xfc, 0xdf, 0xc5,
    0x15, 0x44, 0xd9, 0x44, 0x35, 0xd0, 0x4e, 0x0,
    0x0, 0x0, 0xc6, 0x0, 0x5, 0xc0, 0x4e, 0x0,
    0xe, 0xff, 0xff, 0xff, 0x76, 0xb0, 0x4e, 0x0,
    0x3, 0x53, 0xd7, 0x33, 0x18, 0xa0, 0x4e, 0x0,
    0x0, 0xe8, 0xc6, 0xe3, 0xb, 0x70, 0x4e, 0x0,
    0x8, 0xe1, 0xc6, 0x8d, 0xf, 0x40, 0x4e, 0x0,
    0x3f, 0x30, 0xc6, 0x17, 0x5f, 0x0, 0x4e, 0x0,
    0x4, 0x29, 0xf5, 0x0, 0xd9, 0x0, 0x4f, 0x0,
    0x0, 0xc, 0xa0, 0x3, 0xd2, 0x0, 0x5f, 0x0,
    0x0, 0x0, 0x0, 0x0, 0x0, 0x0, 0x0, 0x0,

    /* U+65B9 "方" */
    0x0, 0x0, 0x0, 0x1, 0x0, 0x0, 0x0, 0x0,
    0x0, 0x0, 0x5, 0xe1, 0x0, 0x0, 0x0, 0x0,
    0x0, 0x0, 0xe, 0x90, 0x0, 0x0, 0x0, 0x0,
    0x0, 0x0, 0x54, 0x0, 0x0, 0x0, 0xe, 0xff,
    0xff, 0xff, 0xff, 0xff, 0xff, 0xf0, 0x32, 0x22,
    0xf6, 0x22, 0x22, 0x22, 0x23, 0x0, 0x0, 0xf,
    0x40, 0x0, 0x0, 0x0, 0x0, 0x0, 0x0, 0xf6,
    0x22, 0x22, 0x22, 0x0, 0x0, 0x0, 0x1f, 0xff,
    0xff, 0xff, 0xf2, 0x0, 0x0, 0x3, 0xf1, 0x0,
    0x0, 0x3f, 0x0, 0x0, 0x0, 0x8d, 0x0, 0x0,
    0x5, 0xf0, 0x0, 0x0, 0xe, 0x80, 0x0, 0x0,
    0x6d, 0x0, 0x0, 0x8, 0xf1, 0x0, 0x0, 0x8,
    0xb0, 0x0, 0x5, 0xf6, 0x0, 0x0, 0x0, 0xc9,
    0x0, 0x6, 0xf7, 0x0, 0x0, 0x6c, 0xff, 0x40,
    0x0, 0x56, 0x0, 0x0, 0x2, 0x86, 0x10, 0x0,

    /* U+65E0 "无" */
    0x0, 0x0, 0x0, 0x0, 0x0, 0x0, 0x0, 0x0,
    0x0, 0x5f, 0xff, 0xff, 0xff, 0xff, 0xf4, 0x0,
    0x0, 0x2, 0x21, 0x6e, 0x11, 0x11, 0x20, 0x0,
    0x0, 0x0, 0x0, 0x5e, 0x0, 0x0, 0x0, 0x0,
    0x0, 0x0, 0x0, 0x5e, 0x0, 0x0, 0x0, 0x0,
    0x0, 0x0, 0x0, 0x5d, 0x0, 0x0, 0x0, 0x0,
    0x8, 0xff, 0xff, 0xff, 0xff, 0xff, 0xff, 0xb0,
    0x0, 0x11, 0x11, 0xa9, 0x4e, 0x11, 0x11, 0x10,
    0x0, 0x0, 0x0, 0xe5, 0x4e, 0x0, 0x0, 0x0,
    0x0, 0x0, 0x4, 0xf0, 0x4e, 0x0, 0x0, 0x0,
    0x0, 0x0, 0x1d, 0x80, 0x4e, 0x0, 0x0, 0x0,
    0x0, 0x1, 0xcd, 0x0, 0x4e, 0x0, 0x5, 0xb0,
    0x0, 0x3d, 0xe2, 0x0, 0x3f, 0x42, 0x2a, 0xd0,
    0x9, 0xfc, 0x10, 0x0, 0xb, 0xff, 0xfe, 0x50,
    0x2, 0x60, 0x0, 0x0, 0x0, 0x0, 0x0, 0x0,

    /* U+65F6 "时" */
    0x0, 0x0, 0x0, 0x0, 0x0, 0xf, 0x60, 0x3,
    0x33, 0x33, 0x0, 0x0, 0x0, 0xf5, 0x0, 0xee,
    0xdd, 0xf3, 0x0, 0x0, 0xf, 0x50, 0xe, 0x60,
    0x1f, 0x36, 0x55, 0x55, 0xf9, 0x62, 0xe6, 0x1,
    0xf4, 0xcc, 0xbb, 0xbf, 0xdc, 0x4d, 0x83, 0x4f,
    0x20, 0x0, 0x0, 0xe5, 0x0, 0xde, 0xdd, 0xf2,
    0x6, 0x0, 0xe, 0x50, 0xd, 0x60, 0x1f, 0x22,
    0xf6, 0x0, 0xe5, 0x0, 0xd6, 0x1, 0xf2, 0x8,
    0xe0, 0xe, 0x50, 0xe, 0x71, 0x3f, 0x20, 0x18,
    0x10, 0xe5, 0x0, 0xef, 0xff, 0xf2, 0x0, 0x0,
    0xe, 0x50, 0xe, 0x60, 0x1f, 0x20, 0x0, 0x0,
    0xe5, 0x0, 0xe6, 0x0, 0x30, 0x0, 0x0, 0xf,
    0x50, 0x1, 0x0, 0x0, 0x0, 0x0, 0x8c, 0xf3,
    0x0, 0x0, 0x0, 0x0, 0x0, 0x4, 0x84, 0x0,
    0x0,

    /* U+6642 "時" */
    0x0, 0x0, 0x0, 0x0, 0x0, 0xf3, 0x0, 0x0,
    0x6, 0x66, 0x65, 0x0, 0x0, 0xf3, 0x0, 0x0,
    0xf, 0xa9, 0xaf, 0xb, 0xdd, 0xfd, 0xdd, 0x20,
    0xf, 0x30, 0x3f, 0x2, 0x22, 0xf4, 0x22, 0x0,
    0xf, 0x30, 0x3f, 0x0, 0x0, 0xf3, 0x0, 0x0,
    0xf, 0x30, 0x3f, 0x9c, 0xcc, 0xfd, 0xcc, 0xc5,
    0xf, 0xff, 0xff, 0x11, 0x0, 0x0, 0xf3, 0x10,
    0xf, 0x30, 0x3f, 0x0, 0x0, 0x0, 0xf3, 0x0,
    0xf, 0x30, 0x3f, 0x4c, 0xcc, 0xcc, 0xfc, 0xc3,
    0xf, 0x30, 0x3f, 0x12, 0x22, 0x22, 0xf4, 0x20,
    0xf, 0x53, 0x5f, 0x0, 0xc7, 0x0, 0xf3, 0x0,
    0xf, 0xdc, 0xdf, 0x0, 0x6e, 0x0, 0xf3, 0x0,
    0x1f, 0x30, 0x3, 0x0, 0x7, 0x10, 0xf3, 0x0,
    0x0, 0x0, 0x0, 0x0, 0x0, 0x3d, 0xf1, 0x0,
    0x0, 0x0, 0x0, 0x0, 0x0, 0x8, 0x30, 0x0,

    /* U+6682 "暂" */
    0x0, 0xd, 0x20, 0x0, 0x0, 0x25, 0x70, 0x23,
    0x7e, 0x33, 0x42, 0xff, 0xfe, 0xd1, 0x7b, 0xfb,
    0xaa, 0xb2, 0xf3, 0x0, 0x0, 0x8, 0xa1, 0xc0,
    0x1, 0xf8, 0x77, 0x75, 0x2f, 0xed, 0xfd, 0xc2,
    0xf6, 0x9d, 0x64, 0x2, 0x2, 0xf1, 0x25, 0xf0,
    0x5c, 0x0, 0x8b, 0xcd, 0xfe, 0xaa, 0xa0, 0x5c,
    0x0, 0x44, 0x33, 0xf0, 0x2f, 0x30, 0x5d, 0x0,
    0x0, 0x22, 0x62, 0x23, 0x22, 0x34, 0x0, 0x0,
    0xfd, 0xcc, 0xcc, 0xcc, 0xdf, 0x0, 0x0, 0xf5,
    0x11, 0x11, 0x11, 0x5e, 0x0, 0x0, 0xfc, 0xbb,
    0xbb, 0xbb, 0xce, 0x0, 0x0, 0xf4, 0x0, 0x0,
    0x0, 0x4f, 0x0, 0x0, 0xfd, 0xcc, 0xcc, 0xcc,
    0xdf, 0x0,

    /* U+66AB "暫" */
    0x0, 0xd, 0x50, 0x0, 0x0, 0x1, 0x46, 0xa,
    0xcc, 0xfd, 0xcc, 0x5c, 0xed, 0xcb, 0xa1, 0x16,
    0x6e, 0x96, 0x61, 0xc5, 0x0, 0x0, 0x3, 0xf6,
    0xe9, 0x6f, 0x3c, 0xb9, 0x99, 0x94, 0x3f, 0xcf,
    0xdc, 0xf3, 0xd8, 0x58, 0xd5, 0x24, 0xf7, 0xe9,
    0x7f, 0x3e, 0x40, 0x4c, 0x0, 0x25, 0x5d, 0x85,
    0x51, 0xf2, 0x4, 0xc0, 0xc, 0xcc, 0xfd, 0xcc,
    0x9d, 0x0, 0x5c, 0x0, 0x0, 0xa, 0x30, 0x4,
    0x50, 0x2, 0x50, 0x0, 0xd, 0xee, 0xee, 0xee,
    0xee, 0xf3, 0x0, 0x0, 0xd2, 0x0, 0x0, 0x0,
    0xe, 0x30, 0x0, 0xd, 0xdd, 0xdd, 0xdd, 0xdd,
    0xf3, 0x0, 0x0, 0xd2, 0x0, 0x0, 0x0, 0xe,
    0x30, 0x0, 0xd, 0xdd, 0xdd, 0xdd, 0xdd, 0xf3,
    0x0,

    /* U+6709 "有" */
    0x0, 0x0, 0x0, 0x0, 0x0, 0x0, 0x0, 0x0,
    0x0, 0x0, 0x0, 0x3f, 0x30, 0x0, 0x0, 0x0,
    0x0, 0x0, 0x0, 0x7f, 0x0, 0x0, 0x0, 0x0,
    0x7, 0xff, 0xff, 0xff, 0xff, 0xff, 0xff, 0xf1,
    0x1, 0x21, 0x15, 0xf4, 0x11, 0x11, 0x11, 0x20,
    0x0, 0x0, 0xd, 0xc0, 0x0, 0x0, 0x0, 0x0,
    0x0, 0x0, 0x8f, 0xff, 0xff, 0xff, 0xfa, 0x0,
    0x0, 0x5, 0xfe, 0x0, 0x0, 0x0, 0xaa, 0x0,
    0x0, 0x5f, 0xee, 0x33, 0x33, 0x33, 0xba, 0x0,
    0x8, 0xf8, 0x7f, 0xcc, 0xcc, 0xcc, 0xea, 0x0,
    0x9, 0x50, 0x7e, 0x0, 0x0, 0x0, 0xaa, 0x0,
    0x0, 0x0, 0x7f, 0xff, 0xff, 0xff, 0xfa, 0x0,
    0x0, 0x0, 0x7e, 0x0, 0x0, 0x0, 0xaa, 0x0,
    0x0, 0x0, 0x7e, 0x0, 0x0, 0x13, 0xc9, 0x0,
    0x0, 0x0, 0x7e, 0x0, 0x0, 0x2f, 0xd3, 0x0,
    0x0, 0x0, 0x0, 0x0, 0x0, 0x0, 0x0, 0x0,

    /* U+672A "未" */
    0x0, 0x0, 0x0, 0xf, 0x50, 0x0, 0x0, 0x0,
    0x0, 0x0, 0x0, 0xe, 0x50, 0x0, 0x0, 0x0,
    0x0, 0x32, 0x22, 0x2e, 0x62, 0x22, 0x31, 0x0,
    0x0, 0xdd, 0xdd, 0xdf, 0xed, 0xdd, 0xe4, 0x0,
    0x0, 0x0, 0x0, 0xe, 0x50, 0x0, 0x0, 0x0,
    0x0, 0x0, 0x0, 0xe, 0x50, 0x0, 0x0, 0x0,
    0x2f, 0xff, 0xff, 0xff, 0xff, 0xff, 0xff, 0x90,
    0x1, 0x0, 0x5, 0xff, 0xf7, 0x0, 0x1, 0x0,
    0x0, 0x0, 0x1e, 0x7e, 0x8f, 0x40, 0x0, 0x0,
    0x0, 0x2, 0xda, 0xe, 0x57, 0xf4, 0x0, 0x0,
    0x0, 0x4e, 0xb0, 0xe, 0x50, 0x8f, 0x80, 0x0,
    0x19, 0xf9, 0x0, 0xe, 0x50, 0x6, 0xff, 0x90,
    0x1b, 0x50, 0x0, 0xf, 0x50, 0x0, 0x18, 0x60,
    0x0, 0x0, 0x0, 0xf, 0x60, 0x0, 0x0, 0x0,

    /* U+672C "本" */
    0x0, 0x0, 0x0, 0xe, 0x70, 0x0, 0x0, 0x0,
    0x0, 0x0, 0x0, 0xd6, 0x0, 0x0, 0x0, 0x0,
    0x0, 0x0, 0xd, 0x60, 0x0, 0x0, 0x0, 0xcf,
    0xff, 0xff, 0xff, 0xff, 0xff, 0xf6, 0x2, 0x21,
    0x13, 0xff, 0xf9, 0x11, 0x12, 0x10, 0x0, 0x0,
    0x7c, 0xda, 0xe0, 0x0, 0x0, 0x0, 0x0, 0xe,
    0x5d, 0x6e, 0x50, 0x0, 0x0, 0x0, 0x8, 0xd0,
    0xd6, 0x6d, 0x0, 0x0, 0x0, 0x2, 0xf5, 0xd,
    0x60, 0xd9, 0x0, 0x0, 0x1, 0xdb, 0x0, 0xd6,
    0x3, 0xf8, 0x0, 0x1, 0xcd, 0x44, 0x4e, 0x94,
    0x56, 0xfb, 0x13, 0xee, 0x28, 0xcc, 0xfd, 0xcd,
    0x34, 0xf9, 0x9, 0x20, 0x0, 0xd, 0x60, 0x0,
    0x2, 0x0, 0x0, 0x0, 0x0, 0xe7, 0x0, 0x0,
    0x0, 0x0, 0x0, 0x0, 0xe, 0x70, 0x0, 0x0,
    0x0,

    /* U+673A "机" */
    0x0, 0xe, 0x70, 0x0, 0x0, 0x0, 0x0, 0x0,
    0x0, 0xd, 0x60, 0x2, 0xff, 0xff, 0x60, 0x0,
    0x0, 0xd, 0x60, 0x2, 0xf2, 0x1d, 0x60, 0x0,
    0x2d, 0xdf, 0xed, 0x92, 0xf0, 0xd, 0x60, 0x0,
    0x3, 0x4f, 0x72, 0x22, 0xf0, 0xd, 0x60, 0x0,
    0x0, 0x6f, 0x60, 0x2, 0xf0, 0xd, 0x60, 0x0,
    0x0, 0xcf, 0xba, 0x2, 0xf0, 0xd, 0x60, 0x0,
    0x2, 0xfe, 0x8f, 0x63, 0xf0, 0xd, 0x60, 0x0,
    0xa, 0xad, 0x67, 0x55, 0xd0, 0xd, 0x60, 0x0,
    0x3f, 0x4d, 0x60, 0x7, 0xb0, 0xd, 0x60, 0x0,
    0x3a, 0xd, 0x60, 0xb, 0x70, 0xd, 0x60, 0x0,
    0x0, 0xd, 0x60, 0x2f, 0x20, 0xd, 0x62, 0x70,
    0x0, 0xe, 0x60, 0xca, 0x0, 0xd, 0x85, 0xf0,
    0x0, 0xe, 0x64, 0xd1, 0x0, 0x9, 0xff, 0x90,
    0x0, 0x0, 0x0, 0x0, 0x0, 0x0, 0x0, 0x0,

    /* U+67E5 "查" */
    0x0, 0x0, 0x0, 0xa, 0x80, 0x0, 0x0, 0x0,
    0x0, 0x0, 0x0, 0xa, 0x80, 0x0, 0x0, 0x0,
    0x8, 0xff, 0xff, 0xff, 0xff, 0xff, 0xff, 0x70,
    0x1, 0x21, 0x1b, 0xca, 0x9d, 0x91, 0x12, 0x10,
    0x0, 0x0, 0x7e, 0x2a, 0x82, 0xe8, 0x0, 0x0,
    0x0, 0x9, 0xf3, 0xa, 0x80, 0x3e, 0xd6, 0x10,
    0x8, 0xee, 0x53, 0x3b, 0x93, 0x34, 0xbf, 0xe1,
    0x8, 0x66, 0xfc, 0xcc, 0xcc, 0xcf, 0x62, 0x40,
    0x0, 0x6, 0xc2, 0x22, 0x22, 0x2c, 0x60, 0x0,
    0x0, 0x6, 0xfc, 0xcc, 0xcc, 0xcf, 0x60, 0x0,
    0x0, 0x6, 0xc1, 0x11, 0x11, 0x1c, 0x60, 0x0,
    0x0, 0x6, 0xee, 0xee, 0xee, 0xee, 0x60, 0x0,
    0x1, 0x11, 0x11, 0x11, 0x11, 0x11, 0x11, 0x10,
    0x9, 0xff, 0xff, 0xff, 0xff, 0xff, 0xff, 0xe0,

    /* U+6807 "标" */
    0x0, 0xe, 0x40, 0x0, 0x0, 0x0, 0x0, 0x0,
    0x0, 0xd, 0x40, 0x1f, 0xff, 0xff, 0xff, 0x60,
    0x0, 0xd, 0x40, 0x3, 0x21, 0x11, 0x23, 0x10,
    0x29, 0x9f, 0xb9, 0x30, 0x0, 0x0, 0x0, 0x0,
    0x27, 0x9f, 0x97, 0x30, 0x0, 0x0, 0x0, 0x0,
    0x0, 0x6f, 0x40, 0xbf, 0xff, 0xff, 0xff, 0xf2,
    0x0, 0xbf, 0xc8, 0x22, 0x11, 0xe5, 0x11, 0x20,
    0x2, 0xff, 0x8f, 0x20, 0x0, 0xe4, 0x1, 0x0,
    0xa, 0xbd, 0x4b, 0x49, 0xc0, 0xe4, 0xab, 0x0,
    0x6f, 0x2d, 0x40, 0xe, 0x70, 0xe4, 0x3f, 0x50,
    0x36, 0xd, 0x40, 0x6f, 0x0, 0xe4, 0x9, 0xe0,
    0x0, 0xd, 0x41, 0xe8, 0x0, 0xe4, 0x2, 0xe3,
    0x0, 0xe, 0x40, 0x41, 0x48, 0xf3, 0x0, 0x0,
    0x0, 0xe, 0x50, 0x0, 0x6c, 0x80, 0x0, 0x0,

    /* U+6848 "案" */
    0x0, 0x0, 0x0, 0x2, 0x0, 0x0, 0x0, 0x0,
    0x0, 0x0, 0x0, 0xe, 0x50, 0x0, 0x0, 0x0,
    0x0, 0xab, 0xbb, 0xbe, 0xeb, 0xbb, 0xbb, 0x0,
    0x0, 0xe5, 0x11, 0x95, 0x11, 0x11, 0x4f, 0x0,
    0x0, 0x30, 0x3, 0xf2, 0x0, 0x0, 0x3, 0x0,
    0x2, 0xee, 0xef, 0xee, 0xee, 0xff, 0xee, 0x20,
    0x0, 0x0, 0xba, 0x0, 0x3, 0xd3, 0x0, 0x0,
    0x0, 0x1, 0x69, 0xbd, 0xcf, 0x70, 0x0, 0x0,
    0x0, 0x56, 0x79, 0xce, 0x85, 0xbf, 0xc7, 0x0,
    0x0, 0x6b, 0xa8, 0x46, 0x60, 0x1, 0x7b, 0x0,
    0x4, 0xbb, 0xbb, 0xbd, 0xeb, 0xbb, 0xbb, 0x60,
    0x1, 0x22, 0x24, 0xee, 0xde, 0x42, 0x23, 0x10,
    0x0, 0x0, 0x2d, 0x98, 0x97, 0xe4, 0x0, 0x0,
    0x0, 0x7, 0xf7, 0x8, 0x90, 0x6f, 0xa3, 0x0,
    0xa, 0xfc, 0x30, 0x8, 0x90, 0x2, 0xcf, 0xd1,
    0x7, 0x50, 0x0, 0x8, 0x90, 0x0, 0x3, 0x50,

    /* U+68C0 "检" */
    0x0, 0x0, 0x0, 0x0, 0x0, 0x0, 0x0, 0x0,
    0x0, 0xf, 0x40, 0x0, 0xd, 0x80, 0x0, 0x0,
    0x0, 0xe, 0x30, 0x0, 0x3f, 0xd0, 0x0, 0x0,
    0x0, 0xe, 0x30, 0x0, 0xb9, 0xa9, 0x0, 0x0,
    0xd, 0xcf, 0xdd, 0x26, 0xf1, 0x1e, 0x80, 0x0,
    0x5, 0x6f, 0x75, 0x4f, 0x60, 0x2, 0xec, 0x40,
    0x0, 0x6f, 0x34, 0xfc, 0xff, 0xff, 0x4c, 0xf1,
    0x0, 0xcf, 0x43, 0x90, 0x11, 0x11, 0x0, 0x30,
    0x3, 0xff, 0xe8, 0x3, 0x1d, 0x20, 0x6b, 0x0,
    0xb, 0x8e, 0x7f, 0x9d, 0xd, 0x80, 0xab, 0x0,
    0x5f, 0x1e, 0x32, 0x1f, 0x47, 0xd0, 0xf4, 0x0,
    0x6, 0xe, 0x30, 0xb, 0xa2, 0xd6, 0xe0, 0x0,
    0x0, 0xe, 0x30, 0x5, 0x80, 0xa, 0x80, 0x0,
    0x0, 0xe, 0x32, 0x33, 0x33, 0x4f, 0x53, 0x30,
    0x0, 0xe, 0x36, 0xcc, 0xcc, 0xcc, 0xcc, 0xc0,
    0x0, 0xf, 0x40, 0x0, 0x0, 0x0, 0x0, 0x0,

    /* U+6A19 "標" */
    0x0, 0xb, 0x50, 0x0, 0x0, 0x0, 0x0, 0x0,
    0x0, 0xa4, 0xb, 0xee, 0xfe, 0xfe, 0xea, 0x0,
    0xa, 0x40, 0x0, 0x1d, 0x1d, 0x0, 0x0, 0xcb,
    0xec, 0xb3, 0xed, 0xfd, 0xfc, 0xe1, 0x2, 0x4f,
    0x62, 0x3c, 0x1d, 0x1d, 0xe, 0x0, 0x5, 0xf7,
    0x23, 0xea, 0xfa, 0xfa, 0xf1, 0x0, 0xbf, 0xcc,
    0x2, 0x22, 0x22, 0x22, 0x0, 0x1e, 0xb5, 0xd2,
    0x9a, 0xaa, 0xaa, 0x80, 0xa, 0x8a, 0x40, 0x2,
    0x22, 0x22, 0x22, 0x6, 0xe0, 0xa4, 0xa, 0xbb,
    0xbb, 0xbb, 0xb9, 0x14, 0xa, 0x40, 0x13, 0x11,
    0xd1, 0x11, 0x10, 0x0, 0xa4, 0x0, 0xc8, 0xd,
    0xc, 0x40, 0x0, 0xa, 0x40, 0xad, 0x0, 0xd0,
    0x4e, 0x30, 0x0, 0xb5, 0x4d, 0x11, 0xfb, 0x0,
    0x68, 0x0, 0x0, 0x0, 0x0, 0x2, 0x0, 0x0,
    0x0,

    /* U+6A5F "機" */
    0x0, 0xe, 0x20, 0x7, 0x31, 0xf0, 0x72, 0x0,
    0x0, 0xe, 0x20, 0xe, 0x31, 0xd0, 0xd3, 0x10,
    0x0, 0xd, 0x20, 0x87, 0xb6, 0xd7, 0x8a, 0x70,
    0xc, 0xbf, 0xc9, 0xcc, 0xc0, 0xda, 0xce, 0x0,
    0x2, 0x5f, 0x42, 0xb, 0x52, 0xe0, 0x89, 0x40,
    0x0, 0x6f, 0x41, 0x8c, 0xa9, 0xe4, 0xd9, 0xb0,
    0x0, 0xbf, 0xe7, 0xc9, 0x6b, 0xe7, 0xb9, 0xc0,
    0x1, 0xfe, 0x6c, 0xd, 0x0, 0xd1, 0x2d, 0x0,
    0x8, 0xad, 0x22, 0xdf, 0xdd, 0xfd, 0xde, 0xc0,
    0x3f, 0x3d, 0x20, 0x2d, 0x0, 0xb3, 0x5, 0x0,
    0x4a, 0xd, 0x20, 0x4e, 0xa0, 0x86, 0x5e, 0x10,
    0x0, 0xd, 0x20, 0x96, 0xb8, 0x3d, 0xe3, 0x0,
    0x0, 0xd, 0x21, 0xe1, 0x2, 0x7f, 0x60, 0x50,
    0x0, 0xe, 0x3b, 0x90, 0x6d, 0xb5, 0xe5, 0xf0,
    0x0, 0xe, 0x5b, 0x0, 0x96, 0x0, 0x3d, 0x80,

    /* U+6A94 "檔" */
    0x0, 0xe, 0x20, 0x2, 0x31, 0xf0, 0x55, 0x0,
    0x0, 0xe, 0x20, 0x7, 0xd0, 0xf0, 0xa7, 0x0,
    0x0, 0xd, 0x20, 0x1, 0x91, 0xf0, 0xe2, 0x0,
    0x3, 0x3e, 0x53, 0xec, 0xcc, 0xcc, 0xcc, 0xf1,
    0x9, 0xaf, 0xb8, 0xe2, 0x0, 0x0, 0x0, 0xe1,
    0x0, 0x3f, 0x20, 0xb1, 0xed, 0xdd, 0xf4, 0x71,
    0x0, 0x7f, 0x93, 0x0, 0xd2, 0x0, 0xc3, 0x0,
    0x0, 0xdf, 0xac, 0x0, 0xbd, 0xdd, 0xd3, 0x0,
    0x5, 0xbd, 0x29, 0x0, 0x0, 0x0, 0x0, 0x0,
    0xd, 0x5d, 0x20, 0x6e, 0xdd, 0xfd, 0xde, 0x90,
    0x4c, 0xd, 0x20, 0x6a, 0x0, 0xf0, 0x8, 0x80,
    0x0, 0xd, 0x20, 0x5e, 0xdd, 0xfd, 0xde, 0x80,
    0x0, 0xe, 0x20, 0x6a, 0x0, 0xf0, 0x8, 0x80,
    0x0, 0xc, 0x20, 0x6e, 0xdd, 0xdd, 0xde, 0x90,
    0x0, 0x0, 0x0, 0x1, 0x0, 0x0, 0x0, 0x0,

    /* U+6AA2 "檢" */
    0x0, 0xd, 0x10, 0x0, 0x4, 0xc0, 0x0, 0x0,
    0x0, 0xd, 0x10, 0x0, 0x9, 0xf2, 0x0, 0x0,
    0x0, 0xc, 0x10, 0x0, 0x3e, 0x4c, 0x10, 0x0,
    0xc, 0xdf, 0xdc, 0x4, 0xe3, 0x6, 0xd4, 0x0,
    0x1, 0x2f, 0x24, 0xbc, 0x68, 0x88, 0x7d, 0xb0,
    0x0, 0x5f, 0x50, 0x60, 0x13, 0x33, 0x10, 0x10,
    0x0, 0x9f, 0xd5, 0x2c, 0xcb, 0xc, 0xcc, 0x10,
    0x0, 0xed, 0x6e, 0x3b, 0xe, 0xe, 0xd, 0x10,
    0x7, 0x9c, 0x12, 0x3b, 0xe, 0xe, 0xd, 0x10,
    0x2e, 0x2c, 0x10, 0x2d, 0xdb, 0xc, 0xdd, 0x10,
    0x16, 0xc, 0x10, 0x1, 0xc1, 0x0, 0xc1, 0x0,
    0x0, 0xc, 0x10, 0x8, 0xe2, 0x2, 0xf2, 0x0,
    0x0, 0xd, 0x10, 0x6d, 0x4e, 0x2a, 0x9d, 0x40,
    0x0, 0xd, 0x28, 0xc1, 0x2, 0x9a, 0x4, 0x50,
    0x0, 0x0, 0x0, 0x0, 0x0, 0x10, 0x0, 0x0,

    /* U+6B62 "止" */
    0x0, 0x0, 0x0, 0x5, 0xf0, 0x0, 0x0, 0x0,
    0x0, 0x0, 0x0, 0x5f, 0x0, 0x0, 0x0, 0x0,
    0x6, 0x30, 0x4, 0xf0, 0x0, 0x0, 0x0, 0x0,
    0xe7, 0x0, 0x4f, 0x22, 0x22, 0x20, 0x0, 0xd,
    0x70, 0x4, 0xff, 0xff, 0xfd, 0x0, 0x0, 0xd7,
    0x0, 0x4f, 0x0, 0x0, 0x0, 0x0, 0xd, 0x70,
    0x4, 0xf0, 0x0, 0x0, 0x0, 0x0, 0xd7, 0x0,
    0x4f, 0x0, 0x0, 0x0, 0x0, 0xd, 0x70, 0x4,
    0xf0, 0x0, 0x0, 0x0, 0x0, 0xd7, 0x0, 0x4f,
    0x0, 0x0, 0x0, 0x0, 0xd, 0x70, 0x4, 0xf0,
    0x0, 0x0, 0x5, 0xdd, 0xfe, 0xdd, 0xef, 0xdd,
    0xdd, 0xdd, 0x15, 0x44, 0x44, 0x44, 0x44, 0x44,
    0x44, 0x50,

    /* U+6B63 "正" */
    0x1, 0x55, 0x55, 0x55, 0x55, 0x55, 0x56, 0x10,
    0x2c, 0xcc, 0xcc, 0xdf, 0xcc, 0xcc, 0xd2, 0x0,
    0x0, 0x0, 0x5, 0xe0, 0x0, 0x0, 0x0, 0x0,
    0x0, 0x0, 0x5e, 0x0, 0x0, 0x0, 0x0, 0xa,
    0x40, 0x5, 0xe0, 0x0, 0x0, 0x0, 0x0, 0xe6,
    0x0, 0x5f, 0x44, 0x44, 0x40, 0x0, 0xe, 0x60,
    0x5, 0xfc, 0xcc, 0xcb, 0x0, 0x0, 0xe6, 0x0,
    0x5e, 0x0, 0x0, 0x0, 0x0, 0xe, 0x60, 0x5,
    0xe0, 0x0, 0x0, 0x0, 0x0, 0xe6, 0x0, 0x5e,
    0x0, 0x0, 0x0, 0x0, 0xe, 0x60, 0x5, 0xe0,
    0x0, 0x0, 0x1, 0x43, 0xe8, 0x33, 0x7f, 0x33,
    0x33, 0x43, 0x4e, 0xee, 0xee, 0xee, 0xee, 0xee,
    0xee, 0xb0,

    /* U+6B78 "歸" */
    0x0, 0x28, 0x0, 0x0, 0x0, 0x0, 0x0, 0x0,
    0x8, 0xb1, 0x10, 0x5e, 0xee, 0xee, 0xf0, 0xd,
    0x74, 0x4c, 0x50, 0xab, 0xbb, 0xcf, 0x0, 0xce,
    0xdd, 0xf5, 0x2, 0x22, 0x24, 0xe0, 0xc, 0x52,
    0x22, 0x6, 0xdc, 0xcc, 0xdf, 0x0, 0xce, 0xee,
    0xe7, 0x12, 0x22, 0x22, 0x10, 0xc, 0x30, 0x8,
    0x9c, 0xcc, 0xcc, 0xcc, 0xb0, 0xbe, 0xee, 0xe8,
    0xe3, 0x3c, 0x73, 0x4d, 0x0, 0x1, 0xb0, 0x8,
    0x77, 0xd9, 0x77, 0x60, 0x78, 0x1e, 0x20, 0x8c,
    0x8d, 0xa8, 0xe3, 0x8, 0x91, 0xfa, 0x38, 0x70,
    0xb4, 0xd, 0x30, 0x89, 0x1d, 0x0, 0x87, 0xb,
    0x40, 0xd3, 0x9, 0xb7, 0xfb, 0x78, 0x70, 0xb4,
    0x9f, 0x26, 0xfe, 0xa5, 0x20, 0x21, 0xb, 0x43,
    0x30, 0x13, 0x0, 0x0, 0x0, 0x0, 0xc5, 0x0,
    0x0,

    /* U+6C38 "永" */
    0x0, 0x0, 0x0, 0x10, 0x0, 0x0, 0x0, 0x0,
    0x0, 0x0, 0x0, 0xcd, 0x50, 0x0, 0x0, 0x0,
    0x0, 0x0, 0x0, 0x29, 0xfd, 0x40, 0x0, 0x0,
    0x0, 0x0, 0x0, 0x0, 0x1a, 0x20, 0x0, 0x0,
    0x0, 0x6, 0xff, 0xff, 0xf2, 0x0, 0x0, 0x0,
    0x0, 0x0, 0x10, 0x3, 0xf2, 0x0, 0x3, 0x0,
    0x0, 0x0, 0x0, 0x3, 0xf5, 0x0, 0x9f, 0x40,
    0x9, 0xcc, 0xcc, 0x93, 0xfc, 0xa, 0xe6, 0x0,
    0x2, 0x22, 0x2d, 0x93, 0xfd, 0xec, 0x20, 0x0,
    0x0, 0x0, 0x1f, 0x43, 0xf5, 0xf2, 0x0, 0x0,
    0x0, 0x0, 0x9e, 0x3, 0xf1, 0xad, 0x10, 0x0,
    0x0, 0x5, 0xf5, 0x3, 0xf1, 0xd, 0xc1, 0x0,
    0x0, 0x6f, 0xa0, 0x3, 0xf1, 0x1, 0xde, 0x70,
    0xa, 0xfa, 0x0, 0x15, 0xf0, 0x0, 0xa, 0xd1,
    0x2, 0x60, 0x0, 0xef, 0xc0, 0x0, 0x0, 0x10,
    0x0, 0x0, 0x0, 0x43, 0x0, 0x0, 0x0, 0x0,

    /* U+6C92 "沒" */
    0x0, 0x10, 0x0, 0x1, 0xb3, 0x0, 0x0, 0x0,
    0x0, 0xea, 0x10, 0x5, 0xf2, 0x11, 0x11, 0x0,
    0x0, 0x2c, 0xd2, 0xb, 0xfe, 0xee, 0xfb, 0x0,
    0x0, 0x0, 0x70, 0x2f, 0x30, 0x0, 0xc8, 0x0,
    0x6, 0x20, 0x0, 0xbc, 0x0, 0x0, 0xf5, 0x0,
    0x1c, 0xf9, 0x7, 0xf2, 0x0, 0xaf, 0xf1, 0x0,
    0x0, 0x5e, 0x71, 0x73, 0x33, 0x67, 0x43, 0x0,
    0x0, 0x0, 0x0, 0xbe, 0xec, 0xcc, 0xdf, 0x10,
    0x0, 0x0, 0xa1, 0x7, 0xb0, 0x0, 0xba, 0x0,
    0x0, 0x6, 0xe0, 0x1, 0xf2, 0x3, 0xf3, 0x0,
    0x0, 0xe, 0x60, 0x0, 0xab, 0xd, 0x90, 0x0,
    0x0, 0x8d, 0x0, 0x0, 0x1e, 0xdc, 0x0, 0x0,
    0x2, 0xf5, 0x0, 0x0, 0x6d, 0xfc, 0x30, 0x0,
    0xc, 0xd0, 0x4, 0x9e, 0xd5, 0x19, 0xfd, 0x92,
    0x0, 0x30, 0x3, 0xa4, 0x0, 0x0, 0x27, 0x80,

    /* U+6CA1 "没" */
    0x0, 0x62, 0x0, 0x0, 0x0, 0x0, 0x0, 0x0,
    0xb, 0xf5, 0x3, 0xff, 0xff, 0xf5, 0x0, 0x0,
    0x7, 0xf4, 0x3e, 0x0, 0xe, 0x40, 0x0, 0x10,
    0x3, 0x5, 0xd0, 0x0, 0xe4, 0x0, 0xe, 0x90,
    0x0, 0xa9, 0x0, 0xe, 0x71, 0x10, 0x2d, 0xc1,
    0x9e, 0x10, 0x0, 0x9f, 0xfa, 0x0, 0x17, 0x7,
    0x20, 0x0, 0x0, 0x0, 0x0, 0x0, 0x0, 0x2f,
    0xff, 0xff, 0xff, 0x30, 0x0, 0x7, 0x80, 0x2f,
    0x20, 0x8, 0xc0, 0x0, 0x0, 0xd7, 0x0, 0xaa,
    0x1, 0xf3, 0x0, 0x0, 0x5e, 0x0, 0x1, 0xe8,
    0xc9, 0x0, 0x0, 0xe, 0x70, 0x0, 0x5, 0xfe,
    0x10, 0x0, 0x8, 0xe0, 0x0, 0x4a, 0xf8, 0xbe,
    0x82, 0x0, 0xb8, 0x2, 0xff, 0xa2, 0x0, 0x5d,
    0xf8, 0x0, 0x0, 0x5, 0x10, 0x0, 0x0, 0x4,
    0x10,

    /* U+6CD5 "法" */
    0x0, 0x20, 0x0, 0x0, 0xf, 0x60, 0x0, 0x0,
    0x2f, 0x80, 0x0, 0x0, 0xe5, 0x0, 0x0, 0x0,
    0x6f, 0xb0, 0x0, 0xe, 0x50, 0x0, 0x0, 0x0,
    0x33, 0x6f, 0xff, 0xff, 0xff, 0xf2, 0x5, 0x0,
    0x0, 0x0, 0xe, 0x50, 0x0, 0x1, 0xfc, 0x20,
    0x0, 0x0, 0xe5, 0x0, 0x0, 0x2, 0xde, 0x12,
    0x11, 0x1e, 0x61, 0x12, 0x20, 0x0, 0x35, 0xee,
    0xef, 0xfe, 0xee, 0xec, 0x0, 0x0, 0x0, 0x0,
    0xbc, 0x0, 0x0, 0x0, 0x0, 0x6b, 0x0, 0x3f,
    0x20, 0x20, 0x0, 0x0, 0x2f, 0x50, 0xc, 0x70,
    0xd, 0x90, 0x0, 0xc, 0xa0, 0x7, 0xc0, 0x0,
    0x3f, 0x60, 0x9, 0xf1, 0x7, 0xf9, 0x89, 0xab,
    0xef, 0x32, 0xe6, 0x0, 0x8b, 0x97, 0x64, 0x32,
    0xab, 0x1, 0x0, 0x0, 0x0, 0x0, 0x0, 0x1,
    0x0,

    /* U+6D88 "消" */
    0x0, 0x40, 0x0, 0x20, 0x6, 0xf0, 0x1, 0x10,
    0x4, 0xf8, 0x5, 0xf3, 0x6, 0xf0, 0xb, 0xd0,
    0x0, 0x6f, 0x70, 0xcc, 0x6, 0xf0, 0x4f, 0x30,
    0x0, 0x5, 0x0, 0x3b, 0x16, 0xf0, 0x88, 0x0,
    0x1, 0x0, 0x0, 0x22, 0x27, 0xf2, 0x22, 0x10,
    0x2f, 0xa2, 0x0, 0xef, 0xee, 0xee, 0xef, 0x70,
    0x2, 0xab, 0x0, 0xe6, 0x0, 0x0, 0xe, 0x60,
    0x0, 0x0, 0x0, 0xee, 0xdd, 0xdd, 0xdf, 0x60,
    0x0, 0x9, 0x0, 0xe8, 0x44, 0x44, 0x4e, 0x60,
    0x0, 0x3f, 0x20, 0xe6, 0x0, 0x0, 0xe, 0x60,
    0x0, 0x8c, 0x0, 0xef, 0xff, 0xff, 0xff, 0x60,
    0x0, 0xe7, 0x0, 0xe7, 0x11, 0x11, 0x1e, 0x60,
    0x5, 0xf2, 0x0, 0xe6, 0x0, 0x0, 0xe, 0x60,
    0xe, 0xe0, 0x0, 0xe6, 0x0, 0x2, 0x9f, 0x60,
    0x4, 0x80, 0x0, 0xe6, 0x0, 0x0, 0xdc, 0x10,
    0x0, 0x0, 0x0, 0x0, 0x0, 0x0, 0x0, 0x0,

    /* U+6E29 "温" */
    0x0, 0x10, 0x0, 0x0, 0x0, 0x0, 0x0, 0x0,
    0x4, 0xe6, 0x5, 0xff, 0xff, 0xff, 0xf5, 0x0,
    0x0, 0x2c, 0x45, 0xe3, 0x33, 0x33, 0xe5, 0x0,
    0x0, 0x0, 0x5, 0xff, 0xff, 0xff, 0xf5, 0x0,
    0xe, 0x50, 0x5, 0xe1, 0x11, 0x11, 0xd5, 0x0,
    0x5, 0xf6, 0x5, 0xe2, 0x22, 0x22, 0xe5, 0x0,
    0x0, 0x46, 0x5, 0xee, 0xee, 0xee, 0xe4, 0x0,
    0x0, 0x0, 0x0, 0x0, 0x0, 0x0, 0x0, 0x0,
    0x0, 0x6a, 0xf, 0xff, 0xff, 0xff, 0xff, 0x0,
    0x0, 0xa8, 0xf, 0x43, 0xe1, 0xe4, 0x3f, 0x0,
    0x0, 0xf2, 0xf, 0x31, 0xe0, 0xe3, 0x2f, 0x0,
    0x6, 0xd0, 0xf, 0x31, 0xe0, 0xe3, 0x2f, 0x0,
    0xd, 0x90, 0x1f, 0x32, 0xe1, 0xe4, 0x2f, 0x10,
    0x1c, 0x37, 0xff, 0xff, 0xff, 0xff, 0xff, 0xf4,
    0x0, 0x0, 0x0, 0x0, 0x0, 0x0, 0x0, 0x0,

    /* U+6EAB "溫" */
    0x0, 0x10, 0x0, 0x0, 0x0, 0x0, 0x0, 0x0,
    0x3, 0xf6, 0x0, 0x9f, 0xff, 0xff, 0xf8, 0x0,
    0x0, 0x5f, 0x90, 0x88, 0x7, 0x60, 0x78, 0x0,
    0x0, 0x2, 0x10, 0x88, 0xd, 0x60, 0x78, 0x0,
    0x0, 0x0, 0x0, 0x88, 0x3f, 0xb1, 0x78, 0x0,
    0x2e, 0x80, 0x0, 0x89, 0xd7, 0x8d, 0x98, 0x0,
    0x4, 0xde, 0x20, 0x88, 0x50, 0x3, 0x78, 0x0,
    0x0, 0x6, 0x0, 0x8f, 0xee, 0xee, 0xf8, 0x0,
    0x0, 0x0, 0x0, 0x1, 0x11, 0x11, 0x10, 0x0,
    0x0, 0x9, 0x32, 0xbb, 0xbb, 0xbb, 0xbb, 0x30,
    0x0, 0x1f, 0x22, 0xf3, 0xe6, 0x5f, 0x3d, 0x40,
    0x0, 0x7b, 0x2, 0xe0, 0xd3, 0x2e, 0xc, 0x40,
    0x0, 0xe5, 0x2, 0xe0, 0xd3, 0x2e, 0xc, 0x40,
    0x7, 0xe0, 0x2, 0xe0, 0xd3, 0x2e, 0xc, 0x40,
    0xe, 0x90, 0xaf, 0xff, 0xff, 0xff, 0xff, 0xf6,
    0x1, 0x20, 0x0, 0x0, 0x0, 0x0, 0x0, 0x0,

    /* U+70B9 "点" */
    0x0, 0x0, 0x0, 0x1f, 0x40, 0x0, 0x0, 0x0,
    0x0, 0x0, 0x0, 0x1f, 0x40, 0x0, 0x0, 0x0,
    0x0, 0x0, 0x0, 0x1f, 0xff, 0xff, 0xff, 0x50,
    0x0, 0x0, 0x0, 0x1f, 0x51, 0x11, 0x12, 0x0,
    0x0, 0x1, 0x11, 0x1f, 0x41, 0x11, 0x10, 0x0,
    0x0, 0xf, 0xff, 0xff, 0xff, 0xff, 0xf0, 0x0,
    0x0, 0xf, 0x50, 0x0, 0x0, 0x4, 0xf0, 0x0,
    0x0, 0xf, 0x50, 0x0, 0x0, 0x4, 0xf0, 0x0,
    0x0, 0xf, 0x50, 0x0, 0x0, 0x4, 0xf0, 0x0,
    0x0, 0xf, 0xff, 0xff, 0xff, 0xff, 0xf0, 0x0,
    0x0, 0x21, 0x11, 0x11, 0x11, 0x11, 0x10, 0x0,
    0x0, 0xe8, 0xa, 0x30, 0x3c, 0x0, 0x7b, 0x0,
    0x5, 0xf1, 0xb, 0xa0, 0x1e, 0x70, 0x3f, 0x50,
    0xd, 0x90, 0x5, 0xf1, 0x8, 0xe0, 0x9, 0xe0,
    0x4, 0x10, 0x0, 0x30, 0x1, 0x20, 0x1, 0x30,

    /* U+70ED "热" */
    0x0, 0x4, 0xe0, 0x0, 0xb, 0x50, 0x0, 0x0,
    0x0, 0x3, 0xd0, 0x0, 0xc, 0x60, 0x0, 0x0,
    0x0, 0x14, 0xd0, 0x1, 0x2d, 0x73, 0x40, 0x0,
    0x8, 0xee, 0xfe, 0x98, 0xcf, 0xdc, 0xf0, 0x0,
    0x0, 0x3, 0xd0, 0x0, 0xd, 0x43, 0xe0, 0x0,
    0x0, 0x3, 0xe7, 0x66, 0x4e, 0x23, 0xd0, 0x0,
    0x7, 0xcf, 0xf9, 0x36, 0xff, 0x3, 0xd0, 0x0,
    0x4, 0x65, 0xd0, 0x0, 0xaf, 0xc3, 0xf0, 0x30,
    0x0, 0x3, 0xd0, 0x3, 0xf2, 0x99, 0xe4, 0xc7,
    0x0, 0x7b, 0xc0, 0x2e, 0x80, 0x0, 0x7e, 0xf1,
    0x0, 0x58, 0x20, 0x7a, 0x0, 0x0, 0x5, 0x30,
    0x0, 0x75, 0x2, 0x20, 0x8, 0x0, 0x7b, 0x0,
    0x1, 0xf6, 0x8, 0xb0, 0xe, 0x60, 0x1f, 0x50,
    0x9, 0xd0, 0x2, 0xf1, 0x8, 0xd0, 0x7, 0xd0,
    0x8, 0x40, 0x0, 0x71, 0x1, 0x40, 0x0, 0x50,

    /* U+7121 "無" */
    0x0, 0x0, 0x0, 0x0, 0x0, 0x0, 0x0, 0x0,
    0x0, 0x2, 0xd3, 0x0, 0x0, 0x0, 0x0, 0x0,
    0x0, 0xb, 0xc0, 0x0, 0x0, 0x0, 0x0, 0x0,
    0x0, 0x7f, 0xff, 0xff, 0xff, 0xff, 0xff, 0x50,
    0x7, 0xf7, 0xe0, 0xc5, 0x2f, 0xc, 0x50, 0x0,
    0x7, 0x33, 0xe0, 0xc5, 0x2f, 0xc, 0x50, 0x0,
    0x2, 0xde, 0xfd, 0xfe, 0xdf, 0xdf, 0xed, 0xa0,
    0x0, 0x25, 0xe2, 0xd6, 0x4f, 0x2d, 0x73, 0x20,
    0x0, 0x3, 0xe0, 0xc5, 0x2f, 0xc, 0x50, 0x0,
    0x1, 0x3, 0xe0, 0xc5, 0x2f, 0xc, 0x50, 0x10,
    0x1f, 0xee, 0xee, 0xee, 0xee, 0xee, 0xee, 0xe6,
    0x0, 0x15, 0x0, 0x0, 0x2, 0x0, 0x13, 0x0,
    0x0, 0x9f, 0x27, 0x80, 0xe, 0x60, 0x6e, 0x10,
    0x2, 0xf5, 0x5, 0xe0, 0x7, 0xc0, 0xd, 0xa0,
    0xd, 0xb0, 0x1, 0xe2, 0x1, 0x70, 0x4, 0xe1,
    0x5, 0x20, 0x0, 0x0, 0x0, 0x0, 0x0, 0x0,

    /* U+7184 "熄" */
    0x0, 0x1, 0x0, 0x0, 0x3, 0x10, 0x0, 0x0,
    0x0, 0xf, 0x40, 0x0, 0xf, 0x50, 0x0, 0x0,
    0x0, 0xf, 0x20, 0x2c, 0xcf, 0xcc, 0xcb, 0x0,
    0x0, 0xf, 0x20, 0x2f, 0x11, 0x11, 0x4f, 0x0,
    0x5, 0xf, 0x39, 0x3f, 0xdd, 0xdd, 0xee, 0x0,
    0xe, 0x2f, 0xea, 0x3f, 0x0, 0x0, 0x3e, 0x0,
    0xf, 0x1f, 0x80, 0x2f, 0xee, 0xee, 0xee, 0x0,
    0xf, 0xf, 0x20, 0x2f, 0x0, 0x0, 0x3f, 0x0,
    0x2d, 0xf, 0x10, 0x2f, 0xdd, 0xdd, 0xef, 0x0,
    0x0, 0x1f, 0x10, 0x0, 0x0, 0x21, 0x0, 0x0,
    0x0, 0x4f, 0xc0, 0x10, 0x52, 0xd8, 0x5, 0x40,
    0x0, 0x8a, 0xab, 0xb6, 0xd6, 0x5a, 0x7, 0xb0,
    0x0, 0xe4, 0x14, 0xf2, 0xc6, 0x0, 0x12, 0xf2,
    0x7, 0xd0, 0x5, 0xd0, 0xc7, 0x0, 0x9b, 0xb6,
    0x2f, 0x50, 0x5, 0x70, 0x9f, 0xff, 0xf5, 0x0,
    0x4, 0x0, 0x0, 0x0, 0x0, 0x0, 0x0, 0x0,

    /* U+71B1 "熱" */
    0x0, 0x0, 0x0, 0x0, 0x0, 0x10, 0x0, 0x0,
    0x0, 0x5, 0xc0, 0x0, 0x3, 0xf0, 0x0, 0x0,
    0x4, 0x9b, 0xe9, 0x90, 0x2, 0xf0, 0x0, 0x0,
    0x2, 0x58, 0xd4, 0x50, 0x8b, 0xfa, 0xa3, 0x0,
    0xd, 0xcd, 0xfc, 0xc9, 0x47, 0xe5, 0xe3, 0x0,
    0x2, 0x45, 0x14, 0x51, 0x3, 0xc0, 0xe3, 0x0,
    0x5, 0xe7, 0x6, 0xf4, 0x89, 0xb0, 0xe3, 0x0,
    0x8, 0x35, 0xc0, 0x41, 0x5e, 0xc0, 0xd3, 0x0,
    0xa, 0xee, 0xfe, 0xd0, 0xd, 0xea, 0xa7, 0x20,
    0x0, 0x4, 0xc0, 0x0, 0x8d, 0x11, 0x5c, 0xb7,
    0x17, 0x8c, 0xfe, 0xe7, 0xf3, 0x0, 0xb, 0xf5,
    0x9, 0x86, 0x20, 0x0, 0x31, 0x0, 0x3, 0x20,
    0x0, 0x9d, 0x5, 0xa0, 0xe, 0x40, 0x5e, 0x10,
    0x2, 0xf5, 0x4, 0xf1, 0x9, 0xc0, 0xb, 0xa0,
    0xc, 0xb0, 0x0, 0xe4, 0x3, 0xa0, 0x3, 0xf1,
    0x6, 0x10, 0x0, 0x0, 0x0, 0x0, 0x0, 0x10,

    /* U+7248 "版" */
    0x0, 0xe2, 0x3f, 0x2, 0xdd, 0xdc, 0xcb, 0x50,
    0x0, 0xf1, 0x2e, 0x2, 0xf2, 0x10, 0x0, 0x0,
    0x0, 0xf1, 0x2e, 0x2, 0xf0, 0x0, 0x0, 0x0,
    0x0, 0xf1, 0x2e, 0x2, 0xf5, 0x55, 0x55, 0x10,
    0x0, 0xff, 0xff, 0xf5, 0xfd, 0xca, 0xaf, 0x10,
    0x0, 0xf1, 0x0, 0x2, 0xe9, 0x70, 0x3e, 0x0,
    0x0, 0xf1, 0x0, 0x3, 0xd7, 0xa0, 0x5c, 0x0,
    0x0, 0xff, 0xff, 0x44, 0xc4, 0xd0, 0x99, 0x0,
    0x1, 0xf0, 0xd, 0x36, 0xa0, 0xf2, 0xd4, 0x0,
    0x3, 0xe0, 0xd, 0x39, 0x80, 0x9b, 0xe0, 0x0,
    0x7, 0xb0, 0xd, 0x3e, 0x40, 0x3f, 0x80, 0x0,
    0xb, 0x80, 0xe, 0x8e, 0x2, 0xed, 0xf6, 0x0,
    0x1e, 0x20, 0xe, 0x65, 0x8f, 0x90, 0x4e, 0xd0,
    0x0, 0x0, 0x0, 0x0, 0x24, 0x0, 0x1, 0x30,

    /* U+72B6 "状" */
    0x0, 0x0, 0xe6, 0x0, 0x5, 0x80, 0x0, 0x0,
    0x0, 0x0, 0xd6, 0x0, 0x8, 0xe0, 0x80, 0x0,
    0x16, 0x0, 0xd6, 0x0, 0x8, 0xc0, 0xbc, 0x0,
    0x2e, 0x60, 0xd6, 0x0, 0x7, 0xc0, 0xb, 0x30,
    0x4, 0xf1, 0xd6, 0x11, 0x18, 0xc1, 0x11, 0x20,
    0x0, 0x30, 0xd6, 0xcf, 0xff, 0xff, 0xff, 0xe0,
    0x0, 0x0, 0xe6, 0x0, 0x9, 0xf0, 0x0, 0x0,
    0x0, 0x8, 0xf6, 0x0, 0xc, 0xf3, 0x0, 0x0,
    0x0, 0x6e, 0xe6, 0x0, 0xf, 0xd8, 0x0, 0x0,
    0x6, 0xf3, 0xd6, 0x0, 0x4e, 0x6d, 0x0, 0x0,
    0x2f, 0x60, 0xd6, 0x0, 0xb9, 0x1f, 0x40, 0x0,
    0x2, 0x0, 0xd6, 0x4, 0xf3, 0x9, 0xd0, 0x0,
    0x0, 0x0, 0xe6, 0x1d, 0xa0, 0x0, 0xec, 0x10,
    0x0, 0x0, 0xe8, 0xce, 0x10, 0x0, 0x4f, 0xd0,
    0x0, 0x0, 0xe9, 0xc3, 0x0, 0x0, 0x4, 0x30,

    /* U+72C0 "狀" */
    0x0, 0x0, 0xf, 0x20, 0x0, 0xc5, 0x12, 0x0,
    0x4, 0xc0, 0xf, 0x20, 0x0, 0xd5, 0x9b, 0x0,
    0x4, 0xe0, 0xf, 0x10, 0x0, 0xd5, 0x3f, 0x20,
    0x4, 0xe0, 0xf, 0x10, 0x0, 0xd5, 0x5, 0x0,
    0x4, 0xf5, 0x5f, 0x21, 0x11, 0xd6, 0x11, 0x11,
    0x3, 0xaa, 0xaf, 0x8e, 0xee, 0xff, 0xee, 0xe6,
    0x0, 0x0, 0xf, 0x10, 0x0, 0xf7, 0x0, 0x0,
    0x3f, 0xff, 0xff, 0x10, 0x3, 0xfa, 0x0, 0x0,
    0x2, 0xc6, 0x1f, 0x10, 0x7, 0xad, 0x0, 0x0,
    0x0, 0xd4, 0xf, 0x10, 0xb, 0x5b, 0x40, 0x0,
    0x0, 0xf2, 0xf, 0x10, 0x1f, 0x15, 0xb0, 0x0,
    0x4, 0xe0, 0xf, 0x10, 0x8a, 0x0, 0xe4, 0x0,
    0xb, 0x90, 0xf, 0x12, 0xf3, 0x0, 0x6e, 0x30,
    0x2e, 0x20, 0xf, 0x3d, 0xb0, 0x0, 0xb, 0xf2,
    0x1, 0x0, 0x1f, 0x3a, 0x20, 0x0, 0x0, 0x70,

    /* U+73B0 "现" */
    0x5, 0x55, 0x55, 0x1e, 0xff, 0xff, 0xff, 0x30,
    0xb, 0xbf, 0xcc, 0x3e, 0x40, 0x0, 0xe, 0x30,
    0x0, 0xf, 0x30, 0xd, 0x40, 0x84, 0xe, 0x30,
    0x0, 0xf, 0x30, 0xd, 0x40, 0xe6, 0xe, 0x30,
    0x1, 0x1f, 0x31, 0xd, 0x40, 0xe4, 0xe, 0x30,
    0xe, 0xff, 0xff, 0x1d, 0x40, 0xe2, 0xe, 0x30,
    0x0, 0xf, 0x30, 0xe, 0x40, 0xf0, 0xe, 0x30,
    0x0, 0xf, 0x30, 0xe, 0x44, 0xfb, 0xe, 0x30,
    0x0, 0xf, 0x30, 0x4, 0x19, 0xaf, 0x3, 0x10,
    0x0, 0xf, 0x68, 0x30, 0x2f, 0x4f, 0x0, 0x0,
    0x2a, 0xdf, 0xb7, 0x10, 0xc7, 0x2f, 0x0, 0x50,
    0x9, 0x40, 0x0, 0x3d, 0xa0, 0x1f, 0x3, 0xf2,
    0x0, 0x0, 0x8, 0xe6, 0x0, 0xd, 0xbc, 0x80,
    0x0, 0x0, 0x0, 0x10, 0x0, 0x0, 0x0, 0x0,

    /* U+73FE "現" */
    0x6, 0x66, 0x66, 0x4f, 0xff, 0xff, 0xfd, 0x0,
    0x18, 0x7f, 0x88, 0x4e, 0x0, 0x0, 0x6d, 0x0,
    0x0, 0xf, 0x20, 0x3f, 0xff, 0xff, 0xfd, 0x0,
    0x0, 0xf, 0x20, 0x3e, 0x11, 0x11, 0x7d, 0x0,
    0x2, 0x1f, 0x32, 0x3e, 0x11, 0x11, 0x7d, 0x0,
    0xe, 0xff, 0xfb, 0x3f, 0xff, 0xff, 0xfd, 0x0,
    0x0, 0xf, 0x20, 0x3e, 0x0, 0x0, 0x6d, 0x0,
    0x0, 0xf, 0x20, 0x4f, 0xff, 0xff, 0xfd, 0x0,
    0x0, 0xf, 0x20, 0x1, 0x8a, 0x4f, 0x11, 0x0,
    0x0, 0xf, 0x8e, 0x30, 0x98, 0x3f, 0x0, 0x0,
    0x16, 0xcf, 0xb5, 0x0, 0xd6, 0x3f, 0x0, 0x0,
    0x2f, 0x92, 0x0, 0x8, 0xf1, 0x3f, 0x0, 0x92,
    0x1, 0x0, 0x49, 0xee, 0x30, 0x2f, 0x22, 0xf5,
    0x0, 0x0, 0x5e, 0x70, 0x0, 0xc, 0xff, 0xb0,
    0x0, 0x0, 0x0, 0x0, 0x0, 0x0, 0x0, 0x0,

    /* U+7528 "用" */
    0x0, 0x5f, 0xff, 0xff, 0xff, 0xff, 0xff, 0x0,
    0x4e, 0x0, 0x5, 0xe0, 0x0, 0x5f, 0x0, 0x4e,
    0x0, 0x5, 0xe0, 0x0, 0x5e, 0x0, 0x4f, 0xee,
    0xee, 0xfe, 0xee, 0xee, 0x0, 0x4e, 0x0, 0x5,
    0xe0, 0x0, 0x5e, 0x0, 0x4e, 0x0, 0x5, 0xe0,
    0x0, 0x5e, 0x0, 0x4e, 0x0, 0x5, 0xe0, 0x0,
    0x5e, 0x0, 0x5f, 0xff, 0xff, 0xff, 0xff, 0xfe,
    0x0, 0x6d, 0x0, 0x5, 0xe0, 0x0, 0x5e, 0x0,
    0x8a, 0x0, 0x5, 0xe0, 0x0, 0x5e, 0x0, 0xd6,
    0x0, 0x5, 0xe0, 0x0, 0x5e, 0x3, 0xf1, 0x0,
    0x5, 0xf0, 0x3, 0x8d, 0xc, 0xa0, 0x0, 0x5,
    0xd0, 0xb, 0xf6, 0x1, 0x10, 0x0, 0x0, 0x0,
    0x1, 0x0,

    /* U+7559 "留" */
    0x1, 0x25, 0x99, 0x0, 0x0, 0x0, 0x0, 0x5f,
    0xfd, 0xa7, 0x1e, 0xff, 0xff, 0xfd, 0x5f, 0x0,
    0x50, 0x1, 0x1f, 0x30, 0x8b, 0x5f, 0x0, 0xd9,
    0x0, 0x5f, 0x0, 0xa9, 0x5f, 0x3a, 0xdf, 0x42,
    0xe7, 0x13, 0xd7, 0x9f, 0xe6, 0x2, 0x4e, 0xa0,
    0x5f, 0xe2, 0x37, 0x0, 0x0, 0x5, 0x0, 0x3,
    0x0, 0x8, 0xff, 0xff, 0xff, 0xff, 0xff, 0xe0,
    0x8, 0xc0, 0x0, 0x4e, 0x0, 0x5, 0xe0, 0x8,
    0xc0, 0x0, 0x4e, 0x0, 0x5, 0xe0, 0x8, 0xff,
    0xff, 0xff, 0xff, 0xff, 0xe0, 0x8, 0xc0, 0x0,
    0x4e, 0x0, 0x5, 0xe0, 0x8, 0xfd, 0xdd, 0xef,
    0xdd, 0xde, 0xe0, 0x8, 0xc2, 0x22, 0x22, 0x22,
    0x26, 0xf0, 0x8, 0xc0, 0x0, 0x0, 0x0, 0x5,
    0xf0,

    /* U+7570 "異" */
    0x0, 0x4f, 0xff, 0xff, 0xff, 0xff, 0xf5, 0x0,
    0x0, 0x3f, 0x21, 0x16, 0xe1, 0x11, 0xf5, 0x0,
    0x0, 0x3f, 0xff, 0xff, 0xff, 0xff, 0xf5, 0x0,
    0x0, 0x3f, 0x11, 0x16, 0xe1, 0x11, 0xf5, 0x0,
    0x0, 0x5f, 0xff, 0xff, 0xff, 0xff, 0xf5, 0x0,
    0x0, 0x0, 0x2, 0x10, 0x0, 0x20, 0x0, 0x0,
    0x0, 0x11, 0x1d, 0x71, 0x15, 0xf1, 0x10, 0x0,
    0x0, 0xaf, 0xff, 0xff, 0xff, 0xff, 0xf7, 0x0,
    0x0, 0x0, 0xd, 0x60, 0x4, 0xf0, 0x0, 0x0,
    0x34, 0x44, 0x4e, 0x94, 0x47, 0xf4, 0x44, 0x51,
    0x7c, 0xbb, 0xbb, 0xbb, 0xbb, 0xbb, 0xbb, 0xc2,
    0x0, 0x0, 0x7d, 0x10, 0x2, 0xe8, 0x10, 0x0,
    0x0, 0x5d, 0xe6, 0x0, 0x0, 0x4b, 0xfa, 0x10,
    0x1, 0xc7, 0x0, 0x0, 0x0, 0x0, 0x49, 0x0,

    /* U+767C "發" */
    0x0, 0x0, 0x0, 0x0, 0x43, 0x4, 0x0, 0x0,
    0x0, 0x5e, 0xee, 0xfb, 0x5d, 0x7d, 0x24, 0x0,
    0x0, 0xa4, 0x7, 0xd1, 0x9, 0xe2, 0x9d, 0x20,
    0x0, 0x4c, 0xbc, 0x10, 0x0, 0x7f, 0xc1, 0x0,
    0x2, 0x8e, 0x80, 0x0, 0x14, 0x47, 0xbf, 0xc0,
    0xd, 0xa5, 0xee, 0xe0, 0x6e, 0xaf, 0x40, 0x20,
    0x0, 0x0, 0x3, 0xe0, 0x6c, 0xd, 0x40, 0x0,
    0x0, 0x12, 0x25, 0xe0, 0xa9, 0xd, 0x72, 0x30,
    0x0, 0xbd, 0xaa, 0xa8, 0xe1, 0x7, 0xcc, 0xa0,
    0x0, 0xc7, 0x0, 0x5, 0x4c, 0xcc, 0xc5, 0x0,
    0x0, 0xcf, 0xff, 0x90, 0x26, 0x25, 0xf1, 0x0,
    0x0, 0x0, 0xa, 0x80, 0x4e, 0xac, 0x60, 0x0,
    0x0, 0x0, 0xd, 0x60, 0x1, 0xef, 0x70, 0x0,
    0x0, 0x2a, 0xbf, 0x22, 0x7e, 0x85, 0xeb, 0x10,
    0x0, 0x9, 0x73, 0xa, 0xa3, 0x0, 0x1a, 0x20,

    /* U+7684 "的" */
    0x0, 0x0, 0x0, 0x0, 0x0, 0x0, 0x0, 0x0,
    0x1c, 0x20, 0x0, 0x2c, 0x30, 0x0, 0x0, 0x4f,
    0x0, 0x0, 0x6f, 0x0, 0x0, 0x0, 0x6a, 0x0,
    0x0, 0xca, 0x33, 0x33, 0x4f, 0xff, 0xff, 0x42,
    0xfe, 0xee, 0xff, 0x4e, 0x11, 0x1e, 0x4a, 0xc0,
    0x0, 0x3f, 0x4e, 0x0, 0xe, 0x8f, 0x30, 0x0,
    0x3e, 0x4e, 0x0, 0xe, 0x55, 0x46, 0x0, 0x4e,
    0x4f, 0xee, 0xef, 0x40, 0x6f, 0x10, 0x4d, 0x4e,
    0x22, 0x2e, 0x40, 0xe, 0x70, 0x4d, 0x4e, 0x0,
    0xe, 0x40, 0x8, 0xd0, 0x5c, 0x4e, 0x0, 0xe,
    0x40, 0x1, 0x10, 0x6b, 0x4e, 0x11, 0x1e, 0x40,
    0x0, 0x0, 0x7a, 0x4f, 0xff, 0xff, 0x40, 0x0,
    0x0, 0xa8, 0x5e, 0x0, 0xd, 0x40, 0x4, 0xce,
    0xd2, 0x0, 0x0, 0x0, 0x0, 0x0, 0x63, 0x0,

    /* U+76EE "目" */
    0x5f, 0xff, 0xff, 0xff, 0xff, 0xf6, 0x5f, 0x0,
    0x0, 0x0, 0x0, 0xf6, 0x5f, 0x0, 0x0, 0x0,
    0x0, 0xf6, 0x5f, 0x44, 0x44, 0x44, 0x44, 0xf6,
    0x5f, 0xbb, 0xbb, 0xbb, 0xbb, 0xf6, 0x5f, 0x0,
    0x0, 0x0, 0x0, 0xf6, 0x5f, 0x0, 0x0, 0x0,
    0x0, 0xf6, 0x5f, 0xee, 0xee, 0xee, 0xee, 0xf6,
    0x5f, 0x11, 0x11, 0x11, 0x11, 0xf6, 0x5f, 0x0,
    0x0, 0x0, 0x0, 0xf6, 0x5f, 0x0, 0x0, 0x0,
    0x0, 0xf6, 0x5f, 0xff, 0xff, 0xff, 0xff, 0xf6,
    0x5e, 0x0, 0x0, 0x0, 0x0, 0xf6,

    /* U+7801 "码" */
    0x0, 0x0, 0x0, 0x0, 0x10, 0x0, 0x0, 0x0,
    0x1f, 0xff, 0xff, 0xd9, 0xff, 0xff, 0xfb, 0x0,
    0x0, 0xe, 0x40, 0x0, 0x33, 0x0, 0x89, 0x0,
    0x0, 0x1f, 0x0, 0x0, 0xa9, 0x0, 0xa7, 0x0,
    0x0, 0x6c, 0x0, 0x0, 0xb6, 0x0, 0xd5, 0x0,
    0x0, 0xbd, 0xaa, 0x50, 0xd4, 0x0, 0xf3, 0x0,
    0x2, 0xfb, 0x6b, 0x80, 0xf3, 0x1, 0xf1, 0x0,
    0x9, 0xf8, 0x9, 0x71, 0xff, 0xff, 0xff, 0xf0,
    0x3f, 0xb8, 0x9, 0x70, 0x0, 0x0, 0x5, 0xd0,
    0x17, 0x98, 0x9, 0x72, 0x22, 0x22, 0x37, 0xc0,
    0x0, 0x9a, 0x4b, 0x7d, 0xee, 0xee, 0xfc, 0xa0,
    0x0, 0x9d, 0xbe, 0x80, 0x0, 0x0, 0x9, 0x80,
    0x0, 0x98, 0x5, 0x50, 0x0, 0x0, 0xd, 0x50,
    0x0, 0x22, 0x0, 0x0, 0x0, 0xd, 0xfe, 0x0,
    0x0, 0x0, 0x0, 0x0, 0x0, 0x5, 0x51, 0x0,

    /* U+786E "确" */
    0x0, 0x0, 0x0, 0x0, 0x32, 0x0, 0x0, 0x0,
    0x0, 0x0, 0x0, 0xc, 0xa0, 0x0, 0x0, 0xb,
    0xcc, 0xcc, 0x44, 0xfb, 0xaa, 0xa1, 0x0, 0x34,
    0xf5, 0x32, 0xe7, 0x33, 0xf8, 0x0, 0x0, 0x4f,
    0x0, 0xba, 0x0, 0x6e, 0x0, 0x0, 0x8, 0xa0,
    0x6, 0xac, 0xcf, 0xec, 0xca, 0x0, 0xea, 0x77,
    0xb, 0x61, 0xe3, 0x16, 0xd0, 0x8f, 0x98, 0xf1,
    0xb5, 0xe, 0x20, 0x5d, 0x4f, 0xf2, 0xf, 0xb,
    0xee, 0xfe, 0xee, 0xd3, 0x9e, 0x20, 0xf0, 0xc5,
    0xe, 0x20, 0x5d, 0x0, 0xe2, 0xf, 0xc, 0x62,
    0xe4, 0x26, 0xd0, 0xe, 0x53, 0xf0, 0xed, 0xcf,
    0xcc, 0xdd, 0x0, 0xec, 0xbf, 0x2f, 0x20, 0xe2,
    0x5, 0xd0, 0xe, 0x20, 0xb9, 0xd0, 0xe, 0x20,
    0x5d, 0x0, 0x81, 0x1, 0xe4, 0x0, 0xb1, 0x6e,
    0xb0, 0x0, 0x0, 0x1, 0x0, 0x0, 0x2, 0x40,

    /* U+78BA "確" */
    0x0, 0x0, 0x0, 0x0, 0x2, 0x20, 0x0, 0x0,
    0x3, 0x22, 0x22, 0x0, 0x8, 0xa0, 0x0, 0x0,
    0xc, 0xdf, 0xcd, 0x8c, 0xce, 0xec, 0xcc, 0xc0,
    0x0, 0x5b, 0x0, 0x9c, 0x2e, 0x42, 0x24, 0xe0,
    0x0, 0x97, 0x0, 0x9b, 0x2e, 0x28, 0x2, 0xe0,
    0x0, 0xd3, 0x0, 0x22, 0x98, 0x1d, 0x60, 0x0,
    0x4, 0xfa, 0xa9, 0x2, 0xfd, 0xcd, 0xcc, 0xa0,
    0xb, 0xf6, 0x7d, 0xc, 0xd2, 0x4e, 0x22, 0x20,
    0x3f, 0xf3, 0x4d, 0xaf, 0xc0, 0x2e, 0x0, 0x0,
    0x2a, 0xe3, 0x4d, 0x7a, 0xfe, 0xef, 0xee, 0xb0,
    0x0, 0xe3, 0x4d, 0x4, 0xc0, 0x2e, 0x0, 0x0,
    0x0, 0xe3, 0x4d, 0x4, 0xe7, 0x8f, 0x78, 0x60,
    0x0, 0xee, 0xed, 0x4, 0xd5, 0x6f, 0x55, 0x30,
    0x0, 0xe3, 0x4d, 0x4, 0xc0, 0x2e, 0x0, 0x0,
    0x0, 0xe3, 0x0, 0x5, 0xfd, 0xde, 0xdd, 0xe5,
    0x0, 0x0, 0x0, 0x6, 0xc0, 0x0, 0x0, 0x0,

    /* U+78BC "碼" */
    0x0, 0x0, 0x0, 0x0, 0x0, 0x0, 0x0, 0x10,
    0xd, 0xef, 0xee, 0x9b, 0xee, 0xef, 0xee, 0xd0,
    0x0, 0x79, 0x0, 0xa, 0x62, 0x2f, 0x42, 0x10,
    0x0, 0x96, 0x0, 0xa, 0xdc, 0xcf, 0xdd, 0x70,
    0x0, 0xc4, 0x0, 0xa, 0x50, 0xf, 0x20, 0x0,
    0x0, 0xfb, 0xbb, 0x1a, 0xff, 0xff, 0xff, 0x80,
    0x4, 0xf7, 0x3f, 0x1a, 0x50, 0xf, 0x20, 0x0,
    0xa, 0xf5, 0xf, 0x1b, 0xcb, 0xbf, 0xcb, 0xb2,
    0x1f, 0xb5, 0xf, 0x1b, 0x62, 0x22, 0x22, 0xf2,
    0x29, 0xa5, 0xf, 0x14, 0x10, 0x0, 0x30, 0xf1,
    0x0, 0xa5, 0xf, 0x1a, 0x56, 0xb4, 0xe4, 0xf0,
    0x0, 0xaf, 0xff, 0x3f, 0x4c, 0x7b, 0x56, 0xe0,
    0x0, 0xb5, 0xf, 0x9b, 0xd, 0x23, 0x7, 0xb0,
    0x0, 0xa4, 0x0, 0x23, 0x0, 0x4, 0xdf, 0x60,
    0x0, 0x0, 0x0, 0x0, 0x0, 0x0, 0x63, 0x0,

    /* U+79BB "离" */
    0x0, 0x0, 0x0, 0x32, 0x0, 0x0, 0x0, 0x0,
    0x0, 0x0, 0xc9, 0x0, 0x0, 0x0, 0xad, 0xdd,
    0xdd, 0xef, 0xdd, 0xdd, 0xdd, 0x11, 0x0, 0x63,
    0x0, 0x4b, 0x30, 0x11, 0x4, 0x91, 0x8c, 0xda,
    0xe6, 0x13, 0x80, 0x5, 0xc0, 0x49, 0xda, 0xfa,
    0x35, 0xc0, 0x5, 0xc1, 0xb6, 0x0, 0x18, 0x75,
    0xc0, 0x5, 0xfd, 0xdd, 0xdd, 0xdd, 0xde, 0xd0,
    0x0, 0x11, 0x11, 0xc4, 0x11, 0x11, 0x10, 0x1,
    0x11, 0x14, 0xf4, 0x11, 0x11, 0x10, 0x4f, 0xdd,
    0xdf, 0xed, 0xdd, 0xdd, 0xe9, 0x4d, 0x0, 0x5e,
    0x10, 0x19, 0x0, 0x89, 0x4d, 0x6, 0xf4, 0x13,
    0x5f, 0x90, 0x89, 0x4d, 0x9, 0xff, 0xdb, 0x98,
    0xf1, 0x89, 0x4d, 0x2, 0x30, 0x0, 0x0, 0x25,
    0xb9, 0x5d, 0x0, 0x0, 0x0, 0x0, 0xf, 0xe5,
    0x0, 0x0, 0x0, 0x0, 0x0, 0x0, 0x0,

    /* U+79D2 "秒" */
    0x0, 0x0, 0x3, 0x10, 0x0, 0xe4, 0x0, 0x0,
    0x2, 0x58, 0xcf, 0x80, 0x0, 0xe4, 0x0, 0x0,
    0x7, 0xb9, 0xe0, 0x0, 0x0, 0xd4, 0x0, 0x0,
    0x0, 0x3, 0xe0, 0x0, 0xd3, 0xd4, 0xaa, 0x0,
    0x3, 0x35, 0xe2, 0x23, 0xf1, 0xd4, 0x3f, 0x60,
    0x1f, 0xef, 0xfe, 0xb5, 0xd0, 0xd4, 0x7, 0xf2,
    0x0, 0xa, 0xe0, 0x9, 0xa0, 0xd4, 0x0, 0x50,
    0x0, 0xe, 0xe5, 0x5d, 0x70, 0xd4, 0x9, 0x20,
    0x0, 0x6f, 0xe6, 0xe1, 0x0, 0xe4, 0x5f, 0x40,
    0x1, 0xeb, 0xe0, 0xc3, 0x0, 0x93, 0xca, 0x0,
    0xb, 0xe4, 0xe0, 0x0, 0x0, 0x8, 0xf2, 0x0,
    0x1e, 0x54, 0xe0, 0x0, 0x0, 0x5f, 0x50, 0x0,
    0x1, 0x4, 0xe0, 0x0, 0x19, 0xf6, 0x0, 0x0,
    0x0, 0x4, 0xe0, 0x9c, 0xfc, 0x30, 0x0, 0x0,
    0x0, 0x5, 0xf0, 0x8a, 0x40, 0x0, 0x0, 0x0,

    /* U+79FB "移" */
    0x0, 0x0, 0x0, 0x0, 0x1, 0x0, 0x0, 0x0,
    0x0, 0x25, 0x8c, 0xb0, 0xb, 0xe0, 0x0, 0x0,
    0xc, 0xff, 0xfb, 0x70, 0x2f, 0x70, 0x0, 0x0,
    0x4, 0x65, 0xf0, 0x0, 0xbf, 0xee, 0xef, 0x50,
    0x0, 0x2, 0xf0, 0x9, 0xf5, 0x20, 0x7d, 0x0,
    0x1d, 0xcc, 0xfc, 0xd4, 0x36, 0xe8, 0xf3, 0x0,
    0x2, 0x18, 0xf1, 0x20, 0x1, 0xce, 0x40, 0x0,
    0x0, 0xc, 0xf1, 0x5, 0x9f, 0xea, 0x10, 0x0,
    0x0, 0x4f, 0xfc, 0x6c, 0xe7, 0xbd, 0x0, 0x0,
    0x0, 0xcc, 0xf7, 0xf4, 0x6, 0xff, 0xff, 0xf1,
    0x7, 0xf4, 0xf0, 0x61, 0x8f, 0x50, 0x8, 0xa0,
    0x1e, 0x72, 0xf0, 0x4, 0xd3, 0xa6, 0x2f, 0x20,
    0x2, 0x2, 0xf0, 0x0, 0x0, 0x2e, 0xe6, 0x0,
    0x0, 0x2, 0xf0, 0x0, 0x14, 0x9f, 0x60, 0x0,
    0x0, 0x2, 0xf0, 0x2e, 0xfe, 0x81, 0x0, 0x0,
    0x0, 0x0, 0x0, 0x4, 0x20, 0x0, 0x0, 0x0,

    /* U+7A31 "稱" */
    0x0, 0x0, 0x1, 0x0, 0x0, 0x0, 0x0, 0x10,
    0x0, 0x14, 0xaf, 0x8a, 0xaa, 0xbd, 0xef, 0xe1,
    0x19, 0x8f, 0x61, 0x26, 0x65, 0x83, 0x23, 0x30,
    0x0, 0xe, 0x30, 0x3c, 0x2, 0xf4, 0xb, 0xc0,
    0x0, 0xe, 0x30, 0xd, 0xa0, 0x75, 0x6f, 0x20,
    0x29, 0x9f, 0xa9, 0x22, 0x20, 0xe6, 0x3, 0x0,
    0x17, 0x9f, 0x97, 0x3f, 0xff, 0xff, 0xff, 0x80,
    0x0, 0x7f, 0x46, 0x2f, 0x10, 0xd5, 0x9, 0x80,
    0x0, 0xdf, 0x9f, 0x2f, 0x10, 0xd5, 0x9, 0x80,
    0x8, 0xef, 0x3e, 0x7f, 0xff, 0xff, 0xff, 0x80,
    0x3f, 0x5e, 0x34, 0x3f, 0x10, 0xd5, 0x9, 0x80,
    0x3, 0xe, 0x31, 0xdf, 0xdd, 0xfe, 0xde, 0xe5,
    0x0, 0xe, 0x30, 0x4f, 0x43, 0x33, 0x3a, 0xa1,
    0x0, 0xe, 0x30, 0x1f, 0x10, 0x0, 0x9, 0x80,
    0x0, 0xe, 0x30, 0x1f, 0x10, 0x0, 0x8e, 0x80,
    0x0, 0xf, 0x30, 0x2f, 0x10, 0x0, 0xbe, 0x30,
    0x0, 0x0, 0x0, 0x0, 0x0, 0x0, 0x0, 0x0,

    /* U+7A7A "空" */
    0x0, 0x0, 0x0, 0x1, 0x0, 0x0, 0x0, 0x0,
    0x0, 0x0, 0xa, 0xd0, 0x0, 0x0, 0x0, 0x0,
    0x0, 0x0, 0x4e, 0x20, 0x0, 0x0, 0x6, 0xff,
    0xff, 0xff, 0xff, 0xff, 0xff, 0x70, 0x6e, 0x22,
    0x32, 0x22, 0x22, 0x22, 0xe7, 0x6, 0xe0, 0x3e,
    0x60, 0x2, 0xa3, 0xc, 0x60, 0x0, 0x6f, 0xc2,
    0x0, 0x2b, 0xfb, 0x30, 0x4, 0xcf, 0x60, 0x0,
    0x0, 0x4, 0xdf, 0x80, 0x2a, 0x20, 0x0, 0x0,
    0x0, 0x0, 0x71, 0x0, 0xf, 0xff, 0xff, 0xff,
    0xff, 0xf4, 0x0, 0x0, 0x32, 0x11, 0x8e, 0x11,
    0x22, 0x10, 0x0, 0x0, 0x0, 0x7, 0xe0, 0x0,
    0x0, 0x0, 0x0, 0x0, 0x0, 0x7e, 0x0, 0x0,
    0x0, 0x2, 0x11, 0x11, 0x17, 0xe1, 0x11, 0x11,
    0x11, 0xef, 0xff, 0xff, 0xff, 0xff, 0xff, 0xff,
    0xa1, 0x0, 0x0, 0x0, 0x0, 0x0, 0x0, 0x1,

    /* U+7ACB "立" */
    0x0, 0x0, 0x0, 0x0, 0x0, 0x0, 0x0, 0x0,
    0x0, 0x0, 0x0, 0x7c, 0x0, 0x0, 0x0, 0x0,
    0x0, 0x0, 0x0, 0x2f, 0x60, 0x0, 0x0, 0x0,
    0x0, 0x0, 0x0, 0x7, 0x30, 0x0, 0x0, 0x0,
    0x1, 0xff, 0xff, 0xff, 0xff, 0xff, 0xff, 0x10,
    0x0, 0x21, 0x11, 0x11, 0x11, 0x11, 0x22, 0x0,
    0x0, 0x2, 0x30, 0x0, 0x0, 0xb, 0x50, 0x0,
    0x0, 0xa, 0xd0, 0x0, 0x0, 0x1f, 0x60, 0x0,
    0x0, 0x3, 0xf5, 0x0, 0x0, 0x5f, 0x0, 0x0,
    0x0, 0x0, 0xcc, 0x0, 0x0, 0xaa, 0x0, 0x0,
    0x0, 0x0, 0x5f, 0x30, 0x0, 0xf4, 0x0, 0x0,
    0x0, 0x0, 0xe, 0xa0, 0x5, 0xe0, 0x0, 0x0,
    0x0, 0x0, 0x8, 0xe0, 0xb, 0x90, 0x0, 0x0,
    0x4, 0x33, 0x35, 0x43, 0x4f, 0x63, 0x34, 0x40,
    0xf, 0xee, 0xee, 0xee, 0xee, 0xee, 0xee, 0xe1,

    /* U+7AEF "端" */
    0x0, 0x16, 0x0, 0x0, 0x0, 0xf3, 0x0, 0x0,
    0x5, 0xf2, 0x0, 0xf1, 0xf, 0x30, 0xf4, 0x0,
    0xb, 0x60, 0xe, 0x10, 0xf3, 0xe, 0x30, 0x44,
    0x44, 0x50, 0xf7, 0x7f, 0x87, 0xf3, 0xa, 0xaa,
    0xab, 0x7, 0x77, 0x77, 0x77, 0x10, 0x0, 0x5,
    0x52, 0x44, 0x44, 0x44, 0x44, 0xd, 0x60, 0xb8,
    0x5b, 0xbc, 0xfb, 0xbb, 0xa0, 0x8a, 0xe, 0x40,
    0x0, 0x4d, 0x0, 0x0, 0x5, 0xe1, 0xf0, 0x5f,
    0xff, 0xff, 0xff, 0x90, 0x1d, 0x5c, 0x5, 0xa2,
    0xe0, 0xe1, 0x89, 0x0, 0x7, 0xa6, 0x6a, 0x2e,
    0xe, 0x18, 0x91, 0x7a, 0xed, 0x96, 0xa2, 0xe0,
    0xe1, 0x89, 0x1d, 0x72, 0x0, 0x5a, 0x3e, 0xe,
    0x18, 0x90, 0x0, 0x0, 0x5, 0xa0, 0x0, 0x15,
    0xd8, 0x0, 0x0, 0x0, 0x6a, 0x0, 0x0, 0x7e,
    0x30, 0x0, 0x0, 0x0, 0x0, 0x0, 0x1, 0x0,

    /* U+7B80 "简" */
    0x0, 0x1, 0x10, 0x0, 0x1, 0x0, 0x0, 0x0,
    0x0, 0x8c, 0x0, 0x0, 0x9c, 0x0, 0x0, 0x0,
    0x2f, 0xed, 0xdb, 0xf, 0xdb, 0xbb, 0xb0, 0x1d,
    0x85, 0xe2, 0x19, 0xb3, 0xcb, 0x33, 0xd, 0xa0,
    0xc, 0x56, 0xe1, 0x5, 0xf1, 0x0, 0x30, 0x87,
    0x10, 0x13, 0x0, 0x1, 0x0, 0x0, 0x4, 0xf3,
    0xaf, 0xff, 0xff, 0xff, 0x0, 0x8, 0x27, 0x20,
    0x0, 0x0, 0x2, 0xe0, 0x0, 0xe3, 0xe, 0xee,
    0xee, 0x50, 0x2e, 0x0, 0xd, 0x30, 0xe2, 0x0,
    0xc4, 0x2, 0xe0, 0x0, 0xd3, 0xe, 0xff, 0xff,
    0x40, 0x2e, 0x0, 0xd, 0x30, 0xe2, 0x0, 0xc4,
    0x2, 0xe0, 0x0, 0xd3, 0xe, 0x53, 0x3d, 0x40,
    0x2e, 0x0, 0xd, 0x30, 0xbb, 0xbb, 0xb4, 0x2,
    0xe0, 0x0, 0xe3, 0x0, 0x0, 0x0, 0x16, 0x9d,
    0x0, 0xe, 0x30, 0x0, 0x0, 0x0, 0xed, 0x60,
    0x0, 0x0, 0x0, 0x0, 0x0, 0x0, 0x0, 0x0,

    /* U+7DB2 "網" */
    0x0, 0x6, 0x40, 0x0, 0x0, 0x0, 0x0, 0x0,
    0x0, 0xf, 0x60, 0xf, 0xff, 0xff, 0xff, 0xf0,
    0x0, 0x6c, 0x0, 0xf, 0x1, 0x0, 0x12, 0xf0,
    0x0, 0xd3, 0x1b, 0x2f, 0xc, 0x45, 0xc2, 0xf0,
    0x8, 0xa0, 0xac, 0xf, 0x4, 0x4a, 0x62, 0xf0,
    0x3f, 0xee, 0xe1, 0xf, 0x6e, 0xee, 0xe9, 0xf0,
    0x1, 0xd, 0x30, 0xf, 0x0, 0x77, 0x2, 0xf0,
    0x0, 0xb7, 0x57, 0xf, 0x4c, 0xde, 0xc7, 0xf0,
    0x1a, 0xd5, 0x8f, 0x1f, 0x17, 0xd3, 0x33, 0xf0,
    0x1f, 0xc9, 0x7d, 0x6f, 0x4, 0xc0, 0x2, 0xf0,
    0x2, 0x1, 0x5, 0xf, 0x5, 0xfc, 0xc4, 0xf0,
    0xd, 0x5f, 0x1f, 0xf, 0x0, 0x22, 0x22, 0xf0,
    0xf, 0x1d, 0x2d, 0x4f, 0x0, 0x0, 0x2, 0xf0,
    0x2e, 0xc, 0x48, 0x5f, 0x0, 0x0, 0x4f, 0xf0,
    0x6b, 0x3, 0x0, 0xf, 0x0, 0x0, 0x1f, 0xa0,
    0x0, 0x0, 0x0, 0x0, 0x0, 0x0, 0x1, 0x0,

    /* U+7DDA "線" */
    0x0, 0x4, 0x30, 0x0, 0x6, 0xa0, 0x0, 0x0,
    0x0, 0xe, 0x80, 0x0, 0xb, 0x70, 0x0, 0x0,
    0x0, 0x5c, 0x0, 0xe, 0xff, 0xff, 0xff, 0x0,
    0x0, 0xc2, 0x24, 0xd, 0x30, 0x0, 0x2e, 0x0,
    0x7, 0x80, 0xba, 0xd, 0xee, 0xee, 0xee, 0x0,
    0x2f, 0xcd, 0xd0, 0xd, 0x30, 0x0, 0x2e, 0x0,
    0x1, 0xd, 0x30, 0xe, 0xff, 0xff, 0xff, 0x0,
    0x0, 0x88, 0x38, 0x0, 0x0, 0xf0, 0x0, 0x0,
    0x5, 0xc0, 0x3e, 0x12, 0x22, 0xf2, 0xb, 0x30,
    0x2f, 0xed, 0xcf, 0x6d, 0xe9, 0xfc, 0xac, 0x30,
    0x5, 0x12, 0x19, 0x0, 0xc4, 0xfa, 0xb0, 0x0,
    0xd, 0x5d, 0x2f, 0x5, 0xd0, 0xf1, 0xd7, 0x0,
    0xf, 0x1c, 0x3c, 0x5e, 0x40, 0xf0, 0x2e, 0xc1,
    0x5c, 0x5, 0x10, 0xa6, 0x39, 0xf0, 0x1, 0x80,
    0x12, 0x0, 0x0, 0x0, 0x4c, 0x50, 0x0, 0x0,

    /* U+7E41 "繁" */
    0x0, 0x0, 0x0, 0x0, 0x0, 0x0, 0x0, 0x0,
    0xa, 0x92, 0x22, 0x21, 0xd, 0x60, 0x0, 0x3,
    0xfb, 0xbb, 0xbb, 0x74, 0xfc, 0xbb, 0xa0, 0xdb,
    0x88, 0x88, 0x80, 0xd7, 0x28, 0xc1, 0x2, 0xc6,
    0x8a, 0x4f, 0x6e, 0xa0, 0xb7, 0x1, 0xcf, 0xcc,
    0xdc, 0xfa, 0x1d, 0x7f, 0x10, 0x0, 0xe1, 0x95,
    0x1e, 0x0, 0x5f, 0x80, 0x0, 0xf, 0xcd, 0xcc,
    0xf7, 0x7f, 0xbe, 0x94, 0x0, 0x0, 0x2c, 0x75,
    0x1c, 0x80, 0x29, 0x60, 0x2, 0x8e, 0x93, 0x25,
    0xdd, 0x10, 0x0, 0x0, 0x3b, 0xa9, 0xdf, 0xc5,
    0xb, 0x70, 0x0, 0x3, 0x58, 0xdc, 0x74, 0x56,
    0x9e, 0xc1, 0x0, 0xef, 0xdc, 0xab, 0xd0, 0x0,
    0xa, 0x0, 0x0, 0x4d, 0x50, 0x5d, 0xa, 0xb5,
    0x0, 0x3, 0xcd, 0x60, 0x4a, 0xc0, 0x6, 0xde,
    0x0, 0x5, 0x0, 0x5, 0x82, 0x0, 0x0, 0x30,

    /* U+7E7C "繼" */
    0x0, 0x0, 0x0, 0x0, 0x0, 0x0, 0x0, 0x0,
    0x0, 0x8, 0xd1, 0x3e, 0x6, 0x90, 0x9, 0x0,
    0x0, 0xe, 0x30, 0x2d, 0x58, 0x4a, 0x95, 0x85,
    0x0, 0x77, 0x9, 0x5d, 0xbb, 0xb2, 0xac, 0x70,
    0x4, 0xb1, 0x8d, 0x3d, 0x5b, 0x74, 0x98, 0xa1,
    0xe, 0xdc, 0xe2, 0x2d, 0x98, 0x97, 0xa7, 0x94,
    0x0, 0xb, 0x50, 0x2f, 0xdd, 0xdd, 0xdd, 0xd4,
    0x0, 0x79, 0xd, 0x4d, 0x7, 0x30, 0x9, 0x10,
    0x7, 0xe5, 0x6e, 0x7d, 0x3c, 0x35, 0x58, 0x43,
    0xd, 0xc9, 0x7a, 0xad, 0xd6, 0xc6, 0xd6, 0xd2,
    0x1, 0x0, 0x4, 0x3d, 0x3b, 0x51, 0x4c, 0x41,
    0x8, 0x8a, 0x4f, 0x3d, 0xac, 0xb8, 0xeb, 0xc5,
    0xa, 0x59, 0x5d, 0x6d, 0x32, 0x25, 0x31, 0x33,
    0xe, 0x29, 0x69, 0x7e, 0xee, 0xee, 0xee, 0xe5,
    0x0, 0x0, 0x0, 0x0, 0x0, 0x0, 0x0, 0x0,

    /* U+7E8C "續" */
    0x0, 0xa, 0x40, 0x0, 0x1, 0xd0, 0x0, 0x0,
    0x4, 0xe1, 0xc, 0xee, 0xef, 0xee, 0xea, 0x0,
    0xa6, 0x0, 0x24, 0x44, 0xe4, 0x44, 0x20, 0x1c,
    0x3, 0x43, 0x99, 0x99, 0x99, 0x93, 0xb, 0x40,
    0xda, 0xbc, 0xcc, 0xcc, 0xcc, 0x97, 0xfd, 0xfb,
    0xd, 0x40, 0xf0, 0xe1, 0x3b, 0x1, 0x3d, 0x0,
    0xac, 0xcc, 0xcc, 0xcc, 0x90, 0xd, 0x34, 0x63,
    0xaa, 0xaa, 0xaa, 0xa2, 0x1c, 0x71, 0x6c, 0x4e,
    0x33, 0x33, 0x3d, 0x36, 0xfd, 0xca, 0xe3, 0xfa,
    0xaa, 0xaa, 0xe2, 0x7, 0x19, 0x19, 0x3f, 0x88,
    0x88, 0x8e, 0x20, 0xf2, 0xf1, 0xd4, 0xf9, 0x99,
    0x99, 0xe3, 0x2f, 0xf, 0x1a, 0x13, 0xc7, 0x25,
    0xa3, 0x6, 0xc0, 0x30, 0x5, 0xda, 0x20, 0x19,
    0xe7, 0x1, 0x0, 0x0, 0x63, 0x0, 0x0, 0x3,
    0x50,

    /* U+7EBF "线" */
    0x0, 0x8, 0x40, 0x0, 0x69, 0x0, 0x0, 0x0,
    0x0, 0x1f, 0x50, 0x0, 0x7e, 0xc, 0x70, 0x0,
    0x0, 0x9a, 0x0, 0x0, 0x6d, 0x3, 0xc0, 0x0,
    0x3, 0xe1, 0x2e, 0x30, 0x6d, 0x3, 0x7b, 0x30,
    0x1d, 0x60, 0xab, 0x47, 0xcf, 0xfc, 0x97, 0x10,
    0x4f, 0xff, 0xf1, 0x89, 0x8f, 0x0, 0x0, 0x10,
    0x3, 0xa, 0x60, 0x0, 0x2f, 0x47, 0xae, 0xf0,
    0x0, 0x5c, 0x0, 0x6b, 0xef, 0xd9, 0x63, 0x0,
    0x5, 0xf5, 0x34, 0x44, 0x1c, 0x50, 0x8b, 0x10,
    0xd, 0xfe, 0xc9, 0x0, 0x8, 0xa7, 0xf6, 0x0,
    0x2, 0x0, 0x0, 0x0, 0x3, 0xff, 0x50, 0x0,
    0x3, 0x58, 0xbe, 0x60, 0x1b, 0xfc, 0x0, 0x40,
    0x1f, 0xe9, 0x52, 0x6, 0xeb, 0x2e, 0x93, 0xf4,
    0x1, 0x0, 0x0, 0xcf, 0x60, 0x2, 0xef, 0xd0,
    0x0, 0x0, 0x0, 0x21, 0x0, 0x0, 0x16, 0x10,

    /* U+7EDC "络" */
    0x0, 0x3, 0x0, 0x0, 0x4b, 0x10, 0x0, 0x0,
    0x0, 0xe, 0x70, 0x0, 0xac, 0x0, 0x0, 0x0,
    0x0, 0x5e, 0x0, 0x1, 0xff, 0xff, 0xff, 0x50,
    0x0, 0xc5, 0xa, 0x1a, 0xf9, 0x0, 0x9c, 0x0,
    0x6, 0xc0, 0x7e, 0x7f, 0x4f, 0x44, 0xf2, 0x0,
    0x1f, 0xed, 0xf6, 0x44, 0x6, 0xef, 0x50, 0x0,
    0x6, 0x28, 0xd0, 0x0, 0x8, 0xff, 0x50, 0x0,
    0x0, 0x1f, 0x40, 0x17, 0xee, 0x48, 0xfd, 0x72,
    0x0, 0xab, 0x0, 0xcf, 0xa1, 0x0, 0x3c, 0xf8,
    0x7, 0xfc, 0xdd, 0x25, 0xff, 0xff, 0xff, 0x21,
    0x4, 0x96, 0x42, 0x3, 0xe0, 0x0, 0x3f, 0x0,
    0x0, 0x2, 0x59, 0x13, 0xe0, 0x0, 0x3e, 0x0,
    0x8, 0xff, 0xb6, 0x3, 0xfc, 0xcc, 0xde, 0x0,
    0x4, 0x92, 0x0, 0x3, 0xf3, 0x33, 0x6e, 0x0,
    0x0, 0x0, 0x0, 0x3, 0xe0, 0x0, 0x3f, 0x0,
    0x0, 0x0, 0x0, 0x0, 0x10, 0x0, 0x0, 0x0,

    /* U+7EE7 "继" */
    0x0, 0x67, 0x0, 0x0, 0x0, 0x4e, 0x0, 0x0,
    0x0, 0xca, 0x0, 0x73, 0xa2, 0x4e, 0x9, 0x60,
    0x1, 0xf2, 0x0, 0xd6, 0xa8, 0x4e, 0xf, 0x50,
    0x8, 0x90, 0x51, 0xd5, 0x5d, 0x4e, 0x5f, 0x0,
    0x2e, 0x10, 0xf7, 0xd5, 0x15, 0x4e, 0x15, 0x0,
    0x8f, 0xef, 0xc0, 0xd5, 0x43, 0x6f, 0x33, 0x30,
    0x24, 0x4f, 0x20, 0xd5, 0xdd, 0xff, 0xdd, 0xb0,
    0x0, 0xc7, 0x0, 0xd5, 0x0, 0xee, 0x10, 0x0,
    0xa, 0xb1, 0x20, 0xd5, 0x8, 0xee, 0xc7, 0x0,
    0x2f, 0xff, 0xc0, 0xd5, 0x4e, 0x6e, 0x2f, 0x40,
    0x2, 0x0, 0x0, 0xd7, 0xf6, 0x4e, 0x6, 0x40,
    0x0, 0x13, 0x61, 0xd5, 0x40, 0x4f, 0x0, 0x0,
    0x6f, 0xfd, 0x90, 0xd6, 0x11, 0x13, 0x11, 0x10,
    0x13, 0x0, 0x0, 0xdf, 0xff, 0xff, 0xff, 0xf2,

    /* U+7EED "续" */
    0x0, 0x19, 0x20, 0x0, 0x0, 0xf3, 0x0, 0x0,
    0x0, 0x8e, 0x10, 0x13, 0x22, 0xf5, 0x22, 0x30,
    0x0, 0xe7, 0x0, 0x4d, 0xcc, 0xfd, 0xcc, 0xc0,
    0x5, 0xe0, 0x68, 0x1, 0x0, 0xf3, 0x0, 0x0,
    0x1e, 0x70, 0xd6, 0x5d, 0xcc, 0xcc, 0xce, 0xa0,
    0x5f, 0xfe, 0xd0, 0x3, 0x70, 0x33, 0xe, 0x40,
    0x3, 0x1e, 0x40, 0x3, 0xeb, 0x9b, 0x7, 0x0,
    0x0, 0x8b, 0x0, 0x4a, 0x23, 0x99, 0x0, 0x0,
    0x5, 0xf5, 0x42, 0x1d, 0xb0, 0x98, 0x0, 0x0,
    0xc, 0xfe, 0xc4, 0x2, 0x50, 0xa7, 0x1, 0x10,
    0x2, 0x10, 0x0, 0x8e, 0xee, 0xfe, 0xee, 0xe0,
    0x0, 0x13, 0x64, 0x0, 0x6, 0xe2, 0x10, 0x0,
    0x1f, 0xfe, 0xb5, 0x1, 0x8f, 0x56, 0xf8, 0x10,
    0x4, 0x20, 0x3, 0xdf, 0xc3, 0x0, 0x4d, 0xe1,
    0x0, 0x0, 0x0, 0x63, 0x0, 0x0, 0x0, 0x40,

    /* U+7F51 "网" */
    0x6f, 0xff, 0xff, 0xff, 0xff, 0xff, 0xff, 0x5,
    0xe1, 0x11, 0x11, 0x11, 0x11, 0x15, 0xf0, 0x5e,
    0x1, 0x0, 0xb3, 0x0, 0x47, 0x5e, 0x5, 0xe6,
    0xe0, 0x3f, 0x34, 0x9, 0xc5, 0xe0, 0x5e, 0xd,
    0x77, 0xb7, 0xe1, 0xd5, 0x5e, 0x5, 0xe0, 0x3f,
    0xd5, 0xc, 0xbf, 0x5, 0xe0, 0x5e, 0x0, 0xaf,
    0x0, 0x4f, 0xa0, 0x5e, 0x5, 0xe0, 0xb, 0xf4,
    0x1, 0xfa, 0x5, 0xe0, 0x5e, 0x3, 0xfa, 0xd0,
    0xad, 0xf3, 0x5e, 0x5, 0xe0, 0xc8, 0x1b, 0x6f,
    0x2b, 0xb5, 0xe0, 0x5e, 0x7e, 0x0, 0x3f, 0x80,
    0x38, 0x5e, 0x5, 0xe3, 0x40, 0x1, 0x70, 0x0,
    0x5, 0xe0, 0x5e, 0x0, 0x0, 0x0, 0x0, 0x16,
    0xbe, 0x6, 0xe0, 0x0, 0x0, 0x0, 0x0, 0xdc,
    0x60,

    /* U+7F6E "置" */
    0xd, 0xed, 0xde, 0xdd, 0xfd, 0xde, 0xc0, 0x0,
    0xc6, 0x4, 0xa0, 0xd, 0x20, 0x7c, 0x0, 0xa,
    0xcc, 0xcc, 0xde, 0xcc, 0xcc, 0xa0, 0x3, 0x66,
    0x66, 0x6c, 0xd6, 0x66, 0x66, 0x0, 0x48, 0x77,
    0x77, 0xea, 0x77, 0x77, 0x80, 0x0, 0x6, 0xbb,
    0xbf, 0xcb, 0xbb, 0x40, 0x0, 0x0, 0x89, 0x22,
    0x22, 0x22, 0xb5, 0x0, 0x0, 0x7, 0xed, 0xdd,
    0xdd, 0xdf, 0x50, 0x0, 0x0, 0x78, 0x11, 0x11,
    0x11, 0xb5, 0x0, 0x0, 0x7, 0xff, 0xff, 0xff,
    0xff, 0x50, 0x0, 0x0, 0x7b, 0x77, 0x77, 0x77,
    0xd5, 0x0, 0x0, 0x7, 0xb5, 0x55, 0x55, 0x5c,
    0x50, 0x0, 0xed, 0xee, 0xdd, 0xdd, 0xdd, 0xed,
    0xde, 0x0,

    /* U+80CC "背" */
    0x0, 0x0, 0x6, 0xd0, 0xf, 0x20, 0x0, 0x0,
    0x0, 0x10, 0x6, 0xc0, 0xf, 0x21, 0x7a, 0x0,
    0x6, 0xee, 0xee, 0xc0, 0xf, 0xde, 0xb8, 0x0,
    0x0, 0x0, 0x5, 0xc0, 0xf, 0x30, 0x0, 0x0,
    0x8, 0x9b, 0xde, 0xc0, 0xf, 0x40, 0x5, 0xc0,
    0x8, 0x63, 0x14, 0xb0, 0x8, 0xde, 0xed, 0x70,
    0x0, 0x1, 0x11, 0x11, 0x11, 0x11, 0x10, 0x0,
    0x0, 0xe, 0xed, 0xdd, 0xdd, 0xde, 0xf0, 0x0,
    0x0, 0xe, 0x50, 0x0, 0x0, 0x4, 0xf0, 0x0,
    0x0, 0xd, 0xff, 0xff, 0xff, 0xff, 0xe0, 0x0,
    0x0, 0xd, 0x50, 0x0, 0x0, 0x4, 0xe0, 0x0,
    0x0, 0xd, 0xff, 0xff, 0xff, 0xff, 0xe0, 0x0,
    0x0, 0xd, 0x50, 0x0, 0x0, 0x4, 0xe0, 0x0,
    0x0, 0xe, 0x50, 0x0, 0x1, 0x8b, 0xd0, 0x0,
    0x0, 0xe, 0x50, 0x0, 0x0, 0xdc, 0x40, 0x0,

    /* U+81EA "自" */
    0x0, 0x0, 0x20, 0x0, 0x0, 0x0, 0x0, 0x0,
    0xbb, 0x0, 0x0, 0x0, 0x0, 0x0, 0xd6, 0x0,
    0x0, 0x0, 0x3c, 0xcc, 0xfd, 0xcc, 0xcc, 0xc3,
    0x4f, 0x44, 0x44, 0x44, 0x44, 0xf4, 0x4e, 0x0,
    0x0, 0x0, 0x0, 0xe4, 0x4f, 0x33, 0x33, 0x33,
    0x33, 0xf4, 0x4f, 0xcc, 0xcc, 0xcc, 0xcc, 0xf4,
    0x4e, 0x0, 0x0, 0x0, 0x0, 0xe4, 0x4f, 0x33,
    0x33, 0x33, 0x33, 0xf4, 0x4f, 0xcc, 0xcc, 0xcc,
    0xcc, 0xf4, 0x4e, 0x0, 0x0, 0x0, 0x0, 0xe4,
    0x4e, 0x0, 0x0, 0x0, 0x0, 0xe4, 0x4f, 0xff,
    0xff, 0xff, 0xff, 0xf4, 0x5e, 0x0, 0x0, 0x0,
    0x0, 0xe5,

    /* U+8207 "與" */
    0x0, 0x0, 0x0, 0x0, 0x0, 0x0, 0x0, 0x0,
    0x1, 0xbc, 0xd8, 0x9b, 0x0, 0x6f, 0xf4, 0x0,
    0x1, 0xf2, 0x0, 0x8f, 0xee, 0x10, 0xc4, 0x0,
    0x0, 0xf4, 0x20, 0x8a, 0x0, 0x0, 0xc4, 0x0,
    0x0, 0xfd, 0xd3, 0x8f, 0xfd, 0x9d, 0xf3, 0x0,
    0x0, 0xe3, 0x0, 0x0, 0x3e, 0x0, 0xe3, 0x0,
    0x0, 0xe5, 0x20, 0xb3, 0x3e, 0x12, 0xe2, 0x0,
    0x0, 0xed, 0xd1, 0xe4, 0x3e, 0x8d, 0xf2, 0x0,
    0x0, 0xd3, 0x0, 0xe4, 0x3e, 0x0, 0xf2, 0x0,
    0x23, 0xe6, 0x33, 0xf6, 0x6f, 0x33, 0xf5, 0x40,
    0x7b, 0xbb, 0xbb, 0xbb, 0xbb, 0xbb, 0xbb, 0xb0,
    0x0, 0x0, 0x1b, 0x50, 0x2, 0xc5, 0x0, 0x0,
    0x0, 0x6, 0xed, 0x50, 0x0, 0x6f, 0xc2, 0x0,
    0x19, 0xef, 0x70, 0x0, 0x0, 0x1, 0xbf, 0x80,
    0xb, 0x81, 0x0, 0x0, 0x0, 0x0, 0x8, 0x70,

    /* U+83B7 "获" */
    0x0, 0x0, 0x0, 0x0, 0x0, 0x0, 0x0, 0x0,
    0x0, 0x0, 0xd6, 0x0, 0x6d, 0x0, 0x0, 0x1,
    0x21, 0x1d, 0x71, 0x17, 0xd1, 0x12, 0x10, 0x8e,
    0xee, 0xfe, 0xee, 0xef, 0xee, 0xe9, 0x0, 0x0,
    0xd, 0x60, 0x6, 0xd0, 0x0, 0x0, 0x5, 0x10,
    0x81, 0x0, 0x36, 0x3, 0x0, 0x0, 0x8e, 0xcb,
    0x10, 0x7, 0xc1, 0xe6, 0x0, 0x5, 0xef, 0x10,
    0x0, 0x6c, 0x3, 0xa0, 0xa, 0xc3, 0xa8, 0x6f,
    0xff, 0xff, 0xff, 0xa0, 0x10, 0x2e, 0xd0, 0x10,
    0xaf, 0x10, 0x11, 0x0, 0x4e, 0x6f, 0x0, 0xe,
    0xe5, 0x0, 0x0, 0x9e, 0x31, 0xf0, 0x7, 0xd5,
    0xd0, 0x0, 0x5, 0x10, 0x4e, 0x2, 0xf4, 0xc,
    0xb0, 0x0, 0x0, 0x2c, 0x82, 0xe9, 0x0, 0x1e,
    0xc1, 0x0, 0xbf, 0xa2, 0xfb, 0x0, 0x0, 0x2d,
    0x80, 0x3, 0x10, 0x3, 0x0, 0x0, 0x0, 0x0,

    /* U+83DC "菜" */
    0x0, 0x0, 0x0, 0x0, 0x0, 0x10, 0x0, 0x0,
    0x0, 0x0, 0xd, 0x70, 0x3, 0xf0, 0x0, 0x0,
    0x5, 0x44, 0x4d, 0x94, 0x46, 0xf4, 0x44, 0x41,
    0x1d, 0xcc, 0xcf, 0xdc, 0xcd, 0xfc, 0xcc, 0xc3,
    0x0, 0x0, 0xb, 0x50, 0x3, 0xe2, 0x31, 0x0,
    0x1, 0xcd, 0xdd, 0xef, 0xfe, 0xdc, 0xc9, 0x0,
    0x0, 0x38, 0x21, 0x1a, 0x60, 0x1, 0xc3, 0x0,
    0x0, 0x1e, 0x80, 0x8, 0xe0, 0x8, 0xd0, 0x0,
    0x0, 0x5, 0xf1, 0x4, 0xc0, 0x1e, 0x40, 0x0,
    0x2, 0x22, 0x32, 0x26, 0xe2, 0x22, 0x22, 0x20,
    0x2f, 0xff, 0xff, 0xff, 0xff, 0xff, 0xff, 0xf3,
    0x0, 0x0, 0xb, 0xd5, 0xd7, 0xd1, 0x0, 0x0,
    0x0, 0x0, 0xae, 0x24, 0xd0, 0xae, 0x40, 0x0,
    0x0, 0x3d, 0xd2, 0x4, 0xd0, 0x9, 0xfb, 0x40,
    0xa, 0xfa, 0x0, 0x4, 0xd0, 0x0, 0x5e, 0xc1,
    0x4, 0x50, 0x0, 0x5, 0xe0, 0x0, 0x0, 0x10,

    /* U+8868 "表" */
    0x0, 0x0, 0x0, 0xe, 0x70, 0x0, 0x0, 0x0,
    0x0, 0x11, 0x0, 0xe, 0x60, 0x0, 0x1, 0x0,
    0x2, 0xff, 0xff, 0xff, 0xff, 0xff, 0xff, 0x10,
    0x0, 0x0, 0x0, 0xd, 0x60, 0x0, 0x0, 0x0,
    0x0, 0x6f, 0xff, 0xff, 0xff, 0xff, 0xf6, 0x0,
    0x0, 0x0, 0x0, 0xd, 0x60, 0x0, 0x0, 0x0,
    0x5d, 0xdd, 0xdd, 0xdf, 0xed, 0xdd, 0xdd, 0xd0,
    0x13, 0x22, 0x26, 0xf5, 0x72, 0x22, 0x33, 0x30,
    0x0, 0x0, 0x5f, 0x71, 0xf1, 0x3, 0xe4, 0x0,
    0x0, 0x19, 0xff, 0x40, 0xab, 0x3e, 0x90, 0x0,
    0x7, 0xed, 0x3e, 0x40, 0x2e, 0xf7, 0x0, 0x0,
    0xb, 0x70, 0xe, 0x47, 0xc3, 0xfa, 0x30, 0x0,
    0x0, 0x0, 0xf, 0xee, 0x60, 0x2c, 0xfe, 0xa0,
    0x0, 0x0, 0x1f, 0x90, 0x0, 0x0, 0x39, 0x70,
    0x0, 0x0, 0x1, 0x0, 0x0, 0x0, 0x0, 0x0,

    /* U+88C5 "装" */
    0x0, 0x0, 0x45, 0x0, 0xd, 0x50, 0x0, 0x5,
    0x10, 0x89, 0x0, 0xd, 0x50, 0x0, 0xb, 0xd2,
    0x79, 0x8e, 0xdf, 0xed, 0xd6, 0x0, 0x81, 0x79,
    0x11, 0x1d, 0x51, 0x10, 0x0, 0x18, 0xe9, 0x0,
    0xd, 0x50, 0x0, 0x3a, 0xe8, 0x99, 0xe, 0xff,
    0xff, 0xd0, 0x28, 0x10, 0x89, 0x72, 0x0, 0x0,
    0x0, 0x0, 0x0, 0x0, 0x8a, 0x0, 0x0, 0x0,
    0x6f, 0xff, 0xff, 0xff, 0xff, 0xff, 0xfe, 0x0,
    0x0, 0x1c, 0xae, 0x10, 0x4, 0x0, 0x0, 0x5,
    0xe8, 0x7, 0xc0, 0x6f, 0x50, 0x16, 0xdb, 0xe4,
    0x0, 0xae, 0xc2, 0x0, 0x5c, 0x40, 0xda, 0xe5,
    0xa, 0xd7, 0x31, 0x0, 0x1, 0xfb, 0x30, 0x0,
    0x4a, 0xf9, 0x0, 0x0, 0x10, 0x0, 0x0, 0x0,
    0x0,

    /* U+8A00 "言" */
    0x0, 0x0, 0x0, 0x0, 0x0, 0x0, 0x0, 0x0,
    0x0, 0x5, 0xc0, 0x0, 0x0, 0x0, 0x11, 0x11,
    0x13, 0xf4, 0x11, 0x11, 0x10, 0xef, 0xff, 0xff,
    0xff, 0xff, 0xff, 0xf7, 0x0, 0x0, 0x0, 0x0,
    0x0, 0x0, 0x0, 0x2, 0xdc, 0xcc, 0xcc, 0xcc,
    0xc8, 0x0, 0x0, 0x32, 0x22, 0x22, 0x22, 0x32,
    0x0, 0x0, 0x10, 0x0, 0x0, 0x0, 0x10, 0x0,
    0x3, 0xee, 0xee, 0xee, 0xee, 0xe8, 0x0, 0x0,
    0x0, 0x0, 0x0, 0x0, 0x0, 0x0, 0x1, 0xff,
    0xff, 0xff, 0xff, 0xfa, 0x0, 0x1, 0xf2, 0x0,
    0x0, 0x0, 0x9a, 0x0, 0x0, 0xf2, 0x0, 0x0,
    0x0, 0x9a, 0x0, 0x1, 0xfc, 0xcc, 0xcc, 0xcc,
    0xea, 0x0, 0x1, 0xf5, 0x33, 0x33, 0x33, 0xbb,
    0x0,

    /* U+8A2D "設" */
    0x0, 0x4, 0x0, 0x0, 0x0, 0x0, 0x0, 0x0,
    0x0, 0x1f, 0x40, 0x0, 0xce, 0xee, 0xe1, 0x0,
    0x0, 0x7, 0x40, 0x0, 0xd5, 0x12, 0xf1, 0x0,
    0x2f, 0xee, 0xee, 0x40, 0xd4, 0x1, 0xf1, 0x0,
    0x1, 0x11, 0x11, 0x1, 0xf2, 0x1, 0xf1, 0x0,
    0x7, 0xbb, 0xb9, 0xc, 0xd0, 0x0, 0xfe, 0xe2,
    0x3, 0x44, 0x44, 0x6, 0x30, 0x0, 0x13, 0x30,
    0x2, 0x22, 0x22, 0x3, 0x54, 0x44, 0x44, 0x0,
    0x8, 0xdd, 0xda, 0x7, 0xfc, 0xbb, 0xdf, 0x0,
    0x0, 0x0, 0x0, 0x0, 0xb7, 0x0, 0xaa, 0x0,
    0xb, 0xff, 0xfd, 0x0, 0x6d, 0x2, 0xf4, 0x0,
    0xb, 0x70, 0x5d, 0x0, 0xe, 0x6b, 0xb0, 0x0,
    0xb, 0x70, 0x5d, 0x0, 0x5, 0xfe, 0x20, 0x0,
    0xb, 0xff, 0xfd, 0x0, 0x4d, 0xff, 0x81, 0x0,
    0xb, 0x70, 0x5d, 0x6e, 0xf9, 0x15, 0xef, 0xe2,
    0x3, 0x10, 0x12, 0x19, 0x20, 0x0, 0x17, 0x90,

    /* U+8A66 "試" */
    0x0, 0x0, 0x0, 0x0, 0x0, 0x0, 0x0, 0x0,
    0x0, 0x4d, 0x0, 0x0, 0x0, 0x6c, 0x1, 0x0,
    0x0, 0xa, 0x20, 0x0, 0x0, 0x6c, 0x6d, 0x0,
    0x5e, 0xee, 0xef, 0x0, 0x0, 0x5c, 0xb, 0x20,
    0x0, 0x0, 0x1, 0x22, 0x22, 0x7c, 0x22, 0x20,
    0x4, 0x44, 0x43, 0xbf, 0xff, 0xff, 0xff, 0xf3,
    0x9, 0xaa, 0xa6, 0x0, 0x0, 0x5c, 0x0, 0x10,
    0x3, 0x33, 0x32, 0x1, 0x1, 0x5d, 0x0, 0x0,
    0xb, 0xcc, 0xc7, 0x7f, 0xff, 0xad, 0x0, 0x0,
    0x0, 0x0, 0x0, 0x1, 0xf1, 0x2f, 0x0, 0x0,
    0xf, 0xff, 0xfa, 0x1, 0xf1, 0xf, 0x10, 0x0,
    0xf, 0x30, 0x9a, 0x1, 0xf1, 0xd, 0x50, 0x0,
    0xf, 0x30, 0x9a, 0x1, 0xf6, 0x68, 0xb0, 0x30,
    0xf, 0xee, 0xfa, 0x8e, 0xea, 0x52, 0xf6, 0xf5,
    0xf, 0x31, 0x9a, 0x43, 0x0, 0x0, 0x6f, 0xf1,
    0x0, 0x0, 0x0, 0x0, 0x0, 0x0, 0x2, 0x30,

    /* U+8A73 "詳" */
    0x0, 0x2, 0x0, 0x0, 0x1, 0x0, 0x3, 0x0,
    0x0, 0xe, 0x60, 0x0, 0x4d, 0x0, 0x2f, 0x40,
    0x0, 0x5, 0x40, 0x0, 0xa, 0x90, 0x9b, 0x0,
    0x3f, 0xff, 0xff, 0xa5, 0x78, 0x87, 0xf9, 0x73,
    0x0, 0x0, 0x0, 0x6, 0x88, 0xaf, 0x77, 0x84,
    0xa, 0xdd, 0xde, 0x20, 0x0, 0x4e, 0x0, 0x0,
    0x1, 0x11, 0x12, 0x0, 0x0, 0x4e, 0x0, 0x0,
    0x2, 0x32, 0x23, 0x5, 0xdd, 0xdf, 0xdd, 0xd0,
    0x9, 0xcc, 0xcc, 0x22, 0x65, 0x8f, 0x55, 0x60,
    0x0, 0x0, 0x0, 0x0, 0x0, 0x4e, 0x0, 0x0,
    0xb, 0xdd, 0xdd, 0x33, 0x22, 0x6e, 0x22, 0x21,
    0xc, 0x71, 0x1f, 0x3e, 0xdd, 0xef, 0xdd, 0xd8,
    0xc, 0x60, 0xf, 0x30, 0x0, 0x4e, 0x0, 0x0,
    0xc, 0xff, 0xff, 0x30, 0x0, 0x4e, 0x0, 0x0,
    0xd, 0x60, 0xf, 0x40, 0x0, 0x5f, 0x0, 0x0,
    0x0, 0x0, 0x0, 0x0, 0x0, 0x6f, 0x0, 0x0,

    /* U+8A8D "認" */
    0x0, 0x18, 0x0, 0x0, 0x0, 0x0, 0x0, 0x0,
    0x0, 0xc, 0x50, 0x7, 0xff, 0xff, 0xff, 0x80,
    0x1f, 0xee, 0xef, 0x34, 0x60, 0xd4, 0xb, 0x60,
    0x0, 0x0, 0x0, 0xa, 0x90, 0xf1, 0xc, 0x50,
    0x7, 0xbb, 0xb8, 0x1f, 0x34, 0xe0, 0xe, 0x40,
    0x2, 0x32, 0x22, 0x0, 0xb, 0x93, 0x9f, 0x10,
    0x1, 0x11, 0x11, 0x0, 0x9e, 0x14, 0xfd, 0x0,
    0x7, 0xcc, 0xc9, 0x1, 0x92, 0x0, 0x40, 0x0,
    0x0, 0x0, 0x0, 0x0, 0x0, 0xb3, 0x2, 0x0,
    0xc, 0xee, 0xeb, 0x8, 0x6c, 0x6c, 0x3e, 0x10,
    0xc, 0x60, 0x6b, 0x1f, 0x6d, 0x8, 0x9, 0xa0,
    0xc, 0x60, 0x6b, 0x6e, 0x4d, 0x0, 0x33, 0xe2,
    0xc, 0xee, 0xeb, 0xba, 0x4e, 0x11, 0xb8, 0x10,
    0xc, 0x60, 0x6b, 0x0, 0x1e, 0xff, 0xe1, 0x0,

    /* U+8A9E "語" */
    0x0, 0x69, 0x0, 0x0, 0x0, 0x0, 0x0, 0x0,
    0x0, 0x2e, 0x10, 0xf, 0xff, 0xff, 0xff, 0x90,
    0x69, 0x9a, 0x9a, 0x0, 0x6, 0xd0, 0x0, 0x0,
    0x23, 0x22, 0x23, 0xa, 0xce, 0xec, 0xcb, 0x0,
    0x2d, 0xcc, 0xc7, 0x0, 0xd, 0x50, 0x6d, 0x0,
    0x4, 0x33, 0x32, 0x0, 0xf, 0x20, 0x8b, 0x0,
    0x1, 0x10, 0x10, 0x6a, 0xbf, 0xaa, 0xdd, 0xa2,
    0xe, 0xee, 0xe8, 0x47, 0x77, 0x77, 0x77, 0x71,
    0x0, 0x0, 0x0, 0x1, 0x33, 0x33, 0x33, 0x0,
    0x4f, 0xff, 0xfa, 0x4, 0xfd, 0xdd, 0xdf, 0x0,
    0x3e, 0x0, 0x7a, 0x4, 0xd0, 0x0, 0x3e, 0x0,
    0x3e, 0x11, 0x8a, 0x4, 0xd0, 0x0, 0x3e, 0x0,
    0x3f, 0xcc, 0xea, 0x4, 0xfb, 0xbb, 0xce, 0x0,
    0x4e, 0x0, 0x7b, 0x4, 0xe3, 0x33, 0x6f, 0x0,
    0x1, 0x0, 0x0, 0x4, 0xc0, 0x0, 0x3f, 0x0,

    /* U+8AA4 "誤" */
    0x0, 0x26, 0x0, 0x0, 0x0, 0x0, 0x0, 0x0,
    0x0, 0x3f, 0x20, 0xd, 0xff, 0xff, 0xff, 0x0,
    0x36, 0x68, 0x66, 0xc, 0x40, 0x0, 0x1f, 0x0,
    0x25, 0x55, 0x55, 0xc, 0x85, 0x55, 0x6f, 0x0,
    0xb, 0xbb, 0xb7, 0x5, 0x66, 0x66, 0x66, 0x0,
    0x4, 0x33, 0x32, 0x0, 0x0, 0x0, 0x0, 0x0,
    0x1, 0x0, 0x10, 0xd, 0xdc, 0xcc, 0xcd, 0x30,
    0xe, 0xee, 0xe8, 0x5, 0x55, 0xf7, 0x55, 0x10,
    0x0, 0x0, 0x0, 0x0, 0x1, 0xf1, 0x0, 0x0,
    0x1f, 0xff, 0xfa, 0x9f, 0xff, 0xff, 0xff, 0xe0,
    0xf, 0x10, 0x6a, 0x0, 0x9, 0xdd, 0x0, 0x0,
    0xf, 0x10, 0x6a, 0x0, 0x5e, 0x1c, 0x80, 0x0,
    0xf, 0xff, 0xfa, 0x7, 0xe3, 0x2, 0xe9, 0x10,
    0x1f, 0x10, 0x6b, 0xbc, 0x20, 0x0, 0x1c, 0xc0,
    0x0, 0x0, 0x0, 0x0, 0x0, 0x0, 0x0, 0x0,

    /* U+8ACB "請" */
    0x0, 0x59, 0x0, 0x0, 0x0, 0xf3, 0x0, 0x0,
    0x0, 0x1a, 0x10, 0x16, 0x66, 0xf8, 0x66, 0x40,
    0x7c, 0xcc, 0xcc, 0x27, 0x66, 0xf8, 0x66, 0x40,
    0x11, 0x0, 0x1, 0x4, 0x44, 0xf6, 0x45, 0x10,
    0x1, 0x0, 0x0, 0xc, 0xee, 0xfe, 0xef, 0x30,
    0xc, 0xbb, 0xb7, 0x1, 0x0, 0xe3, 0x1, 0x10,
    0x0, 0x0, 0x0, 0x8d, 0xcc, 0xcc, 0xcc, 0xd1,
    0xc, 0xdd, 0xd7, 0x1, 0x66, 0x66, 0x66, 0x0,
    0x0, 0x0, 0x0, 0x3, 0xf6, 0x66, 0x7f, 0x0,
    0x1e, 0xcc, 0xd8, 0x2, 0xfa, 0xaa, 0xbf, 0x0,
    0xf, 0x10, 0x89, 0x2, 0xf3, 0x33, 0x4f, 0x0,
    0xf, 0x10, 0x89, 0x2, 0xfb, 0xbb, 0xbf, 0x0,
    0xf, 0xdd, 0xe9, 0x2, 0xf3, 0x33, 0x4f, 0x0,
    0x1f, 0x10, 0x89, 0x3, 0xf0, 0x3, 0xcf, 0x0,
    0x2f, 0x10, 0x0, 0x3, 0xf0, 0x2, 0xe7, 0x0,
    0x0, 0x0, 0x0, 0x0, 0x0, 0x0, 0x0, 0x0,

    /* U+8BA4 "认" */
    0x0, 0x0, 0x0, 0x0, 0x0, 0x0, 0x0, 0x0,
    0x0, 0x2b, 0x10, 0x0, 0xd, 0xa0, 0x0, 0x0,
    0x0, 0x1d, 0xc0, 0x0, 0xd, 0x80, 0x0, 0x0,
    0x0, 0x1, 0xe7, 0x0, 0xc, 0x80, 0x0, 0x0,
    0x0, 0x0, 0x20, 0x0, 0xd, 0x80, 0x0, 0x0,
    0x0, 0x0, 0x0, 0x0, 0xd, 0x90, 0x0, 0x0,
    0x3f, 0xff, 0x30, 0x0, 0xe, 0xb0, 0x0, 0x0,
    0x1, 0x2f, 0x30, 0x0, 0x1f, 0xe0, 0x0, 0x0,
    0x0, 0x1f, 0x30, 0x0, 0x4e, 0xf2, 0x0, 0x0,
    0x0, 0x1f, 0x30, 0x0, 0xaa, 0xb8, 0x0, 0x0,
    0x0, 0x1f, 0x39, 0x91, 0xf4, 0x6e, 0x0, 0x0,
    0x0, 0x1f, 0xbe, 0x3a, 0xd0, 0xe, 0x70, 0x0,
    0x0, 0x1f, 0xf3, 0x5f, 0x40, 0x7, 0xf3, 0x0,
    0x0, 0x4f, 0x44, 0xf8, 0x0, 0x0, 0xce, 0x20,
    0x0, 0x2, 0x3f, 0xa0, 0x0, 0x0, 0x1d, 0xd1,
    0x0, 0x0, 0x4, 0x0, 0x0, 0x0, 0x1, 0x20,

    /* U+8BBE "设" */
    0x0, 0x50, 0x0, 0x0, 0x0, 0x0, 0x0, 0x0,
    0x0, 0xdb, 0x0, 0xf, 0xff, 0xff, 0x30, 0x0,
    0x0, 0x1e, 0x90, 0xf, 0x20, 0x1f, 0x30, 0x0,
    0x0, 0x3, 0x50, 0x2f, 0x10, 0x1f, 0x30, 0x0,
    0x0, 0x0, 0x0, 0x8c, 0x0, 0x1f, 0x30, 0x0,
    0x4d, 0xdd, 0x15, 0xf4, 0x0, 0xf, 0xed, 0xd0,
    0x13, 0x5f, 0x14, 0x60, 0x0, 0x2, 0x54, 0x40,
    0x0, 0x2f, 0x14, 0xff, 0xff, 0xff, 0xf5, 0x0,
    0x0, 0x2f, 0x10, 0x1f, 0x10, 0x7, 0xe0, 0x0,
    0x0, 0x2f, 0x10, 0xb, 0x80, 0xe, 0x70, 0x0,
    0x0, 0x2f, 0x39, 0x2, 0xf3, 0x9d, 0x0, 0x0,
    0x0, 0x2f, 0xec, 0x0, 0x7f, 0xf3, 0x0, 0x0,
    0x0, 0x4f, 0xb0, 0x1, 0xaf, 0xf8, 0x10, 0x0,
    0x0, 0x4d, 0x14, 0xaf, 0x91, 0x3b, 0xfc, 0x91,
    0x0, 0x0, 0x1b, 0x71, 0x0, 0x0, 0x26, 0x90,

    /* U+8BD5 "试" */
    0x0, 0x0, 0x0, 0x0, 0x0, 0x20, 0x0, 0x0,
    0x0, 0x60, 0x0, 0x0, 0x0, 0xf5, 0x8a, 0x0,
    0x1, 0xe9, 0x0, 0x0, 0x0, 0xf4, 0x2e, 0x80,
    0x0, 0x2e, 0x30, 0x0, 0x0, 0xf4, 0x4, 0x20,
    0x0, 0x1, 0x1d, 0xcc, 0xcc, 0xfd, 0xcc, 0xb0,
    0x2, 0x22, 0x4, 0x33, 0x33, 0xd8, 0x33, 0x30,
    0xf, 0xff, 0x0, 0x0, 0x0, 0xb7, 0x0, 0x0,
    0x0, 0x3e, 0x4, 0xdc, 0xc6, 0x99, 0x0, 0x0,
    0x0, 0x3e, 0x1, 0x4f, 0x72, 0x7b, 0x0, 0x0,
    0x0, 0x3e, 0x0, 0xe, 0x30, 0x4f, 0x0, 0x0,
    0x0, 0x3e, 0x0, 0xe, 0x30, 0x1f, 0x30, 0x0,
    0x0, 0x3e, 0x5c, 0xe, 0x31, 0xc, 0x70, 0x10,
    0x0, 0x3f, 0xf5, 0x4f, 0xde, 0x7, 0xd0, 0xe4,
    0x0, 0x8f, 0x39, 0xfa, 0x51, 0x0, 0xea, 0xf4,
    0x0, 0x23, 0x0, 0x0, 0x0, 0x0, 0x5f, 0xe0,
    0x0, 0x0, 0x0, 0x0, 0x0, 0x0, 0x2, 0x10,

    /* U+8BE6 "详" */
    0x0, 0x0, 0x0, 0x0, 0x0, 0x0, 0x0, 0x0,
    0x0, 0x22, 0x0, 0x8, 0x90, 0x4, 0xf2, 0x0,
    0x0, 0xbd, 0x0, 0x3, 0xf2, 0x9, 0xa0, 0x0,
    0x0, 0x1e, 0x70, 0x11, 0x83, 0x1e, 0x41, 0x10,
    0x0, 0x2, 0x1, 0xff, 0xff, 0xff, 0xff, 0xf1,
    0x1, 0x0, 0x0, 0x0, 0x4, 0xf0, 0x0, 0x0,
    0x5f, 0xff, 0x0, 0x0, 0x4, 0xf0, 0x0, 0x0,
    0x1, 0x4e, 0x0, 0x35, 0x47, 0xf4, 0x45, 0x40,
    0x0, 0x4e, 0x0, 0x7b, 0xbc, 0xfb, 0xbb, 0x90,
    0x0, 0x4e, 0x0, 0x0, 0x4, 0xf0, 0x0, 0x0,
    0x0, 0x4e, 0x0, 0x0, 0x4, 0xf0, 0x0, 0x0,
    0x0, 0x4e, 0x20, 0xff, 0xff, 0xff, 0xff, 0xf8,
    0x0, 0x4f, 0xd5, 0x11, 0x4, 0xf0, 0x0, 0x10,
    0x0, 0x5f, 0x90, 0x0, 0x4, 0xf0, 0x0, 0x0,
    0x0, 0x8b, 0x0, 0x0, 0x4, 0xf0, 0x0, 0x0,
    0x0, 0x1, 0x0, 0x0, 0x5, 0xf0, 0x0, 0x0,

    /* U+8BED "语" */
    0x0, 0x10, 0x0, 0x0, 0x0, 0x0, 0x0, 0x0,
    0x0, 0xd6, 0x7, 0xee, 0xef, 0xee, 0xee, 0x80,
    0x0, 0x2d, 0x20, 0x0, 0x3f, 0x0, 0x0, 0x0,
    0x0, 0x0, 0x0, 0xff, 0xff, 0xff, 0xfa, 0x0,
    0x13, 0x33, 0x0, 0x0, 0xb8, 0x0, 0xa9, 0x0,
    0x7f, 0xff, 0x10, 0x0, 0xe5, 0x0, 0xd8, 0x0,
    0x0, 0x2f, 0x14, 0x45, 0xf6, 0x44, 0xf9, 0x51,
    0x0, 0x2f, 0x1a, 0xaa, 0xaa, 0xaa, 0xaa, 0xa3,
    0x0, 0x2f, 0x10, 0x1, 0x11, 0x11, 0x11, 0x0,
    0x0, 0x2f, 0x11, 0x5f, 0xff, 0xff, 0xfd, 0x0,
    0x0, 0x2f, 0xa9, 0x4e, 0x0, 0x0, 0x5d, 0x0,
    0x0, 0x2f, 0xf3, 0x4e, 0x0, 0x0, 0x5d, 0x0,
    0x0, 0x5f, 0x60, 0x4e, 0x22, 0x22, 0x7d, 0x0,
    0x0, 0xab, 0x0, 0x4f, 0xdd, 0xdd, 0xed, 0x0,
    0x0, 0x1, 0x0, 0x5e, 0x0, 0x0, 0x5d, 0x0,
    0x0, 0x0, 0x0, 0x0, 0x0, 0x0, 0x0, 0x0,

    /* U+8BF7 "请" */
    0x0, 0x41, 0x0, 0x0, 0x3, 0xf0, 0x0, 0x0,
    0x0, 0xad, 0x10, 0xbb, 0xbc, 0xfb, 0xbb, 0xa0,
    0x0, 0xb, 0xc0, 0x33, 0x35, 0xf3, 0x33, 0x30,
    0x0, 0x1, 0x30, 0x8d, 0xdd, 0xfd, 0xdd, 0x70,
    0x0, 0x0, 0x0, 0x0, 0x3, 0xf0, 0x0, 0x0,
    0x2e, 0xdd, 0x6, 0xdc, 0xcd, 0xfc, 0xcc, 0xd6,
    0x3, 0x6e, 0x1, 0x22, 0x22, 0x22, 0x22, 0x21,
    0x0, 0x3e, 0x0, 0x3f, 0xff, 0xff, 0xff, 0x0,
    0x0, 0x3e, 0x0, 0x2f, 0x0, 0x0, 0x3f, 0x0,
    0x0, 0x3e, 0x0, 0x2f, 0xee, 0xee, 0xef, 0x0,
    0x0, 0x3e, 0x1a, 0x2f, 0x0, 0x0, 0x3f, 0x0,
    0x0, 0x4f, 0xe7, 0x2f, 0xee, 0xee, 0xef, 0x0,
    0x0, 0x9e, 0x30, 0x2f, 0x0, 0x0, 0x3f, 0x0,
    0x0, 0x12, 0x0, 0x3f, 0x0, 0x1, 0xec, 0x0,
    0x0, 0x0, 0x0, 0x0, 0x0, 0x0, 0x0, 0x0,

    /* U+8D25 "败" */
    0x0, 0x0, 0x0, 0x0, 0x0, 0x0, 0x0, 0x0,
    0x0, 0x0, 0x0, 0x0, 0x0, 0xb7, 0x0, 0x0,
    0x3, 0xcc, 0xcc, 0xcb, 0x0, 0xf4, 0x0, 0x0,
    0x3, 0xe3, 0x33, 0x4f, 0x3, 0xe0, 0x0, 0x0,
    0x3, 0xe0, 0x72, 0x2e, 0x8, 0xff, 0xff, 0xf6,
    0x3, 0xe0, 0xe4, 0x2e, 0xe, 0x40, 0x2e, 0x0,
    0x3, 0xe0, 0xe3, 0x2e, 0x5f, 0x50, 0x4c, 0x0,
    0x3, 0xe0, 0xe2, 0x2e, 0xac, 0x70, 0x5a, 0x0,
    0x3, 0xe0, 0xe2, 0x2e, 0x4, 0xb0, 0x88, 0x0,
    0x3, 0xe0, 0xf0, 0x2f, 0x0, 0xe0, 0xb5, 0x0,
    0x3, 0xe2, 0xe0, 0x2f, 0x0, 0xb7, 0xf1, 0x0,
    0x0, 0x7, 0x96, 0x20, 0x0, 0x4f, 0xa0, 0x0,
    0x0, 0x2e, 0x39, 0xe2, 0x0, 0x5f, 0x80, 0x0,
    0x2, 0xe8, 0x0, 0x9e, 0x7, 0xe6, 0xe8, 0x0,
    0xd, 0x90, 0x0, 0x6, 0xdd, 0x20, 0x2d, 0xd3,
    0x1, 0x0, 0x0, 0x1, 0x70, 0x0, 0x0, 0x60,

    /* U+8D85 "超" */
    0x0, 0x0, 0xf3, 0x0, 0x0, 0x0, 0x0, 0x0,
    0x0, 0x0, 0xf3, 0x1, 0xff, 0xff, 0xff, 0x60,
    0x7, 0xff, 0xff, 0xf5, 0x5, 0xf0, 0xe, 0x50,
    0x1, 0x22, 0xf4, 0x20, 0x9, 0xc0, 0xf, 0x40,
    0x0, 0x0, 0xf3, 0x0, 0x3f, 0x50, 0x1f, 0x30,
    0xc, 0xff, 0xff, 0xfd, 0xfa, 0x8, 0xfd, 0x0,
    0x1, 0x10, 0xa8, 0x11, 0x53, 0x35, 0x73, 0x10,
    0x1, 0x92, 0xa8, 0x0, 0x3f, 0xdd, 0xdf, 0x40,
    0x2, 0xf2, 0xae, 0xd7, 0x3f, 0x0, 0xd, 0x40,
    0x4, 0xf0, 0xa9, 0x42, 0x3f, 0x0, 0xd, 0x40,
    0x7, 0xf3, 0xa8, 0x0, 0x3f, 0x11, 0x1d, 0x40,
    0xb, 0xde, 0xc8, 0x0, 0x3f, 0xff, 0xff, 0x40,
    0x2f, 0x53, 0xdd, 0x97, 0x55, 0x55, 0x55, 0x60,
    0x2a, 0x0, 0x5, 0x9c, 0xef, 0xff, 0xff, 0xb0,

    /* U+8DEF "路" */
    0x0, 0x0, 0x0, 0x0, 0x8, 0x40, 0x0, 0x0,
    0x0, 0xaa, 0xaa, 0x90, 0x1f, 0x42, 0x22, 0x10,
    0x0, 0xf5, 0x46, 0xe0, 0x8d, 0xcc, 0xdf, 0x30,
    0x0, 0xf0, 0x2, 0xe1, 0xf7, 0x0, 0x8b, 0x0,
    0x0, 0xf3, 0x24, 0xea, 0x8d, 0x42, 0xe2, 0x0,
    0x0, 0xcc, 0xfd, 0xb1, 0x2, 0xed, 0x70, 0x0,
    0x0, 0x0, 0xe3, 0x0, 0x3, 0xdf, 0xa1, 0x0,
    0x1, 0x90, 0xe3, 0x4, 0xae, 0x60, 0x9f, 0xa3,
    0x2, 0xe0, 0xef, 0xda, 0xc5, 0x44, 0x47, 0xa2,
    0x2, 0xe0, 0xe4, 0x10, 0xec, 0xbb, 0xcf, 0x0,
    0x2, 0xe0, 0xe3, 0x0, 0xe2, 0x0, 0x3e, 0x0,
    0x2, 0xe1, 0xea, 0xc6, 0xe2, 0x0, 0x3e, 0x0,
    0xa, 0xfe, 0xa6, 0x10, 0xef, 0xff, 0xfe, 0x0,
    0x7, 0x40, 0x0, 0x0, 0xe2, 0x0, 0x3f, 0x0,
    0x0, 0x0, 0x0, 0x0, 0x0, 0x0, 0x0, 0x0,

    /* U+8EF8 "軸" */
    0x0, 0x0, 0x10, 0x0, 0x0, 0x0, 0x0, 0x0,
    0x0, 0x3, 0xd0, 0x0, 0x0, 0xe, 0x30, 0x0,
    0x1a, 0xab, 0xfa, 0xa8, 0x0, 0xe, 0x30, 0x0,
    0x4, 0x36, 0xe3, 0x33, 0x0, 0xe, 0x30, 0x0,
    0x0, 0x3, 0xd0, 0x0, 0xab, 0xbf, 0xcb, 0xb2,
    0xf, 0xee, 0xfe, 0xf2, 0xe7, 0x5e, 0x75, 0xf2,
    0xf, 0x13, 0xd0, 0xe1, 0xd3, 0xe, 0x30, 0xe2,
    0xf, 0xee, 0xfe, 0xf1, 0xd3, 0xe, 0x30, 0xe2,
    0xf, 0x13, 0xd0, 0xe1, 0xd9, 0x7e, 0x87, 0xf2,
    0xf, 0xcd, 0xfc, 0xf2, 0xd7, 0x5e, 0x75, 0xf2,
    0x1, 0x14, 0xd1, 0x10, 0xd3, 0xe, 0x30, 0xe2,
    0x3, 0x35, 0xd3, 0x33, 0xd3, 0xe, 0x30, 0xe2,
    0x2c, 0xbc, 0xfb, 0xcb, 0xd3, 0xe, 0x30, 0xe2,
    0x0, 0x3, 0xd0, 0x0, 0xdf, 0xff, 0xff, 0xf2,
    0x0, 0x3, 0xd0, 0x0, 0xd3, 0x0, 0x0, 0xe2,
    0x0, 0x4, 0xe0, 0x0, 0xe3, 0x0, 0x0, 0xe2,
    0x0, 0x0, 0x0, 0x0, 0x0, 0x0, 0x0, 0x0,

    /* U+8F09 "載" */
    0x0, 0x0, 0x0, 0x0, 0x0, 0x0, 0x0, 0x0,
    0x0, 0x3e, 0x0, 0x4, 0xd0, 0x23, 0x0, 0x1,
    0x3, 0xe0, 0x10, 0x4d, 0x6, 0xd0, 0x2, 0xdc,
    0xdf, 0xcd, 0x14, 0xd0, 0xc, 0x30, 0x0, 0x3,
    0xe0, 0x0, 0x4d, 0x0, 0x0, 0xa, 0xdd, 0xdd,
    0xdd, 0xdd, 0xfd, 0xdd, 0xd7, 0x0, 0x3, 0xb0,
    0x0, 0x2e, 0x0, 0x0, 0x8, 0xdd, 0xdf, 0xdd,
    0xd2, 0xf0, 0x1d, 0x0, 0x17, 0x79, 0xe7, 0x72,
    0xf, 0x15, 0xd0, 0x3, 0xd4, 0x7d, 0x4e, 0x20,
    0xc5, 0x98, 0x0, 0x3e, 0xbc, 0xfb, 0xf2, 0x8,
    0xbf, 0x20, 0x3, 0xe9, 0xae, 0x9f, 0x30, 0x2f,
    0xa0, 0x0, 0x3, 0x36, 0xd3, 0x31, 0x5, 0xfa,
    0x0, 0xb, 0xcc, 0xdf, 0xcc, 0xa5, 0xf6, 0xe5,
    0x78, 0x0, 0x4, 0xd0, 0x19, 0xf5, 0x4, 0xfe,
    0x60, 0x0, 0x4d, 0x2, 0xd5, 0x0, 0x4, 0x80,
    0x0, 0x0, 0x0, 0x0, 0x0, 0x0, 0x0, 0x0,

    /* U+8F74 "轴" */
    0x0, 0x1, 0x0, 0x0, 0x0, 0x0, 0x0, 0x0,
    0x0, 0xba, 0x0, 0x0, 0x4, 0xf0, 0x0, 0x0,
    0xf, 0x40, 0x0, 0x0, 0x4e, 0x0, 0x2, 0xff,
    0xff, 0xfe, 0x0, 0x4, 0xe0, 0x0, 0x0, 0x98,
    0x0, 0x8, 0xff, 0xff, 0xff, 0xe0, 0xe, 0x37,
    0x20, 0x8b, 0x15, 0xe1, 0x5f, 0x5, 0xc0, 0xf4,
    0x8, 0xb0, 0x4e, 0x4, 0xe0, 0xea, 0x5f, 0x83,
    0x7b, 0x4, 0xe0, 0x4e, 0x9, 0xa9, 0xfb, 0x67,
    0xfd, 0xef, 0xde, 0xe0, 0x0, 0xf, 0x30, 0x7b,
    0x26, 0xe2, 0x6e, 0x0, 0x0, 0xf8, 0x77, 0xb0,
    0x4e, 0x4, 0xe1, 0xbe, 0xff, 0xea, 0x7b, 0x4,
    0xe0, 0x4e, 0x9, 0x63, 0xf3, 0x8, 0xb1, 0x5e,
    0x15, 0xe0, 0x0, 0xf, 0x30, 0x8f, 0xff, 0xff,
    0xff, 0x0, 0x0, 0xf4, 0x8, 0xb0, 0x0, 0x4,
    0xf0, 0x0, 0xf, 0x40, 0x11, 0x0, 0x0, 0x0,

    /* U+8F7D "载" */
    0x0, 0x0, 0x0, 0x0, 0x0, 0x0, 0x0, 0x0,
    0x0, 0x0, 0xc7, 0x0, 0xf, 0x23, 0x70, 0x0,
    0x6, 0xbb, 0xed, 0xbb, 0x1f, 0x21, 0xe8, 0x0,
    0x2, 0x33, 0xc8, 0x34, 0xf, 0x10, 0x33, 0x0,
    0x13, 0x33, 0xc8, 0x33, 0x3e, 0x53, 0x33, 0x40,
    0x4c, 0xbb, 0xdb, 0xbb, 0xbf, 0xcb, 0xbb, 0xc0,
    0x0, 0x4, 0xf3, 0x0, 0xc, 0x40, 0x31, 0x0,
    0xe, 0xff, 0xff, 0xff, 0x5a, 0x60, 0xc9, 0x0,
    0x1, 0x8c, 0x36, 0x1, 0x8, 0x80, 0xf3, 0x0,
    0x4, 0xe1, 0x5d, 0x0, 0x5, 0xb5, 0xc0, 0x0,
    0x7, 0xff, 0xff, 0xff, 0x21, 0xfd, 0x50, 0x0,
    0x0, 0x0, 0x5d, 0x0, 0x0, 0xcd, 0x0, 0x0,
    0x4, 0x57, 0xaf, 0xdf, 0x31, 0xee, 0x0, 0x30,
    0xf, 0xeb, 0xbd, 0x20, 0x1d, 0x9b, 0x95, 0xe0,
    0x1, 0x0, 0x5d, 0x2, 0xdb, 0x1, 0xef, 0x80,
    0x0, 0x0, 0x5d, 0x5, 0xa0, 0x0, 0x28, 0x0,

    /* U+8FC7 "过" */
    0x0, 0x40, 0x0, 0x0, 0x0, 0xf, 0x60, 0x0,
    0x1, 0xf8, 0x0, 0x0, 0x0, 0xe, 0x60, 0x0,
    0x0, 0x7f, 0x30, 0x0, 0x0, 0xd, 0x60, 0x0,
    0x0, 0xc, 0x56, 0xff, 0xff, 0xff, 0xff, 0xc0,
    0x0, 0x0, 0x0, 0x11, 0x11, 0x1d, 0x61, 0x10,
    0x2, 0x11, 0x0, 0x26, 0x0, 0xd, 0x60, 0x0,
    0x1f, 0xff, 0x50, 0x7f, 0x20, 0xd, 0x60, 0x0,
    0x0, 0xe, 0x50, 0xf, 0x90, 0xd, 0x60, 0x0,
    0x0, 0xe, 0x50, 0x8, 0x90, 0xd, 0x60, 0x0,
    0x0, 0xe, 0x50, 0x0, 0x0, 0xd, 0x60, 0x0,
    0x0, 0xe, 0x50, 0x0, 0x1, 0x2f, 0x50, 0x0,
    0x0, 0x4f, 0x80, 0x0, 0xd, 0xfe, 0x10, 0x0,
    0x9, 0xe4, 0x9e, 0xa7, 0x57, 0x74, 0x45, 0x51,
    0x2d, 0x30, 0x2, 0x9d, 0xef, 0xff, 0xff, 0xd0,
    0x0, 0x0, 0x0, 0x0, 0x0, 0x0, 0x0, 0x0,

    /* U+8FD0 "运" */
    0x0, 0x70, 0x0, 0x0, 0x0, 0x0, 0x0, 0x0,
    0x1e, 0x80, 0xe, 0xff, 0xff, 0xff, 0x40, 0x0,
    0x3f, 0x30, 0x22, 0x11, 0x11, 0x20, 0x0, 0x0,
    0x30, 0x0, 0x0, 0x0, 0x0, 0x0, 0x0, 0x0,
    0x4, 0x44, 0x44, 0x44, 0x44, 0x10, 0x65, 0x54,
    0xfe, 0xef, 0xfe, 0xee, 0xf5, 0xc, 0xbf, 0x40,
    0x1, 0xf3, 0x0, 0x0, 0x0, 0x0, 0xd4, 0x0,
    0x6c, 0x1, 0xa0, 0x0, 0x0, 0xd, 0x40, 0xe,
    0x30, 0xc, 0x90, 0x0, 0x0, 0xd4, 0xa, 0xc3,
    0x46, 0x9f, 0x50, 0x0, 0xd, 0x41, 0xfe, 0xca,
    0x86, 0x9d, 0x0, 0x3, 0xea, 0x1, 0x0, 0x0,
    0x0, 0x10, 0x1a, 0xf7, 0xbe, 0x85, 0x43, 0x33,
    0x45, 0x50, 0xc3, 0x0, 0x4a, 0xde, 0xff, 0xff,
    0xf7, 0x0, 0x0, 0x0, 0x0, 0x0, 0x0, 0x0,
    0x0,

    /* U+8FDE "连" */
    0x0, 0x20, 0x0, 0x0, 0x5b, 0x0, 0x0, 0x0,
    0x6, 0xe1, 0x0, 0x0, 0xb9, 0x0, 0x0, 0x0,
    0x0, 0xcb, 0xe, 0xee, 0xfe, 0xee, 0xee, 0xa0,
    0x0, 0x2f, 0x32, 0x2c, 0x93, 0x62, 0x22, 0x20,
    0x0, 0x1, 0x0, 0x3f, 0x13, 0xf0, 0x0, 0x0,
    0x2, 0x11, 0x1, 0xd8, 0x14, 0xe1, 0x11, 0x0,
    0xf, 0xff, 0x4, 0xfe, 0xee, 0xfe, 0xef, 0x30,
    0x0, 0x4f, 0x0, 0x0, 0x3, 0xe0, 0x0, 0x0,
    0x0, 0x4f, 0x1, 0x10, 0x3, 0xe0, 0x0, 0x10,
    0x0, 0x4f, 0xf, 0xff, 0xff, 0xff, 0xff, 0xf0,
    0x0, 0x4f, 0x0, 0x0, 0x3, 0xe0, 0x0, 0x0,
    0x0, 0x4f, 0x0, 0x0, 0x3, 0xf0, 0x0, 0x0,
    0x5, 0xc7, 0xba, 0x64, 0x37, 0xf2, 0x22, 0x10,
    0xb, 0x30, 0x4, 0x8b, 0xde, 0xff, 0xff, 0xf4,

    /* U+9000 "退" */
    0x0, 0xb7, 0x0, 0xff, 0xff, 0xff, 0xfe, 0x0,
    0x0, 0x9c, 0x0, 0xe6, 0x11, 0x11, 0x5e, 0x0,
    0x0, 0x4f, 0x20, 0xe6, 0x11, 0x11, 0x5e, 0x0,
    0x0, 0xb, 0x20, 0xef, 0xff, 0xff, 0xfe, 0x0,
    0x0, 0x0, 0x0, 0xe5, 0x0, 0x0, 0x4e, 0x0,
    0x5, 0x44, 0x0, 0xec, 0xaa, 0xaa, 0xce, 0x0,
    0xe, 0xef, 0x0, 0xea, 0x77, 0x77, 0x78, 0x0,
    0x0, 0x4e, 0x0, 0xe5, 0x4a, 0x20, 0x3f, 0x60,
    0x0, 0x4e, 0x0, 0xe5, 0x1b, 0xf8, 0xe6, 0x0,
    0x0, 0x4e, 0x0, 0xe5, 0x25, 0x5e, 0xd3, 0x0,
    0x0, 0x4e, 0x1, 0xfd, 0xfa, 0x1, 0xbf, 0x80,
    0x0, 0x6f, 0x62, 0xf9, 0x20, 0x0, 0x7, 0x50,
    0x9, 0xfb, 0xde, 0xa6, 0x54, 0x45, 0x57, 0x86,
    0x1d, 0x40, 0x4, 0x9c, 0xdf, 0xff, 0xfe, 0xd5,
    0x0, 0x0, 0x0, 0x0, 0x0, 0x0, 0x0, 0x0,

    /* U+9001 "送" */
    0x0, 0x20, 0x0, 0x55, 0x0, 0x8, 0x50, 0x0,
    0x2, 0xf5, 0x0, 0x4f, 0x30, 0xf, 0x50, 0x0,
    0x0, 0x6f, 0x20, 0x8, 0x80, 0x6c, 0x0, 0x0,
    0x0, 0xa, 0x35, 0xee, 0xdd, 0xfe, 0xde, 0x0,
    0x0, 0x0, 0x1, 0x33, 0x3f, 0x53, 0x33, 0x0,
    0x1, 0x0, 0x0, 0x0, 0xf, 0x10, 0x0, 0x0,
    0xf, 0xff, 0x14, 0x44, 0x5f, 0x54, 0x44, 0x20,
    0x3, 0x4f, 0x1b, 0xcc, 0xdf, 0xcc, 0xcc, 0x50,
    0x0, 0x2f, 0x10, 0x0, 0x9f, 0x80, 0x0, 0x0,
    0x0, 0x2f, 0x10, 0x5, 0xf4, 0xbd, 0x30, 0x0,
    0x0, 0x2f, 0x10, 0x7f, 0x50, 0x7, 0xf8, 0x0,
    0x0, 0x3f, 0x35, 0xe3, 0x0, 0x0, 0x56, 0x0,
    0x6, 0xfb, 0xea, 0x63, 0x22, 0x22, 0x35, 0x60,
    0xb, 0x50, 0x18, 0xce, 0xff, 0xff, 0xff, 0x90,
    0x0, 0x0, 0x0, 0x0, 0x0, 0x0, 0x0, 0x0,

    /* U+9023 "連" */
    0x5, 0x60, 0x0, 0x0, 0x3f, 0x0, 0x0, 0x0,
    0x3, 0xf4, 0x2f, 0xff, 0xff, 0xff, 0xff, 0x0,
    0x0, 0xac, 0x0, 0x0, 0x3e, 0x0, 0x0, 0x0,
    0x0, 0x10, 0x3, 0xee, 0xef, 0xee, 0xd0, 0x0,
    0x0, 0x0, 0x3, 0xe1, 0x4e, 0x15, 0xe0, 0x0,
    0x9f, 0xf5, 0x3, 0xfb, 0xcf, 0xbc, 0xe0, 0x0,
    0x1, 0xd4, 0x3, 0xf3, 0x6f, 0x36, 0xe0, 0x0,
    0x0, 0xd4, 0x4, 0xfc, 0xdf, 0xcd, 0xf0, 0x0,
    0x0, 0xd4, 0x0, 0x22, 0x5e, 0x22, 0x20, 0x0,
    0x0, 0xd4, 0x24, 0x44, 0x6f, 0x44, 0x44, 0x0,
    0x0, 0xd4, 0x5b, 0xbb, 0xcf, 0xbb, 0xbc, 0x20,
    0x0, 0xd7, 0x0, 0x0, 0x3f, 0x0, 0x0, 0x0,
    0x1b, 0x97, 0xc9, 0x75, 0x7e, 0x44, 0x44, 0x41,
    0x39, 0x0, 0x6, 0x9c, 0xef, 0xff, 0xff, 0xf0,

    /* U+9032 "進" */
    0x0, 0x0, 0x0, 0x0, 0x2, 0x10, 0x0, 0x0,
    0x69, 0x0, 0xa, 0x80, 0xc7, 0x0, 0x0, 0x3,
    0xf4, 0x0, 0xf5, 0x6, 0x80, 0x0, 0x0, 0x9,
    0xc0, 0x7f, 0xcc, 0xcc, 0xcd, 0xc0, 0x0, 0x10,
    0x1e, 0xe2, 0x2d, 0x72, 0x22, 0x0, 0x0, 0xa,
    0xde, 0x22, 0xd7, 0x23, 0x0, 0x8e, 0xe4, 0x94,
    0xfe, 0xef, 0xee, 0xe3, 0x2, 0x3d, 0x40, 0x3e,
    0x0, 0xd6, 0x0, 0x0, 0x0, 0xd4, 0x3, 0xf4,
    0x4d, 0x84, 0x51, 0x0, 0xd, 0x40, 0x3f, 0xbb,
    0xfd, 0xbc, 0x30, 0x0, 0xd4, 0x3, 0xe0, 0xd,
    0x60, 0x0, 0x0, 0xd, 0x40, 0x3f, 0xff, 0xff,
    0xff, 0xf2, 0x0, 0xe9, 0x3, 0xe0, 0x0, 0x0,
    0x11, 0x1, 0xc9, 0x8e, 0xb8, 0x65, 0x44, 0x45,
    0x66, 0x39, 0x0, 0x6, 0xac, 0xef, 0xff, 0xff,
    0xa0,

    /* U+903E "逾" */
    0x0, 0x0, 0x0, 0x0, 0x0, 0x0, 0x0, 0x0,
    0x0, 0x0, 0x0, 0x0, 0x6f, 0x30, 0x0, 0x0,
    0x3, 0x90, 0x0, 0x2, 0xe8, 0xd3, 0x0, 0x0,
    0x1, 0xe8, 0x0, 0x3e, 0x70, 0x2d, 0x92, 0x0,
    0x0, 0x3a, 0x18, 0xe9, 0xff, 0xfd, 0x7e, 0xe3,
    0x0, 0x0, 0x67, 0x0, 0x10, 0x11, 0x3, 0x50,
    0x0, 0x0, 0x9, 0xaa, 0xaa, 0x10, 0xe, 0x40,
    0xe, 0xed, 0xe, 0x97, 0x7f, 0x2e, 0x1d, 0x40,
    0x0, 0x4c, 0xd, 0xb9, 0x9f, 0x2e, 0x1d, 0x40,
    0x0, 0x4c, 0xd, 0x74, 0x4f, 0x2e, 0x1d, 0x40,
    0x0, 0x4c, 0xe, 0xa8, 0x8f, 0x2e, 0x1d, 0x40,
    0x0, 0x4c, 0xe, 0x85, 0x7f, 0x1a, 0x4e, 0x40,
    0x0, 0x6e, 0x4e, 0x40, 0xee, 0x0, 0xce, 0x10,
    0x4, 0xe7, 0xce, 0x85, 0x73, 0x33, 0x54, 0x53,
    0xb, 0x50, 0x4, 0x9c, 0xde, 0xff, 0xff, 0xf3,
    0x0, 0x0, 0x0, 0x0, 0x0, 0x0, 0x0, 0x0,

    /* U+904E "過" */
    0x0, 0x0, 0x0, 0x0, 0x0, 0x0, 0x0, 0x0,
    0x6, 0x80, 0x0, 0x9e, 0xee, 0xee, 0xa0, 0x0,
    0x4, 0xf2, 0x0, 0xaa, 0x0, 0x9, 0xb0, 0x0,
    0x0, 0xcb, 0x0, 0xab, 0x22, 0x9, 0xb0, 0x0,
    0x0, 0x45, 0x0, 0xaf, 0xdf, 0x29, 0xb0, 0x0,
    0x0, 0x0, 0x0, 0xaa, 0xb, 0x29, 0xb0, 0x0,
    0x8d, 0xd3, 0xa, 0xde, 0xae, 0xbd, 0xea, 0x0,
    0x12, 0xd3, 0xf, 0x32, 0x22, 0x22, 0x3f, 0x0,
    0x0, 0xd3, 0xf, 0x13, 0xee, 0xe2, 0x1f, 0x0,
    0x0, 0xd3, 0xf, 0x14, 0xe0, 0xe3, 0x1f, 0x0,
    0x0, 0xd3, 0xf, 0x14, 0xe0, 0xe3, 0x1f, 0x0,
    0x0, 0xd3, 0xf, 0x13, 0xee, 0xe7, 0x8f, 0x0,
    0x0, 0xe7, 0x1f, 0x10, 0x0, 0x9, 0xfc, 0x0,
    0x1c, 0xa9, 0xeb, 0x86, 0x54, 0x35, 0x64, 0x50,
    0x39, 0x0, 0x5, 0x9c, 0xef, 0xff, 0xff, 0xe0,
    0x0, 0x0, 0x0, 0x0, 0x0, 0x0, 0x0, 0x0,

    /* U+9078 "選" */
    0x5, 0x50, 0xf, 0xde, 0x94, 0xfd, 0xf3, 0x0,
    0x5, 0xe1, 0xf, 0x29, 0x94, 0xe0, 0xe3, 0x0,
    0x0, 0xb9, 0xf, 0xde, 0x84, 0xfd, 0xe3, 0x0,
    0x0, 0x24, 0xf, 0x21, 0x54, 0xe0, 0x37, 0x10,
    0x0, 0x0, 0xc, 0xdd, 0xa1, 0xcd, 0xda, 0x0,
    0x7c, 0xc3, 0x0, 0x9, 0x10, 0x64, 0x0, 0x0,
    0x12, 0xd3, 0xc, 0xcf, 0xcc, 0xed, 0xc7, 0x0,
    0x0, 0xd3, 0x0, 0xe, 0x20, 0xa6, 0x0, 0x0,
    0x0, 0xd3, 0xac, 0xcf, 0xdc, 0xed, 0xcc, 0x70,
    0x0, 0xd3, 0x10, 0x28, 0x0, 0x54, 0x0, 0x0,
    0x0, 0xd3, 0x18, 0xe7, 0x0, 0x3e, 0xb2, 0x0,
    0x1, 0xe9, 0x68, 0x10, 0x0, 0x1, 0xb5, 0x0,
    0x1d, 0xa8, 0xea, 0x75, 0x43, 0x33, 0x45, 0x62,
    0x3a, 0x0, 0x5, 0x9b, 0xde, 0xff, 0xff, 0xf2,

    /* U+90E8 "部" */
    0x0, 0x0, 0x0, 0x0, 0x0, 0x0, 0x0, 0x0,
    0x0, 0xe5, 0x0, 0x0, 0x0, 0x0, 0x0, 0x0,
    0x7, 0xd0, 0x0, 0x3d, 0xdd, 0xda, 0x9, 0xff,
    0xff, 0xff, 0xc4, 0xf4, 0x4e, 0x80, 0x15, 0x71,
    0x17, 0xc1, 0x3f, 0x1, 0xf3, 0x0, 0x6f, 0x20,
    0xb9, 0x3, 0xf0, 0x5e, 0x0, 0x0, 0xd5, 0x2f,
    0x20, 0x3f, 0xa, 0x80, 0xf, 0xff, 0xff, 0xff,
    0xf6, 0xf0, 0xe7, 0x0, 0x11, 0x11, 0x11, 0x11,
    0x3f, 0x5, 0xf4, 0x0, 0x23, 0x33, 0x33, 0x3,
    0xf0, 0x9, 0xe0, 0xc, 0xec, 0xcd, 0xf0, 0x3f,
    0x0, 0x1f, 0x40, 0xc7, 0x0, 0x3f, 0x3, 0xf0,
    0x3, 0xf4, 0xc, 0x70, 0x3, 0xf0, 0x3f, 0x2d,
    0xfc, 0x0, 0xcf, 0xff, 0xff, 0x3, 0xf0, 0x64,
    0x0, 0xc, 0x70, 0x3, 0xf0, 0x3f, 0x0, 0x0,
    0x0, 0xb6, 0x0, 0x2e, 0x3, 0xf0, 0x0, 0x0,

    /* U+914D "配" */
    0x0, 0x0, 0x0, 0x0, 0x1, 0x11, 0x11, 0x0,
    0x5f, 0xff, 0xff, 0xff, 0x6f, 0xff, 0xff, 0x40,
    0x1, 0x1e, 0x1f, 0x21, 0x0, 0x0, 0xe, 0x40,
    0xb, 0xcf, 0xcf, 0xcc, 0x10, 0x0, 0xe, 0x40,
    0xe, 0x5e, 0x3f, 0x2f, 0x10, 0x0, 0xe, 0x40,
    0xe, 0x3f, 0xf, 0xf, 0x10, 0x0, 0xe, 0x40,
    0xe, 0x4f, 0xf, 0xf, 0xe, 0xff, 0xff, 0x40,
    0xe, 0x9c, 0xe, 0x9f, 0xd, 0x40, 0x0, 0x0,
    0xe, 0xb6, 0x2, 0x4f, 0xd, 0x40, 0x0, 0x0,
    0xe, 0x30, 0x0, 0xf, 0xd, 0x40, 0x0, 0x0,
    0xe, 0xee, 0xee, 0xef, 0xd, 0x40, 0x0, 0x0,
    0xe, 0x30, 0x0, 0xf, 0x1d, 0x40, 0x0, 0x71,
    0xe, 0xff, 0xff, 0xff, 0x1d, 0x60, 0x4, 0xf1,
    0xe, 0x30, 0x0, 0x1f, 0x19, 0xff, 0xff, 0xa0,
    0x0, 0x0, 0x0, 0x0, 0x0, 0x1, 0x10, 0x0,

    /* U+91CD "重" */
    0x0, 0x0, 0x0, 0x0, 0x2, 0x47, 0x60, 0x0,
    0x9, 0xbc, 0xde, 0xff, 0xdc, 0xb9, 0x0, 0x0,
    0x23, 0x21, 0xe, 0x50, 0x0, 0x0, 0x3, 0xdc,
    0xcc, 0xcc, 0xfd, 0xcc, 0xcc, 0xca, 0x2, 0x22,
    0x22, 0x2e, 0x62, 0x22, 0x22, 0x20, 0x0, 0xcd,
    0xdd, 0xfe, 0xdd, 0xdd, 0x0, 0x0, 0xe, 0x62,
    0x2e, 0x62, 0x26, 0xe0, 0x0, 0x0, 0xde, 0xee,
    0xfe, 0xee, 0xee, 0x0, 0x0, 0xe, 0x72, 0x2e,
    0x72, 0x27, 0xe0, 0x0, 0x0, 0xef, 0xff, 0xff,
    0xff, 0xff, 0x0, 0x0, 0x0, 0x0, 0xe, 0x50,
    0x0, 0x0, 0x0, 0xd, 0xee, 0xee, 0xfe, 0xee,
    0xef, 0x80, 0x0, 0x0, 0x0, 0xe, 0x50, 0x0,
    0x0, 0x1, 0xff, 0xff, 0xff, 0xff, 0xff, 0xff,
    0xfb,

    /* U+932F "錯" */
    0x0, 0x0, 0x40, 0x0, 0x0, 0x0, 0x0, 0x0,
    0x0, 0x2, 0xf3, 0x0, 0xb, 0x50, 0xa4, 0x0,
    0x0, 0xa, 0xec, 0x0, 0xc, 0x50, 0xc4, 0x0,
    0x0, 0x3e, 0x1b, 0xc5, 0xbf, 0xdb, 0xfd, 0xb0,
    0x0, 0xd6, 0x0, 0x91, 0x2d, 0x62, 0xc6, 0x20,
    0xa, 0xc0, 0x0, 0x0, 0xc, 0x50, 0xc4, 0x0,
    0x2e, 0x9f, 0xff, 0xd4, 0x4d, 0x84, 0xd7, 0x41,
    0x0, 0x2, 0xe0, 0x18, 0xaa, 0xaa, 0xaa, 0xa4,
    0x0, 0x2, 0xe0, 0x10, 0x0, 0x0, 0x0, 0x0,
    0x5, 0xee, 0xfe, 0xe1, 0xee, 0xee, 0xef, 0x90,
    0x2, 0x32, 0xe0, 0x80, 0xd3, 0x0, 0x8, 0x80,
    0x4, 0xd2, 0xe5, 0xc0, 0xde, 0xee, 0xef, 0x80,
    0x0, 0xd4, 0xe6, 0x61, 0xd3, 0x0, 0x8, 0x80,
    0x0, 0x15, 0xfc, 0xe6, 0xd5, 0x22, 0x29, 0x80,
    0xb, 0xa6, 0x30, 0x0, 0xdc, 0xbb, 0xbd, 0x90,
    0x0, 0x0, 0x0, 0x0, 0xe3, 0x0, 0x0, 0x0,

    /* U+9418 "鐘" */
    0x0, 0x0, 0x40, 0x0, 0x0, 0x12, 0x0, 0x0,
    0x0, 0x5, 0xf1, 0x0, 0x0, 0x79, 0x0, 0x0,
    0x0, 0xc, 0xf8, 0xa, 0xcc, 0xdf, 0xcc, 0xa0,
    0x0, 0x6e, 0x1b, 0x90, 0x29, 0x0, 0xb1, 0x10,
    0x2, 0xe4, 0x0, 0x64, 0x5f, 0x47, 0xc4, 0x43,
    0x1d, 0xb4, 0x44, 0x39, 0x88, 0x88, 0x88, 0x86,
    0x8, 0x4b, 0xe9, 0x55, 0xaa, 0xaa, 0xaa, 0x60,
    0x0, 0x3, 0xc0, 0x7, 0x92, 0xa8, 0x28, 0x90,
    0x1, 0x25, 0xc2, 0x27, 0xa5, 0xba, 0x5a, 0x90,
    0x4, 0xcc, 0xfb, 0xc7, 0xb6, 0xba, 0x6a, 0x90,
    0x0, 0x13, 0xc1, 0x67, 0xc8, 0xcb, 0x8b, 0x90,
    0x2, 0xd3, 0xc7, 0x81, 0x33, 0xa8, 0x33, 0x20,
    0x0, 0x94, 0xd8, 0x99, 0xdd, 0xee, 0xdd, 0x90,
    0x7, 0xcf, 0xc9, 0x50, 0x0, 0x97, 0x0, 0x0,
    0x4, 0x40, 0x0, 0x2d, 0xdd, 0xee, 0xdd, 0xd2,
    0x0, 0x0, 0x0, 0x0, 0x0, 0x0, 0x0, 0x0,

    /* U+949F "钟" */
    0x0, 0x1d, 0x40, 0x0, 0x0, 0xf4, 0x0, 0x0,
    0x6, 0xf3, 0x0, 0x0, 0xf, 0x40, 0x0, 0x0,
    0xdd, 0x34, 0x0, 0x0, 0xf4, 0x0, 0x0, 0x9f,
    0xcc, 0xd3, 0x77, 0x7f, 0x97, 0x72, 0x5f, 0x60,
    0x0, 0x1f, 0x76, 0xf8, 0x6f, 0x42, 0x6d, 0xff,
    0xd0, 0xf2, 0xf, 0x40, 0xe4, 0x0, 0xe, 0x40,
    0xf, 0x20, 0xf4, 0xe, 0x40, 0x0, 0xe4, 0x0,
    0xf2, 0xf, 0x40, 0xe4, 0xb, 0xff, 0xff, 0x4f,
    0x53, 0xf6, 0x3f, 0x40, 0x22, 0xe6, 0x31, 0xfc,
    0xcf, 0xdc, 0xf4, 0x0, 0xe, 0x41, 0x1b, 0x10,
    0xf4, 0xa, 0x30, 0x0, 0xe7, 0xe1, 0x0, 0xf,
    0x40, 0x0, 0x0, 0x1f, 0xf9, 0x0, 0x0, 0xf4,
    0x0, 0x0, 0x5, 0xf8, 0x0, 0x0, 0xf, 0x40,
    0x0, 0x0, 0x5, 0x0, 0x0, 0x0, 0xf5, 0x0,
    0x0,

    /* U+9519 "错" */
    0x0, 0xa, 0x30, 0x0, 0x94, 0x3, 0x90, 0x0,
    0x0, 0x4f, 0x40, 0x0, 0xd5, 0x4, 0xf0, 0x0,
    0x0, 0xdc, 0x33, 0x17, 0xe9, 0x69, 0xf7, 0x50,
    0x8, 0xfc, 0xca, 0x29, 0xeb, 0x9b, 0xf9, 0x70,
    0x4f, 0x51, 0x10, 0x0, 0xd5, 0x4, 0xf0, 0x0,
    0x3, 0xef, 0xe8, 0x7c, 0xfd, 0xcd, 0xfc, 0xc4,
    0x0, 0x1f, 0x20, 0x12, 0x22, 0x22, 0x22, 0x21,
    0x1, 0x1f, 0x21, 0x0, 0x0, 0x0, 0x0, 0x0,
    0xd, 0xef, 0xee, 0x3e, 0xee, 0xee, 0xef, 0x0,
    0x0, 0x1f, 0x20, 0xd, 0x40, 0x0, 0x3f, 0x0,
    0x0, 0x1f, 0x27, 0xd, 0xff, 0xff, 0xff, 0x0,
    0x0, 0x1f, 0x9e, 0x1d, 0x40, 0x0, 0x3f, 0x0,
    0x0, 0x3f, 0xc1, 0xd, 0x62, 0x22, 0x5f, 0x0,
    0x0, 0x4a, 0x0, 0xe, 0xdc, 0xcc, 0xdf, 0x0,
    0x0, 0x0, 0x0, 0xe, 0x40, 0x0, 0x0, 0x0,

    /* U+9589 "閉" */
    0xef, 0xff, 0xff, 0x24, 0xff, 0xff, 0xf4, 0xd7,
    0x33, 0x3f, 0x14, 0xe3, 0x33, 0xe3, 0xd8, 0x55,
    0x5f, 0x14, 0xe5, 0x55, 0xe3, 0xde, 0xee, 0xef,
    0x24, 0xfe, 0xee, 0xf3, 0xd4, 0x0, 0x0, 0x0,
    0x0, 0x0, 0xe3, 0xd4, 0x0, 0x0, 0x6, 0xc0,
    0x0, 0xe3, 0xd4, 0xc, 0xbb, 0xbd, 0xeb, 0xb6,
    0xe3, 0xd4, 0x3, 0x22, 0xcf, 0xc2, 0x31, 0xe3,
    0xd4, 0x0, 0x8, 0xe7, 0xc0, 0x0, 0xe3, 0xd4,
    0x2, 0xbe, 0x36, 0xc0, 0x0, 0xe3, 0xd4, 0x3f,
    0xc2, 0x6, 0xc0, 0x0, 0xe3, 0xd4, 0x4, 0x0,
    0x9e, 0xa0, 0x0, 0xe3, 0xd4, 0x0, 0x0, 0x68,
    0x10, 0x7, 0xf2, 0xe5, 0x0, 0x0, 0x0, 0x0,
    0x8, 0xa0,

    /* U+958B "開" */
    0xee, 0xee, 0xef, 0x14, 0xfe, 0xee, 0xf4, 0xec,
    0xcc, 0xcf, 0x4, 0xfc, 0xcc, 0xf3, 0xd3, 0x0,
    0x1f, 0x4, 0xe0, 0x0, 0xe3, 0xde, 0xee, 0xef,
    0x14, 0xfe, 0xee, 0xf3, 0xd3, 0x0, 0x0, 0x0,
    0x0, 0x0, 0xe3, 0xd3, 0x9, 0xee, 0xee, 0xee,
    0xc0, 0xe3, 0xd3, 0x0, 0x2f, 0x0, 0xf2, 0x0,
    0xe3, 0xd3, 0x0, 0x2f, 0x0, 0xf2, 0x0, 0xe3,
    0xd3, 0x9e, 0xef, 0xee, 0xfe, 0xf4, 0xe3, 0xd3,
    0x0, 0x6b, 0x0, 0xe2, 0x0, 0xe3, 0xd3, 0x2,
    0xe5, 0x0, 0xe2, 0x0, 0xe3, 0xe3, 0x4f, 0x90,
    0x0, 0xe2, 0x0, 0xe2, 0xe4, 0x3, 0x0, 0x0,
    0x51, 0xc, 0xa0,

    /* U+95DC "關" */
    0xab, 0xbb, 0xba, 0x7, 0xbb, 0xbb, 0xb2, 0xe5,
    0x33, 0x5f, 0xa, 0xa3, 0x33, 0xd3, 0xe8, 0x77,
    0x8f, 0xa, 0xb7, 0x77, 0xe3, 0xdc, 0xcc, 0xcf,
    0xa, 0xec, 0xcc, 0xf3, 0xd2, 0x0, 0x82, 0x0,
    0x58, 0x0, 0xd3, 0xd2, 0x9, 0x75, 0x45, 0xb3,
    0xb1, 0xd3, 0xd2, 0x9c, 0xca, 0x1d, 0xbf, 0x60,
    0xd3, 0xd2, 0x29, 0x78, 0x54, 0xc2, 0x70, 0xd3,
    0xd2, 0x7b, 0x98, 0x7e, 0xca, 0xc7, 0xd3, 0xd2,
    0x27, 0x9, 0x29, 0x30, 0x62, 0xd3, 0xd2, 0x3a,
    0xd, 0x1c, 0x40, 0xa3, 0xd3, 0xd2, 0x6d, 0xbf,
    0xc, 0xdc, 0xe3, 0xd3, 0xe2, 0x35, 0xaa, 0xc,
    0x40, 0x2, 0xe2, 0xe3, 0x5a, 0x60, 0x8, 0x30,
    0x8, 0xc0,

    /* U+95ED "闭" */
    0x0, 0x94, 0x0, 0x0, 0x0, 0x0, 0x0, 0x0,
    0x8f, 0x20, 0xdf, 0xff, 0xff, 0xff, 0x2, 0x7,
    0x30, 0x23, 0x72, 0x22, 0x6f, 0x6f, 0x0, 0x0,
    0x3, 0xf1, 0x0, 0x5e, 0x5e, 0x0, 0x0, 0x3,
    0xf0, 0x0, 0x5e, 0x5e, 0x2f, 0xff, 0xff, 0xff,
    0xf6, 0x5e, 0x5e, 0x3, 0x22, 0x7f, 0xf3, 0x31,
    0x5e, 0x5e, 0x0, 0x0, 0xda, 0xf0, 0x0, 0x5e,
    0x5e, 0x0, 0xa, 0xd3, 0xf0, 0x0, 0x5e, 0x5e,
    0x0, 0xae, 0x23, 0xf0, 0x0, 0x5e, 0x5e, 0x4e,
    0xe3, 0x3, 0xf0, 0x0, 0x5e, 0x5e, 0x29, 0x10,
    0x7, 0xf0, 0x0, 0x5e, 0x5e, 0x0, 0x0, 0xcf,
    0xa0, 0x25, 0xae, 0x6e, 0x0, 0x0, 0x21, 0x0,
    0x2f, 0xd6, 0x0, 0x0, 0x0, 0x0, 0x0, 0x0,
    0x0,

    /* U+95F2 "闲" */
    0x0, 0x0, 0x0, 0x0, 0x0, 0x0, 0x0, 0x1,
    0xc2, 0x0, 0x0, 0x0, 0x0, 0x0, 0x0, 0x9c,
    0x8, 0xff, 0xff, 0xff, 0xf6, 0x12, 0x18, 0x12,
    0x45, 0x33, 0x33, 0xe5, 0x6f, 0x0, 0x0, 0x5f,
    0x0, 0x0, 0xe5, 0x5e, 0x0, 0x0, 0x5e, 0x0,
    0x0, 0xe5, 0x5e, 0xf, 0xff, 0xff, 0xff, 0xf3,
    0xe5, 0x5e, 0x2, 0x23, 0xfe, 0x22, 0x20, 0xe5,
    0x5e, 0x0, 0x9, 0xfe, 0x45, 0x0, 0xe5, 0x5e,
    0x0, 0x3f, 0x9e, 0x4f, 0x40, 0xe5, 0x5e, 0x1,
    0xe8, 0x5e, 0x8, 0xe1, 0xe5, 0x5e, 0x2d, 0xb0,
    0x5e, 0x0, 0xc3, 0xe5, 0x5e, 0x2b, 0x0, 0x5f,
    0x0, 0x0, 0xe5, 0x6e, 0x0, 0x0, 0x5e, 0x0,
    0x12, 0xf5, 0x6e, 0x0, 0x0, 0x0, 0x0, 0x6f,
    0xf2, 0x0, 0x0, 0x0, 0x0, 0x0, 0x3, 0x0,

    /* U+9664 "除" */
    0x0, 0x0, 0x0, 0x0, 0x0, 0x0, 0x0, 0x0,
    0x0, 0x0, 0x0, 0x9, 0xb0, 0x0, 0x0, 0xdf,
    0xff, 0xe0, 0x2, 0xfe, 0x10, 0x0, 0xd, 0x50,
    0xb9, 0x0, 0xba, 0x7c, 0x0, 0x0, 0xc5, 0xf,
    0x20, 0x8e, 0x10, 0xbc, 0x10, 0xc, 0x56, 0xc0,
    0x7f, 0x51, 0x12, 0xcf, 0x81, 0xc5, 0xd6, 0x6f,
    0xaf, 0xff, 0xfd, 0x8e, 0x1c, 0x57, 0xc0, 0x30,
    0x4, 0xd0, 0x0, 0x0, 0xc5, 0xd, 0x51, 0x21,
    0x5d, 0x11, 0x20, 0xc, 0x50, 0x89, 0x9e, 0xee,
    0xfe, 0xee, 0x40, 0xc5, 0xa, 0xa0, 0x0, 0x4d,
    0x0, 0x0, 0xc, 0x6e, 0xf4, 0x9, 0x64, 0xd1,
    0xb1, 0x0, 0xc5, 0x52, 0x5, 0xf3, 0x4d, 0xc,
    0xb0, 0xc, 0x50, 0x3, 0xf7, 0x4, 0xd0, 0x1e,
    0xa0, 0xc5, 0x0, 0x5a, 0x5, 0xbc, 0x0, 0x48,
    0xd, 0x50, 0x0, 0x0, 0x8e, 0x50, 0x0, 0x0,
    0x0, 0x0, 0x0, 0x0, 0x0, 0x0, 0x0, 0x0,

    /* U+96E2 "離" */
    0x0, 0x0, 0x0, 0x0, 0x0, 0x0, 0x0, 0x0,
    0x0, 0x6, 0xc0, 0x0, 0x3, 0xa2, 0xb1, 0x0,
    0x17, 0x67, 0xf7, 0x66, 0x8, 0xd0, 0xca, 0x0,
    0x18, 0x77, 0x78, 0x77, 0xe, 0x82, 0x56, 0x30,
    0xd, 0x6c, 0x6b, 0x88, 0x6f, 0xbb, 0xfb, 0xc2,
    0xc, 0x4a, 0xf4, 0x89, 0xef, 0x1, 0xf0, 0x0,
    0xc, 0x69, 0x49, 0x88, 0x5f, 0x66, 0xf6, 0x60,
    0xd, 0xed, 0xdd, 0xe8, 0xf, 0x67, 0xf6, 0x70,
    0x0, 0x0, 0xe3, 0x0, 0xf, 0x1, 0xf0, 0x0,
    0x6, 0x68, 0xf7, 0x66, 0xf, 0x11, 0xf0, 0x10,
    0x1f, 0x9d, 0xb9, 0xae, 0xf, 0xee, 0xfe, 0xe0,
    0x1d, 0x1e, 0x38, 0x2d, 0xf, 0x1, 0xf0, 0x0,
    0x1d, 0x9e, 0xce, 0x6d, 0xf, 0x1, 0xf0, 0x0,
    0x1d, 0x23, 0x2, 0x2d, 0xf, 0xee, 0xfe, 0xe8,
    0x1d, 0x0, 0x1, 0x7d, 0xf, 0x0, 0x0, 0x0,
    0x0, 0x0, 0x0, 0xd7, 0xf, 0x0, 0x0, 0x0,

    /* U+9700 "需" */
    0x6, 0xee, 0xee, 0xee, 0xee, 0xee, 0xd0, 0x0,
    0x10, 0x0, 0x8a, 0x0, 0x0, 0x10, 0xde, 0xee,
    0xee, 0xff, 0xee, 0xee, 0xed, 0xe5, 0x0, 0x0,
    0x8a, 0x0, 0x0, 0x4e, 0xe5, 0x9e, 0xe3, 0x8a,
    0x7f, 0xf7, 0x4e, 0x20, 0x1, 0x10, 0x8a, 0x2,
    0x21, 0x2, 0x0, 0xce, 0xe2, 0x8a, 0x5c, 0xc6,
    0x0, 0x11, 0x0, 0x0, 0x0, 0x0, 0x0, 0x1,
    0xbe, 0xee, 0xee, 0xff, 0xee, 0xee, 0xed, 0x0,
    0x0, 0x0, 0xe4, 0x0, 0x0, 0x0, 0xd, 0xff,
    0xff, 0xff, 0xff, 0xff, 0xf0, 0xc, 0x60, 0x4e,
    0x0, 0xe4, 0x4, 0xe0, 0xc, 0x60, 0x4e, 0x0,
    0xe4, 0x4, 0xe0, 0xd, 0x60, 0x4e, 0x0, 0xe4,
    0x3b, 0x90, 0x0, 0x0, 0x1, 0x0, 0x10, 0x0,
    0x0,

    /* U+984C "題" */
    0x0, 0x0, 0x0, 0x0, 0x0, 0x0, 0x0, 0x0,
    0x2, 0xfe, 0xee, 0xc1, 0xee, 0xef, 0xee, 0xd0,
    0x2, 0xf0, 0x5, 0xc0, 0x0, 0x4c, 0x0, 0x0,
    0x2, 0xfe, 0xee, 0xc0, 0x7f, 0xee, 0xef, 0x50,
    0x2, 0xf0, 0x5, 0xc0, 0x6a, 0x0, 0xc, 0x40,
    0x2, 0xfe, 0xee, 0xc0, 0x6e, 0xdd, 0xdf, 0x40,
    0x0, 0x0, 0x0, 0x0, 0x69, 0x0, 0xc, 0x40,
    0xe, 0xee, 0xfe, 0xea, 0x6f, 0xee, 0xef, 0x40,
    0x0, 0x0, 0xf2, 0x0, 0x69, 0x0, 0xc, 0x40,
    0x5, 0xd0, 0xf6, 0x53, 0x6f, 0xee, 0xef, 0x50,
    0x6, 0xc0, 0xfb, 0xb7, 0x14, 0x50, 0x66, 0x10,
    0x8, 0xf3, 0xf2, 0x0, 0x5e, 0xe1, 0x9f, 0x70,
    0xc, 0xbe, 0xf2, 0x2, 0xe9, 0x0, 0x5, 0x90,
    0x1f, 0x24, 0xed, 0x85, 0x42, 0x22, 0x34, 0x64,
    0x3b, 0x0, 0x4, 0x8b, 0xde, 0xff, 0xff, 0xf5,
    0x0, 0x0, 0x0, 0x0, 0x0, 0x0, 0x0, 0x0,

    /* U+9898 "题" */
    0x0, 0x0, 0x0, 0x0, 0x0, 0x0, 0x0, 0x0,
    0x4, 0xff, 0xff, 0xe1, 0xff, 0xff, 0xff, 0xe0,
    0x3, 0xe0, 0x5, 0xd0, 0x0, 0x7a, 0x0, 0x0,
    0x3, 0xff, 0xff, 0xd0, 0x35, 0xbb, 0x55, 0x10,
    0x3, 0xe0, 0x4, 0xd0, 0x9b, 0x88, 0x8f, 0x30,
    0x4, 0xff, 0xff, 0xe0, 0x97, 0x17, 0xe, 0x30,
    0x0, 0x0, 0x0, 0x0, 0x97, 0x2f, 0xe, 0x20,
    0x1f, 0xff, 0xff, 0xf8, 0x97, 0x2e, 0xe, 0x30,
    0x1, 0x0, 0xe2, 0x0, 0x97, 0x4c, 0xe, 0x30,
    0x5, 0xc0, 0xe4, 0x30, 0xa7, 0xa8, 0x7, 0x20,
    0x7, 0xb0, 0xed, 0xd1, 0x5, 0xe2, 0xc3, 0x0,
    0xa, 0xe5, 0xe2, 0x0, 0x8f, 0x40, 0x7f, 0x30,
    0xf, 0x68, 0xfa, 0x63, 0x85, 0x22, 0x36, 0x62,
    0x4e, 0x0, 0x16, 0x9c, 0xde, 0xff, 0xff, 0xf3,
    0x1, 0x0, 0x0, 0x0, 0x0, 0x0, 0x0, 0x0,

    /* U+9918 "餘" */
    0x0, 0x0, 0x0, 0x0, 0x0, 0x0, 0x0, 0x0,
    0x0, 0x3, 0xf5, 0x0, 0x0, 0xe5, 0x0, 0x0,
    0x0, 0xc, 0xf9, 0x0, 0x4, 0xf9, 0x0, 0x0,
    0x0, 0x9e, 0x3c, 0xc0, 0xd, 0x5e, 0x50, 0x0,
    0x9, 0xe4, 0xb1, 0x90, 0x9a, 0x4, 0xf7, 0x0,
    0x3e, 0x30, 0x93, 0x9, 0xe6, 0x55, 0xaf, 0xd0,
    0x1, 0xff, 0xff, 0xe7, 0x6d, 0xfe, 0xd2, 0x40,
    0x0, 0xf1, 0x2, 0xe0, 0x0, 0xd4, 0x0, 0x0,
    0x0, 0xfd, 0xdd, 0xe3, 0x55, 0xe8, 0x55, 0x0,
    0x0, 0xf1, 0x2, 0xe8, 0xdc, 0xfd, 0xcd, 0x20,
    0x0, 0xff, 0xff, 0xe0, 0x0, 0xd4, 0x0, 0x0,
    0x0, 0xf1, 0x7, 0x30, 0xc2, 0xd4, 0xa5, 0x0,
    0x0, 0xf1, 0xb, 0x95, 0xd0, 0xd4, 0x6e, 0x10,
    0x0, 0xf9, 0xec, 0xe8, 0x50, 0xd4, 0xd, 0x70,
    0x4, 0xfb, 0x30, 0x80, 0x1b, 0xf3, 0x1, 0x0,
    0x0, 0x30, 0x0, 0x0, 0xb, 0x70, 0x0, 0x0,

    /* U+9AD4 "體" */
    0x0, 0x0, 0x0, 0x0, 0x1, 0x80, 0x81, 0x0,
    0x6, 0xfc, 0xce, 0x30, 0x1, 0xd0, 0xe1, 0x0,
    0x5, 0xd6, 0x48, 0x37, 0xec, 0xfc, 0xfc, 0xe4,
    0x5, 0xd7, 0xc8, 0x36, 0xa1, 0xd0, 0xe1, 0xb3,
    0x5, 0xc2, 0xc8, 0x36, 0xec, 0xfc, 0xfc, 0xe3,
    0x2d, 0xcb, 0xcc, 0xd8, 0xa2, 0xd1, 0xe2, 0xb4,
    0x18, 0x0, 0x0, 0xa5, 0x99, 0x99, 0x99, 0x92,
    0x5, 0xec, 0xcd, 0x36, 0x77, 0x77, 0x77, 0x74,
    0x5, 0xc0, 0x8, 0x35, 0x66, 0x66, 0x66, 0x63,
    0x5, 0xfc, 0xce, 0x30, 0xdc, 0xcc, 0xcc, 0xc0,
    0x5, 0xc0, 0x8, 0x30, 0xf1, 0x0, 0x1, 0xe0,
    0x5, 0xfc, 0xce, 0x30, 0xbc, 0xcc, 0xcc, 0xb0,
    0x5, 0xc0, 0x9, 0x30, 0xa, 0x50, 0x2d, 0x0,
    0x5, 0xb0, 0x3e, 0x3e, 0xdd, 0xed, 0xde, 0xdc,
    0x0, 0x0, 0x0, 0x0, 0x0, 0x0, 0x0, 0x0,

    /* U+9EDE "點" */
    0x0, 0x0, 0x0, 0x0, 0x0, 0xd5, 0x0, 0x0,
    0xd, 0xdd, 0xfd, 0xf1, 0x0, 0xc4, 0x0, 0x0,
    0xd, 0x42, 0xd2, 0xe1, 0x0, 0xc4, 0x0, 0x0,
    0xd, 0xa8, 0xdb, 0xe1, 0x0, 0xce, 0xee, 0xe1,
    0xd, 0x3c, 0xd9, 0xe1, 0x0, 0xc4, 0x0, 0x0,
    0xd, 0x21, 0xd0, 0xe1, 0x0, 0xc4, 0x0, 0x0,
    0xa, 0xcc, 0xfc, 0xc1, 0x0, 0xc4, 0x0, 0x0,
    0x1, 0x1, 0xd0, 0x12, 0xcc, 0xfd, 0xcc, 0x20,
    0xd, 0xcc, 0xfc, 0xd3, 0xe1, 0x11, 0x1e, 0x20,
    0x0, 0x2, 0xd2, 0x43, 0xe0, 0x0, 0xe, 0x20,
    0x3f, 0xec, 0xb9, 0x82, 0xe0, 0x0, 0xe, 0x20,
    0x7, 0x13, 0x22, 0x52, 0xe0, 0x0, 0xe, 0x20,
    0xd, 0x2c, 0x56, 0xd2, 0xfe, 0xee, 0xef, 0x20,
    0x49, 0xe, 0x27, 0xa7, 0xe0, 0x0, 0xe, 0x30,
    0x12, 0x0, 0x0, 0x0, 0x10, 0x0, 0x0, 0x0,

    /* U+FF08 "（" */
    0x0, 0x0, 0x70, 0x0, 0xb, 0xb0, 0x0, 0x9a,
    0x0, 0x4, 0xd0, 0x0, 0xb, 0x60, 0x0, 0xf,
    0x0, 0x0, 0x2e, 0x0, 0x0, 0x1e, 0x0, 0x0,
    0xf, 0x0, 0x0, 0xb, 0x60, 0x0, 0x4, 0xd0,
    0x0, 0x0, 0xaa, 0x0, 0x0, 0xc, 0xb0, 0x0,
    0x0, 0x60,

    /* U+FF09 "）" */
    0x7, 0x0, 0x0, 0xa, 0xc0, 0x0, 0x0, 0xaa,
    0x0, 0x0, 0xd, 0x40, 0x0, 0x5, 0xc0, 0x0,
    0x0, 0xf0, 0x0, 0x0, 0xd3, 0x0, 0x0, 0xd2,
    0x0, 0x0, 0xf1, 0x0, 0x5, 0xc0, 0x0, 0xd,
    0x50, 0x0, 0xab, 0x0, 0xa, 0xc1, 0x0, 0x6,
    0x0, 0x0,

    /* U+FF0C "，" */
    0x6, 0x61, 0xf, 0xf3, 0xf, 0xf3, 0x0, 0xe2,
    0x8, 0xa0, 0x3, 0x0,

    /* U+FF1F "？" */
    0x1, 0x67, 0x10, 0x2, 0xfc, 0xce, 0x10, 0x9a,
    0x0, 0xc8, 0x6, 0x50, 0xa, 0x80, 0x0, 0x1,
    0xf4, 0x0, 0x0, 0xda, 0x0, 0x0, 0x8c, 0x0,
    0x0, 0xe, 0x40, 0x0, 0x0, 0xe1, 0x0, 0x0,
    0x0, 0x0, 0x0, 0x4, 0xd5, 0x0, 0x0, 0x5f,
    0x60, 0x0
};


/*---------------------
 *  GLYPH DESCRIPTION
 *--------------------*/

static const lv_font_fmt_txt_glyph_dsc_t glyph_dsc[] = {
    {.bitmap_index = 0, .adv_w = 0, .box_w = 0, .box_h = 0, .ofs_x = 0, .ofs_y = 0} /* id = 0 reserved */,
    {.bitmap_index = 0, .adv_w = 128, .box_w = 0, .box_h = 0, .ofs_x = 0, .ofs_y = 0},
    {.bitmap_index = 0, .adv_w = 128, .box_w = 2, .box_h = 12, .ofs_x = 3, .ofs_y = 0},
    {.bitmap_index = 12, .adv_w = 128, .box_w = 4, .box_h = 4, .ofs_x = 2, .ofs_y = 8},
    {.bitmap_index = 20, .adv_w = 128, .box_w = 8, .box_h = 12, .ofs_x = 0, .ofs_y = 0},
    {.bitmap_index = 68, .adv_w = 128, .box_w = 7, .box_h = 15, .ofs_x = 0, .ofs_y = -2},
    {.bitmap_index = 121, .adv_w = 128, .box_w = 8, .box_h = 12, .ofs_x = 0, .ofs_y = 0},
    {.bitmap_index = 169, .adv_w = 128, .box_w = 8, .box_h = 12, .ofs_x = 0, .ofs_y = 0},
    {.bitmap_index = 217, .adv_w = 128, .box_w = 3, .box_h = 4, .ofs_x = 2, .ofs_y = 8},
    {.bitmap_index = 223, .adv_w = 128, .box_w = 5, .box_h = 16, .ofs_x = 3, .ofs_y = -2},
    {.bitmap_index = 263, .adv_w = 128, .box_w = 5, .box_h = 16, .ofs_x = 0, .ofs_y = -2},
    {.bitmap_index = 303, .adv_w = 128, .box_w = 8, .box_h = 9, .ofs_x = 0, .ofs_y = 3},
    {.bitmap_index = 339, .adv_w = 128, .box_w = 8, .box_h = 8, .ofs_x = 0, .ofs_y = 2},
    {.bitmap_index = 371, .adv_w = 128, .box_w = 2, .box_h = 4, .ofs_x = 1, .ofs_y = -2},
    {.bitmap_index = 375, .adv_w = 128, .box_w = 8, .box_h = 2, .ofs_x = 0, .ofs_y = 5},
    {.bitmap_index = 383, .adv_w = 128, .box_w = 2, .box_h = 2, .ofs_x = 1, .ofs_y = 0},
    {.bitmap_index = 385, .adv_w = 128, .box_w = 8, .box_h = 14, .ofs_x = 0, .ofs_y = -1},
    {.bitmap_index = 441, .adv_w = 128, .box_w = 8, .box_h = 13, .ofs_x = 0, .ofs_y = -1},
    {.bitmap_index = 493, .adv_w = 128, .box_w = 4, .box_h = 12, .ofs_x = 1, .ofs_y = 0},
    {.bitmap_index = 517, .adv_w = 128, .box_w = 8, .box_h = 13, .ofs_x = 0, .ofs_y = 0},
    {.bitmap_index = 569, .adv_w = 128, .box_w = 8, .box_h = 12, .ofs_x = 0, .ofs_y = 0},
    {.bitmap_index = 617, .adv_w = 128, .box_w = 8, .box_h = 12, .ofs_x = 0, .ofs_y = 0},
    {.bitmap_index = 665, .adv_w = 128, .box_w = 8, .box_h = 12, .ofs_x = 0, .ofs_y = 0},
    {.bitmap_index = 713, .adv_w = 128, .box_w = 8, .box_h = 12, .ofs_x = 0, .ofs_y = 0},
    {.bitmap_index = 761, .adv_w = 128, .box_w = 8, .box_h = 12, .ofs_x = 0, .ofs_y = 0},
    {.bitmap_index = 809, .adv_w = 128, .box_w = 8, .box_h = 12, .ofs_x = 0, .ofs_y = 0},
    {.bitmap_index = 857, .adv_w = 128, .box_w = 8, .box_h = 12, .ofs_x = 0, .ofs_y = 0},
    {.bitmap_index = 905, .adv_w = 128, .box_w = 2, .box_h = 8, .ofs_x = 3, .ofs_y = 0},
    {.bitmap_index = 913, .adv_w = 128, .box_w = 2, .box_h = 10, .ofs_x = 3, .ofs_y = -2},
    {.bitmap_index = 923, .adv_w = 128, .box_w = 8, .box_h = 14, .ofs_x = 0, .ofs_y = -1},
    {.bitmap_index = 979, .adv_w = 128, .box_w = 8, .box_h = 6, .ofs_x = 0, .ofs_y = 3},
    {.bitmap_index = 1003, .adv_w = 128, .box_w = 8, .box_h = 14, .ofs_x = 0, .ofs_y = -1},
    {.bitmap_index = 1059, .adv_w = 128, .box_w = 7, .box_h = 12, .ofs_x = 0, .ofs_y = 0},
    {.bitmap_index = 1101, .adv_w = 128, .box_w = 8, .box_h = 12, .ofs_x = 0, .ofs_y = 0},
    {.bitmap_index = 1149, .adv_w = 128, .box_w = 8, .box_h = 12, .ofs_x = 0, .ofs_y = 0},
    {.bitmap_index = 1197, .adv_w = 128, .box_w = 8, .box_h = 12, .ofs_x = 0, .ofs_y = 0},
    {.bitmap_index = 1245, .adv_w = 128, .box_w = 8, .box_h = 12, .ofs_x = 0, .ofs_y = 0},
    {.bitmap_index = 1293, .adv_w = 128, .box_w = 8, .box_h = 12, .ofs_x = 0, .ofs_y = 0},
    {.bitmap_index = 1341, .adv_w = 128, .box_w = 8, .box_h = 12, .ofs_x = 0, .ofs_y = 0},
    {.bitmap_index = 1389, .adv_w = 128, .box_w = 8, .box_h = 12, .ofs_x = 0, .ofs_y = 0},
    {.bitmap_index = 1437, .adv_w = 128, .box_w = 8, .box_h = 12, .ofs_x = 0, .ofs_y = 0},
    {.bitmap_index = 1485, .adv_w = 128, .box_w = 8, .box_h = 12, .ofs_x = 0, .ofs_y = 0},
    {.bitmap_index = 1533, .adv_w = 128, .box_w = 2, .box_h = 12, .ofs_x = 3, .ofs_y = 0},
    {.bitmap_index = 1545, .adv_w = 128, .box_w = 7, .box_h = 12, .ofs_x = 0, .ofs_y = 0},
    {.bitmap_index = 1587, .adv_w = 128, .box_w = 8, .box_h = 12, .ofs_x = 0, .ofs_y = 0},
    {.bitmap_index = 1635, .adv_w = 128, .box_w = 8, .box_h = 12, .ofs_x = 0, .ofs_y = 0},
    {.bitmap_index = 1683, .adv_w = 128, .box_w = 8, .box_h = 12, .ofs_x = 0, .ofs_y = 0},
    {.bitmap_index = 1731, .adv_w = 128, .box_w = 8, .box_h = 12, .ofs_x = 0, .ofs_y = 0},
    {.bitmap_index = 1779, .adv_w = 128, .box_w = 8, .box_h = 12, .ofs_x = 0, .ofs_y = 0},
    {.bitmap_index = 1827, .adv_w = 128, .box_w = 8, .box_h = 12, .ofs_x = 0, .ofs_y = 0},
    {.bitmap_index = 1875, .adv_w = 128, .box_w = 8, .box_h = 13, .ofs_x = 0, .ofs_y = -1},
    {.bitmap_index = 1927, .adv_w = 128, .box_w = 8, .box_h = 12, .ofs_x = 0, .ofs_y = 0},
    {.bitmap_index = 1975, .adv_w = 128, .box_w = 8, .box_h = 12, .ofs_x = 0, .ofs_y = 0},
    {.bitmap_index = 2023, .adv_w = 128, .box_w = 8, .box_h = 12, .ofs_x = 0, .ofs_y = 0},
    {.bitmap_index = 2071, .adv_w = 128, .box_w = 8, .box_h = 12, .ofs_x = 0, .ofs_y = 0},
    {.bitmap_index = 2119, .adv_w = 128, .box_w = 8, .box_h = 12, .ofs_x = 0, .ofs_y = 0},
    {.bitmap_index = 2167, .adv_w = 128, .box_w = 8, .box_h = 12, .ofs_x = 0, .ofs_y = 0},
    {.bitmap_index = 2215, .adv_w = 128, .box_w = 8, .box_h = 12, .ofs_x = 0, .ofs_y = 0},
    {.bitmap_index = 2263, .adv_w = 128, .box_w = 8, .box_h = 12, .ofs_x = 0, .ofs_y = 0},
    {.bitmap_index = 2311, .adv_w = 128, .box_w = 8, .box_h = 12, .ofs_x = 0, .ofs_y = 0},
    {.bitmap_index = 2359, .adv_w = 128, .box_w = 5, .box_h = 16, .ofs_x = 3, .ofs_y = -2},
    {.bitmap_index = 2399, .adv_w = 128, .box_w = 8, .box_h = 14, .ofs_x = 0, .ofs_y = -2},
    {.bitmap_index = 2455, .adv_w = 128, .box_w = 5, .box_h = 16, .ofs_x = 0, .ofs_y = -2},
    {.bitmap_index = 2495, .adv_w = 128, .box_w = 7, .box_h = 3, .ofs_x = 0, .ofs_y = 11},
    {.bitmap_index = 2506, .adv_w = 128, .box_w = 8, .box_h = 1, .ofs_x = 0, .ofs_y = -2},
    {.bitmap_index = 2510, .adv_w = 128, .box_w = 4, .box_h = 3, .ofs_x = 2, .ofs_y = 11},
    {.bitmap_index = 2516, .adv_w = 128, .box_w = 8, .box_h = 8, .ofs_x = 0, .ofs_y = 0},
    {.bitmap_index = 2548, .adv_w = 128, .box_w = 8, .box_h = 12, .ofs_x = 0, .ofs_y = 0},
    {.bitmap_index = 2596, .adv_w = 128, .box_w = 8, .box_h = 8, .ofs_x = 0, .ofs_y = 0},
    {.bitmap_index = 2628, .adv_w = 128, .box_w = 7, .box_h = 12, .ofs_x = 0, .ofs_y = 0},
    {.bitmap_index = 2670, .adv_w = 128, .box_w = 8, .box_h = 8, .ofs_x = 0, .ofs_y = 0},
    {.bitmap_index = 2702, .adv_w = 128, .box_w = 8, .box_h = 12, .ofs_x = 0, .ofs_y = 0},
    {.bitmap_index = 2750, .adv_w = 128, .box_w = 8, .box_h = 11, .ofs_x = 0, .ofs_y = -2},
    {.bitmap_index = 2794, .adv_w = 128, .box_w = 7, .box_h = 12, .ofs_x = 0, .ofs_y = 0},
    {.bitmap_index = 2836, .adv_w = 128, .box_w = 2, .box_h = 12, .ofs_x = 3, .ofs_y = 0},
    {.bitmap_index = 2848, .adv_w = 128, .box_w = 5, .box_h = 14, .ofs_x = 1, .ofs_y = -2},
    {.bitmap_index = 2883, .adv_w = 128, .box_w = 8, .box_h = 12, .ofs_x = 0, .ofs_y = 0},
    {.bitmap_index = 2931, .adv_w = 128, .box_w = 2, .box_h = 12, .ofs_x = 3, .ofs_y = 0},
    {.bitmap_index = 2943, .adv_w = 128, .box_w = 8, .box_h = 8, .ofs_x = 0, .ofs_y = 0},
    {.bitmap_index = 2975, .adv_w = 128, .box_w = 7, .box_h = 8, .ofs_x = 0, .ofs_y = 0},
    {.bitmap_index = 3003, .adv_w = 128, .box_w = 8, .box_h = 8, .ofs_x = 0, .ofs_y = 0},
    {.bitmap_index = 3035, .adv_w = 128, .box_w = 8, .box_h = 10, .ofs_x = 0, .ofs_y = -2},
    {.bitmap_index = 3075, .adv_w = 128, .box_w = 7, .box_h = 10, .ofs_x = 0, .ofs_y = -2},
    {.bitmap_index = 3110, .adv_w = 128, .box_w = 6, .box_h = 8, .ofs_x = 1, .ofs_y = 0},
    {.bitmap_index = 3134, .adv_w = 128, .box_w = 6, .box_h = 8, .ofs_x = 1, .ofs_y = 0},
    {.bitmap_index = 3158, .adv_w = 128, .box_w = 7, .box_h = 11, .ofs_x = 0, .ofs_y = 0},
    {.bitmap_index = 3197, .adv_w = 128, .box_w = 7, .box_h = 8, .ofs_x = 0, .ofs_y = 0},
    {.bitmap_index = 3225, .adv_w = 128, .box_w = 8, .box_h = 8, .ofs_x = 0, .ofs_y = 0},
    {.bitmap_index = 3257, .adv_w = 128, .box_w = 8, .box_h = 8, .ofs_x = 0, .ofs_y = 0},
    {.bitmap_index = 3289, .adv_w = 128, .box_w = 8, .box_h = 8, .ofs_x = 0, .ofs_y = 0},
    {.bitmap_index = 3321, .adv_w = 128, .box_w = 8, .box_h = 10, .ofs_x = 0, .ofs_y = -2},
    {.bitmap_index = 3361, .adv_w = 128, .box_w = 7, .box_h = 8, .ofs_x = 0, .ofs_y = 0},
    {.bitmap_index = 3389, .adv_w = 128, .box_w = 4, .box_h = 15, .ofs_x = 3, .ofs_y = -2},
    {.bitmap_index = 3419, .adv_w = 128, .box_w = 2, .box_h = 17, .ofs_x = 3, .ofs_y = -2},
    {.bitmap_index = 3436, .adv_w = 128, .box_w = 5, .box_h = 15, .ofs_x = 0, .ofs_y = -2},
    {.bitmap_index = 3474, .adv_w = 128, .box_w = 8, .box_h = 5, .ofs_x = 0, .ofs_y = 11},
    {.bitmap_index = 3494, .adv_w = 71, .box_w = 0, .box_h = 0, .ofs_x = 0, .ofs_y = 0},
    {.bitmap_index = 3494, .adv_w = 85, .box_w = 3, .box_h = 12, .ofs_x = 1, .ofs_y = -3},
    {.bitmap_index = 3512, .adv_w = 142, .box_w = 9, .box_h = 17, .ofs_x = 0, .ofs_y = -4},
    {.bitmap_index = 3589, .adv_w = 142, .box_w = 9, .box_h = 13, .ofs_x = 0, .ofs_y = -1},
    {.bitmap_index = 3648, .adv_w = 142, .box_w = 9, .box_h = 9, .ofs_x = 0, .ofs_y = 2},
    {.bitmap_index = 3689, .adv_w = 142, .box_w = 10, .box_h = 12, .ofs_x = -1, .ofs_y = 0},
    {.bitmap_index = 3749, .adv_w = 67, .box_w = 2, .box_h = 15, .ofs_x = 1, .ofs_y = -3},
    {.bitmap_index = 3764, .adv_w = 142, .box_w = 9, .box_h = 15, .ofs_x = 0, .ofs_y = -3},
    {.bitmap_index = 3832, .adv_w = 85, .box_w = 5, .box_h = 2, .ofs_x = 0, .ofs_y = 11},
    {.bitmap_index = 3837, .adv_w = 189, .box_w = 12, .box_h = 13, .ofs_x = 0, .ofs_y = -1},
    {.bitmap_index = 3915, .adv_w = 95, .box_w = 6, .box_h = 6, .ofs_x = 0, .ofs_y = 6},
    {.bitmap_index = 3933, .adv_w = 142, .box_w = 7, .box_h = 8, .ofs_x = 1, .ofs_y = 1},
    {.bitmap_index = 3961, .adv_w = 150, .box_w = 9, .box_h = 5, .ofs_x = 0, .ofs_y = 4},
    {.bitmap_index = 3984, .adv_w = 85, .box_w = 5, .box_h = 2, .ofs_x = 0, .ofs_y = 4},
    {.bitmap_index = 3989, .adv_w = 189, .box_w = 12, .box_h = 13, .ofs_x = 0, .ofs_y = -1},
    {.bitmap_index = 4067, .adv_w = 141, .box_w = 11, .box_h = 2, .ofs_x = -1, .ofs_y = 12},
    {.bitmap_index = 4078, .adv_w = 102, .box_w = 5, .box_h = 5, .ofs_x = 1, .ofs_y = 8},
    {.bitmap_index = 4091, .adv_w = 141, .box_w = 9, .box_h = 11, .ofs_x = 0, .ofs_y = 0},
    {.bitmap_index = 4141, .adv_w = 85, .box_w = 6, .box_h = 6, .ofs_x = 0, .ofs_y = 6},
    {.bitmap_index = 4159, .adv_w = 85, .box_w = 6, .box_h = 6, .ofs_x = 0, .ofs_y = 6},
    {.bitmap_index = 4177, .adv_w = 85, .box_w = 4, .box_h = 3, .ofs_x = 1, .ofs_y = 10},
    {.bitmap_index = 4183, .adv_w = 148, .box_w = 7, .box_h = 12, .ofs_x = 1, .ofs_y = -3},
    {.bitmap_index = 4225, .adv_w = 138, .box_w = 9, .box_h = 15, .ofs_x = 0, .ofs_y = -3},
    {.bitmap_index = 4293, .adv_w = 85, .box_w = 3, .box_h = 2, .ofs_x = 1, .ofs_y = 5},
    {.bitmap_index = 4296, .adv_w = 85, .box_w = 5, .box_h = 5, .ofs_x = 0, .ofs_y = -4},
    {.bitmap_index = 4309, .adv_w = 85, .box_w = 4, .box_h = 6, .ofs_x = 0, .ofs_y = 6},
    {.bitmap_index = 4321, .adv_w = 94, .box_w = 6, .box_h = 6, .ofs_x = 0, .ofs_y = 6},
    {.bitmap_index = 4339, .adv_w = 142, .box_w = 7, .box_h = 8, .ofs_x = 1, .ofs_y = 1},
    {.bitmap_index = 4367, .adv_w = 214, .box_w = 14, .box_h = 13, .ofs_x = 0, .ofs_y = 0},
    {.bitmap_index = 4458, .adv_w = 214, .box_w = 14, .box_h = 14, .ofs_x = 0, .ofs_y = -1},
    {.bitmap_index = 4556, .adv_w = 214, .box_w = 14, .box_h = 13, .ofs_x = 0, .ofs_y = 0},
    {.bitmap_index = 4647, .adv_w = 156, .box_w = 8, .box_h = 12, .ofs_x = 1, .ofs_y = -3},
    {.bitmap_index = 4695, .adv_w = 171, .box_w = 12, .box_h = 16, .ofs_x = -1, .ofs_y = 0},
    {.bitmap_index = 4791, .adv_w = 171, .box_w = 12, .box_h = 16, .ofs_x = -1, .ofs_y = 0},
    {.bitmap_index = 4887, .adv_w = 171, .box_w = 12, .box_h = 15, .ofs_x = -1, .ofs_y = 0},
    {.bitmap_index = 4977, .adv_w = 171, .box_w = 12, .box_h = 15, .ofs_x = -1, .ofs_y = 0},
    {.bitmap_index = 5067, .adv_w = 171, .box_w = 12, .box_h = 15, .ofs_x = -1, .ofs_y = 0},
    {.bitmap_index = 5157, .adv_w = 171, .box_w = 12, .box_h = 15, .ofs_x = -1, .ofs_y = 0},
    {.bitmap_index = 5247, .adv_w = 256, .box_w = 16, .box_h = 12, .ofs_x = 0, .ofs_y = 0},
    {.bitmap_index = 5343, .adv_w = 185, .box_w = 11, .box_h = 15, .ofs_x = 0, .ofs_y = -3},
    {.bitmap_index = 5426, .adv_w = 171, .box_w = 9, .box_h = 16, .ofs_x = 1, .ofs_y = 0},
    {.bitmap_index = 5498, .adv_w = 171, .box_w = 9, .box_h = 16, .ofs_x = 1, .ofs_y = 0},
    {.bitmap_index = 5570, .adv_w = 171, .box_w = 9, .box_h = 15, .ofs_x = 1, .ofs_y = 0},
    {.bitmap_index = 5638, .adv_w = 171, .box_w = 9, .box_h = 15, .ofs_x = 1, .ofs_y = 0},
    {.bitmap_index = 5706, .adv_w = 71, .box_w = 4, .box_h = 16, .ofs_x = 0, .ofs_y = 0},
    {.bitmap_index = 5738, .adv_w = 71, .box_w = 3, .box_h = 16, .ofs_x = 1, .ofs_y = 0},
    {.bitmap_index = 5762, .adv_w = 71, .box_w = 6, .box_h = 15, .ofs_x = -1, .ofs_y = 0},
    {.bitmap_index = 5807, .adv_w = 71, .box_w = 5, .box_h = 15, .ofs_x = 0, .ofs_y = 0},
    {.bitmap_index = 5845, .adv_w = 185, .box_w = 12, .box_h = 12, .ofs_x = -1, .ofs_y = 0},
    {.bitmap_index = 5917, .adv_w = 185, .box_w = 10, .box_h = 15, .ofs_x = 1, .ofs_y = 0},
    {.bitmap_index = 5992, .adv_w = 199, .box_w = 12, .box_h = 16, .ofs_x = 0, .ofs_y = 0},
    {.bitmap_index = 6088, .adv_w = 199, .box_w = 12, .box_h = 16, .ofs_x = 0, .ofs_y = 0},
    {.bitmap_index = 6184, .adv_w = 199, .box_w = 12, .box_h = 16, .ofs_x = 0, .ofs_y = 0},
    {.bitmap_index = 6280, .adv_w = 199, .box_w = 12, .box_h = 15, .ofs_x = 0, .ofs_y = 0},
    {.bitmap_index = 6370, .adv_w = 199, .box_w = 12, .box_h = 15, .ofs_x = 0, .ofs_y = 0},
    {.bitmap_index = 6460, .adv_w = 150, .box_w = 8, .box_h = 8, .ofs_x = 1, .ofs_y = 2},
    {.bitmap_index = 6492, .adv_w = 199, .box_w = 12, .box_h = 14, .ofs_x = 0, .ofs_y = -1},
    {.bitmap_index = 6576, .adv_w = 185, .box_w = 10, .box_h = 16, .ofs_x = 1, .ofs_y = 0},
    {.bitmap_index = 6656, .adv_w = 185, .box_w = 10, .box_h = 16, .ofs_x = 1, .ofs_y = 0},
    {.bitmap_index = 6736, .adv_w = 185, .box_w = 10, .box_h = 16, .ofs_x = 1, .ofs_y = 0},
    {.bitmap_index = 6816, .adv_w = 185, .box_w = 10, .box_h = 15, .ofs_x = 1, .ofs_y = 0},
    {.bitmap_index = 6891, .adv_w = 171, .box_w = 11, .box_h = 16, .ofs_x = 0, .ofs_y = 0},
    {.bitmap_index = 6979, .adv_w = 171, .box_w = 9, .box_h = 12, .ofs_x = 1, .ofs_y = 0},
    {.bitmap_index = 7033, .adv_w = 156, .box_w = 9, .box_h = 12, .ofs_x = 1, .ofs_y = 0},
    {.bitmap_index = 7087, .adv_w = 142, .box_w = 9, .box_h = 12, .ofs_x = 0, .ofs_y = 0},
    {.bitmap_index = 7141, .adv_w = 142, .box_w = 9, .box_h = 12, .ofs_x = 0, .ofs_y = 0},
    {.bitmap_index = 7195, .adv_w = 142, .box_w = 9, .box_h = 12, .ofs_x = 0, .ofs_y = 0},
    {.bitmap_index = 7249, .adv_w = 142, .box_w = 9, .box_h = 12, .ofs_x = 0, .ofs_y = 0},
    {.bitmap_index = 7303, .adv_w = 142, .box_w = 9, .box_h = 12, .ofs_x = 0, .ofs_y = 0},
    {.bitmap_index = 7357, .adv_w = 142, .box_w = 9, .box_h = 12, .ofs_x = 0, .ofs_y = 0},
    {.bitmap_index = 7411, .adv_w = 228, .box_w = 14, .box_h = 9, .ofs_x = 0, .ofs_y = 0},
    {.bitmap_index = 7474, .adv_w = 128, .box_w = 8, .box_h = 12, .ofs_x = 0, .ofs_y = -3},
    {.bitmap_index = 7522, .adv_w = 142, .box_w = 9, .box_h = 12, .ofs_x = 0, .ofs_y = 0},
    {.bitmap_index = 7576, .adv_w = 142, .box_w = 9, .box_h = 12, .ofs_x = 0, .ofs_y = 0},
    {.bitmap_index = 7630, .adv_w = 142, .box_w = 9, .box_h = 12, .ofs_x = 0, .ofs_y = 0},
    {.bitmap_index = 7684, .adv_w = 142, .box_w = 9, .box_h = 12, .ofs_x = 0, .ofs_y = 0},
    {.bitmap_index = 7738, .adv_w = 71, .box_w = 4, .box_h = 12, .ofs_x = 0, .ofs_y = 0},
    {.bitmap_index = 7762, .adv_w = 71, .box_w = 4, .box_h = 12, .ofs_x = 1, .ofs_y = 0},
    {.bitmap_index = 7786, .adv_w = 71, .box_w = 6, .box_h = 12, .ofs_x = -1, .ofs_y = 0},
    {.bitmap_index = 7822, .adv_w = 71, .box_w = 5, .box_h = 12, .ofs_x = 0, .ofs_y = 0},
    {.bitmap_index = 7852, .adv_w = 142, .box_w = 9, .box_h = 12, .ofs_x = 0, .ofs_y = 0},
    {.bitmap_index = 7906, .adv_w = 142, .box_w = 7, .box_h = 12, .ofs_x = 1, .ofs_y = 0},
    {.bitmap_index = 7948, .adv_w = 142, .box_w = 9, .box_h = 12, .ofs_x = 0, .ofs_y = 0},
    {.bitmap_index = 8002, .adv_w = 142, .box_w = 9, .box_h = 12, .ofs_x = 0, .ofs_y = 0},
    {.bitmap_index = 8056, .adv_w = 142, .box_w = 9, .box_h = 12, .ofs_x = 0, .ofs_y = 0},
    {.bitmap_index = 8110, .adv_w = 142, .box_w = 9, .box_h = 12, .ofs_x = 0, .ofs_y = 0},
    {.bitmap_index = 8164, .adv_w = 142, .box_w = 9, .box_h = 12, .ofs_x = 0, .ofs_y = 0},
    {.bitmap_index = 8218, .adv_w = 141, .box_w = 9, .box_h = 7, .ofs_x = 0, .ofs_y = 3},
    {.bitmap_index = 8250, .adv_w = 156, .box_w = 8, .box_h = 11, .ofs_x = 1, .ofs_y = -1},
    {.bitmap_index = 8294, .adv_w = 142, .box_w = 7, .box_h = 12, .ofs_x = 1, .ofs_y = 0},
    {.bitmap_index = 8336, .adv_w = 142, .box_w = 7, .box_h = 12, .ofs_x = 1, .ofs_y = 0},
    {.bitmap_index = 8378, .adv_w = 142, .box_w = 7, .box_h = 12, .ofs_x = 1, .ofs_y = 0},
    {.bitmap_index = 8420, .adv_w = 142, .box_w = 7, .box_h = 12, .ofs_x = 1, .ofs_y = 0},
    {.bitmap_index = 8462, .adv_w = 128, .box_w = 8, .box_h = 15, .ofs_x = 0, .ofs_y = -3},
    {.bitmap_index = 8522, .adv_w = 142, .box_w = 8, .box_h = 15, .ofs_x = 1, .ofs_y = -3},
    {.bitmap_index = 8582, .adv_w = 128, .box_w = 8, .box_h = 15, .ofs_x = 0, .ofs_y = -3},
    {.bitmap_index = 8642, .adv_w = 256, .box_w = 14, .box_h = 3, .ofs_x = 1, .ofs_y = 5},
    {.bitmap_index = 8663, .adv_w = 256, .box_w = 13, .box_h = 13, .ofs_x = 2, .ofs_y = -1},
    {.bitmap_index = 8748, .adv_w = 256, .box_w = 16, .box_h = 14, .ofs_x = 0, .ofs_y = -1},
    {.bitmap_index = 8860, .adv_w = 256, .box_w = 14, .box_h = 14, .ofs_x = 1, .ofs_y = -1},
    {.bitmap_index = 8958, .adv_w = 256, .box_w = 15, .box_h = 14, .ofs_x = 0, .ofs_y = -1},
    {.bitmap_index = 9063, .adv_w = 256, .box_w = 16, .box_h = 16, .ofs_x = 0, .ofs_y = -2},
    {.bitmap_index = 9191, .adv_w = 256, .box_w = 13, .box_h = 15, .ofs_x = 1, .ofs_y = -2},
    {.bitmap_index = 9289, .adv_w = 256, .box_w = 15, .box_h = 15, .ofs_x = 0, .ofs_y = -1},
    {.bitmap_index = 9402, .adv_w = 256, .box_w = 16, .box_h = 16, .ofs_x = 0, .ofs_y = -2},
    {.bitmap_index = 9530, .adv_w = 256, .box_w = 16, .box_h = 16, .ofs_x = 0, .ofs_y = -2},
    {.bitmap_index = 9658, .adv_w = 256, .box_w = 16, .box_h = 15, .ofs_x = 0, .ofs_y = -2},
    {.bitmap_index = 9778, .adv_w = 256, .box_w = 16, .box_h = 15, .ofs_x = 0, .ofs_y = -2},
    {.bitmap_index = 9898, .adv_w = 256, .box_w = 16, .box_h = 16, .ofs_x = 0, .ofs_y = -2},
    {.bitmap_index = 10026, .adv_w = 256, .box_w = 16, .box_h = 14, .ofs_x = 0, .ofs_y = -1},
    {.bitmap_index = 10138, .adv_w = 256, .box_w = 16, .box_h = 16, .ofs_x = 0, .ofs_y = -2},
    {.bitmap_index = 10266, .adv_w = 256, .box_w = 16, .box_h = 14, .ofs_x = 0, .ofs_y = -1},
    {.bitmap_index = 10378, .adv_w = 256, .box_w = 16, .box_h = 16, .ofs_x = 0, .ofs_y = -2},
    {.bitmap_index = 10506, .adv_w = 256, .box_w = 16, .box_h = 17, .ofs_x = 0, .ofs_y = -3},
    {.bitmap_index = 10642, .adv_w = 256, .box_w = 16, .box_h = 15, .ofs_x = 0, .ofs_y = -2},
    {.bitmap_index = 10762, .adv_w = 256, .box_w = 16, .box_h = 15, .ofs_x = 0, .ofs_y = -2},
    {.bitmap_index = 10882, .adv_w = 256, .box_w = 16, .box_h = 15, .ofs_x = 0, .ofs_y = -2},
    {.bitmap_index = 11002, .adv_w = 256, .box_w = 16, .box_h = 15, .ofs_x = 0, .ofs_y = -2},
    {.bitmap_index = 11122, .adv_w = 256, .box_w = 14, .box_h = 16, .ofs_x = 1, .ofs_y = -2},
    {.bitmap_index = 11234, .adv_w = 256, .box_w = 14, .box_h = 14, .ofs_x = 1, .ofs_y = -2},
    {.bitmap_index = 11332, .adv_w = 256, .box_w = 16, .box_h = 16, .ofs_x = 0, .ofs_y = -2},
    {.bitmap_index = 11460, .adv_w = 256, .box_w = 13, .box_h = 15, .ofs_x = 1, .ofs_y = -2},
    {.bitmap_index = 11558, .adv_w = 256, .box_w = 15, .box_h = 16, .ofs_x = 1, .ofs_y = -2},
    {.bitmap_index = 11678, .adv_w = 256, .box_w = 15, .box_h = 14, .ofs_x = 0, .ofs_y = -2},
    {.bitmap_index = 11783, .adv_w = 256, .box_w = 16, .box_h = 14, .ofs_x = 0, .ofs_y = -2},
    {.bitmap_index = 11895, .adv_w = 256, .box_w = 15, .box_h = 15, .ofs_x = 0, .ofs_y = -2},
    {.bitmap_index = 12008, .adv_w = 256, .box_w = 15, .box_h = 16, .ofs_x = 0, .ofs_y = -3},
    {.bitmap_index = 12128, .adv_w = 256, .box_w = 15, .box_h = 15, .ofs_x = 0, .ofs_y = -2},
    {.bitmap_index = 12241, .adv_w = 256, .box_w = 15, .box_h = 15, .ofs_x = 0, .ofs_y = -2},
    {.bitmap_index = 12354, .adv_w = 256, .box_w = 15, .box_h = 15, .ofs_x = 0, .ofs_y = -2},
    {.bitmap_index = 12467, .adv_w = 256, .box_w = 15, .box_h = 15, .ofs_x = 0, .ofs_y = -2},
    {.bitmap_index = 12580, .adv_w = 256, .box_w = 16, .box_h = 15, .ofs_x = 0, .ofs_y = -2},
    {.bitmap_index = 12700, .adv_w = 256, .box_w = 16, .box_h = 15, .ofs_x = 0, .ofs_y = -2},
    {.bitmap_index = 12820, .adv_w = 256, .box_w = 16, .box_h = 15, .ofs_x = 0, .ofs_y = -2},
    {.bitmap_index = 12940, .adv_w = 256, .box_w = 16, .box_h = 16, .ofs_x = 0, .ofs_y = -2},
    {.bitmap_index = 13068, .adv_w = 256, .box_w = 15, .box_h = 16, .ofs_x = 0, .ofs_y = -2},
    {.bitmap_index = 13188, .adv_w = 256, .box_w = 14, .box_h = 14, .ofs_x = 1, .ofs_y = -1},
    {.bitmap_index = 13286, .adv_w = 256, .box_w = 14, .box_h = 14, .ofs_x = 1, .ofs_y = -2},
    {.bitmap_index = 13384, .adv_w = 256, .box_w = 15, .box_h = 15, .ofs_x = 0, .ofs_y = -2},
    {.bitmap_index = 13497, .adv_w = 256, .box_w = 15, .box_h = 16, .ofs_x = 0, .ofs_y = -3},
    {.bitmap_index = 13617, .adv_w = 256, .box_w = 15, .box_h = 15, .ofs_x = 0, .ofs_y = -2},
    {.bitmap_index = 13730, .adv_w = 256, .box_w = 16, .box_h = 15, .ofs_x = 0, .ofs_y = -2},
    {.bitmap_index = 13850, .adv_w = 256, .box_w = 12, .box_h = 12, .ofs_x = 2, .ofs_y = -1},
    {.bitmap_index = 13922, .adv_w = 256, .box_w = 15, .box_h = 14, .ofs_x = 0, .ofs_y = -2},
    {.bitmap_index = 14027, .adv_w = 256, .box_w = 14, .box_h = 17, .ofs_x = 0, .ofs_y = -3},
    {.bitmap_index = 14146, .adv_w = 256, .box_w = 14, .box_h = 16, .ofs_x = 0, .ofs_y = -2},
    {.bitmap_index = 14258, .adv_w = 256, .box_w = 15, .box_h = 14, .ofs_x = 0, .ofs_y = -1},
    {.bitmap_index = 14363, .adv_w = 256, .box_w = 16, .box_h = 16, .ofs_x = 0, .ofs_y = -2},
    {.bitmap_index = 14491, .adv_w = 256, .box_w = 16, .box_h = 14, .ofs_x = 0, .ofs_y = -2},
    {.bitmap_index = 14603, .adv_w = 256, .box_w = 15, .box_h = 15, .ofs_x = 1, .ofs_y = -2},
    {.bitmap_index = 14716, .adv_w = 256, .box_w = 15, .box_h = 16, .ofs_x = 1, .ofs_y = -2},
    {.bitmap_index = 14836, .adv_w = 256, .box_w = 16, .box_h = 15, .ofs_x = 0, .ofs_y = -2},
    {.bitmap_index = 14956, .adv_w = 256, .box_w = 14, .box_h = 14, .ofs_x = 1, .ofs_y = -2},
    {.bitmap_index = 15054, .adv_w = 256, .box_w = 16, .box_h = 15, .ofs_x = 0, .ofs_y = -2},
    {.bitmap_index = 15174, .adv_w = 256, .box_w = 16, .box_h = 14, .ofs_x = 0, .ofs_y = -1},
    {.bitmap_index = 15286, .adv_w = 256, .box_w = 16, .box_h = 14, .ofs_x = 0, .ofs_y = -1},
    {.bitmap_index = 15398, .adv_w = 256, .box_w = 16, .box_h = 16, .ofs_x = 0, .ofs_y = -2},
    {.bitmap_index = 15526, .adv_w = 256, .box_w = 16, .box_h = 16, .ofs_x = 0, .ofs_y = -2},
    {.bitmap_index = 15654, .adv_w = 256, .box_w = 16, .box_h = 15, .ofs_x = 0, .ofs_y = -2},
    {.bitmap_index = 15774, .adv_w = 256, .box_w = 16, .box_h = 15, .ofs_x = 0, .ofs_y = -2},
    {.bitmap_index = 15894, .adv_w = 256, .box_w = 16, .box_h = 17, .ofs_x = 0, .ofs_y = -3},
    {.bitmap_index = 16030, .adv_w = 256, .box_w = 16, .box_h = 16, .ofs_x = 0, .ofs_y = -2},
    {.bitmap_index = 16158, .adv_w = 256, .box_w = 16, .box_h = 16, .ofs_x = 0, .ofs_y = -2},
    {.bitmap_index = 16286, .adv_w = 256, .box_w = 16, .box_h = 16, .ofs_x = 0, .ofs_y = -2},
    {.bitmap_index = 16414, .adv_w = 256, .box_w = 16, .box_h = 15, .ofs_x = 0, .ofs_y = -2},
    {.bitmap_index = 16534, .adv_w = 256, .box_w = 15, .box_h = 16, .ofs_x = 0, .ofs_y = -2},
    {.bitmap_index = 16654, .adv_w = 256, .box_w = 16, .box_h = 16, .ofs_x = 0, .ofs_y = -3},
    {.bitmap_index = 16782, .adv_w = 256, .box_w = 16, .box_h = 16, .ofs_x = 0, .ofs_y = -2},
    {.bitmap_index = 16910, .adv_w = 256, .box_w = 14, .box_h = 15, .ofs_x = 1, .ofs_y = -2},
    {.bitmap_index = 17015, .adv_w = 256, .box_w = 16, .box_h = 14, .ofs_x = 0, .ofs_y = -2},
    {.bitmap_index = 17127, .adv_w = 256, .box_w = 14, .box_h = 14, .ofs_x = 1, .ofs_y = -1},
    {.bitmap_index = 17225, .adv_w = 256, .box_w = 14, .box_h = 15, .ofs_x = 1, .ofs_y = -2},
    {.bitmap_index = 17330, .adv_w = 256, .box_w = 16, .box_h = 16, .ofs_x = 0, .ofs_y = -2},
    {.bitmap_index = 17458, .adv_w = 256, .box_w = 15, .box_h = 16, .ofs_x = 0, .ofs_y = -2},
    {.bitmap_index = 17578, .adv_w = 256, .box_w = 16, .box_h = 15, .ofs_x = 0, .ofs_y = -2},
    {.bitmap_index = 17698, .adv_w = 256, .box_w = 16, .box_h = 14, .ofs_x = 0, .ofs_y = -1},
    {.bitmap_index = 17810, .adv_w = 256, .box_w = 16, .box_h = 14, .ofs_x = 0, .ofs_y = -2},
    {.bitmap_index = 17922, .adv_w = 256, .box_w = 15, .box_h = 15, .ofs_x = 0, .ofs_y = -2},
    {.bitmap_index = 18035, .adv_w = 256, .box_w = 16, .box_h = 15, .ofs_x = 0, .ofs_y = -2},
    {.bitmap_index = 18155, .adv_w = 256, .box_w = 16, .box_h = 15, .ofs_x = 0, .ofs_y = -2},
    {.bitmap_index = 18275, .adv_w = 256, .box_w = 16, .box_h = 15, .ofs_x = 0, .ofs_y = -1},
    {.bitmap_index = 18395, .adv_w = 256, .box_w = 16, .box_h = 15, .ofs_x = 0, .ofs_y = -1},
    {.bitmap_index = 18515, .adv_w = 256, .box_w = 16, .box_h = 14, .ofs_x = 0, .ofs_y = -1},
    {.bitmap_index = 18627, .adv_w = 256, .box_w = 16, .box_h = 15, .ofs_x = 0, .ofs_y = -2},
    {.bitmap_index = 18747, .adv_w = 256, .box_w = 16, .box_h = 15, .ofs_x = 0, .ofs_y = -1},
    {.bitmap_index = 18867, .adv_w = 256, .box_w = 16, .box_h = 16, .ofs_x = 0, .ofs_y = -2},
    {.bitmap_index = 18995, .adv_w = 256, .box_w = 15, .box_h = 16, .ofs_x = 1, .ofs_y = -2},
    {.bitmap_index = 19115, .adv_w = 256, .box_w = 15, .box_h = 15, .ofs_x = 0, .ofs_y = -2},
    {.bitmap_index = 19228, .adv_w = 256, .box_w = 16, .box_h = 15, .ofs_x = 0, .ofs_y = -2},
    {.bitmap_index = 19348, .adv_w = 256, .box_w = 15, .box_h = 15, .ofs_x = 0, .ofs_y = -2},
    {.bitmap_index = 19461, .adv_w = 256, .box_w = 15, .box_h = 15, .ofs_x = 0, .ofs_y = -1},
    {.bitmap_index = 19574, .adv_w = 256, .box_w = 16, .box_h = 15, .ofs_x = 0, .ofs_y = -2},
    {.bitmap_index = 19694, .adv_w = 256, .box_w = 16, .box_h = 16, .ofs_x = 0, .ofs_y = -2},
    {.bitmap_index = 19822, .adv_w = 256, .box_w = 16, .box_h = 15, .ofs_x = 0, .ofs_y = -2},
    {.bitmap_index = 19942, .adv_w = 256, .box_w = 16, .box_h = 16, .ofs_x = 0, .ofs_y = -3},
    {.bitmap_index = 20070, .adv_w = 256, .box_w = 16, .box_h = 16, .ofs_x = 0, .ofs_y = -2},
    {.bitmap_index = 20198, .adv_w = 256, .box_w = 16, .box_h = 16, .ofs_x = 0, .ofs_y = -2},
    {.bitmap_index = 20326, .adv_w = 256, .box_w = 16, .box_h = 16, .ofs_x = 0, .ofs_y = -3},
    {.bitmap_index = 20454, .adv_w = 256, .box_w = 16, .box_h = 16, .ofs_x = 0, .ofs_y = -2},
    {.bitmap_index = 20582, .adv_w = 256, .box_w = 16, .box_h = 16, .ofs_x = 0, .ofs_y = -3},
    {.bitmap_index = 20710, .adv_w = 256, .box_w = 16, .box_h = 16, .ofs_x = 0, .ofs_y = -2},
    {.bitmap_index = 20838, .adv_w = 256, .box_w = 16, .box_h = 15, .ofs_x = 0, .ofs_y = -2},
    {.bitmap_index = 20958, .adv_w = 256, .box_w = 16, .box_h = 16, .ofs_x = 0, .ofs_y = -2},
    {.bitmap_index = 21086, .adv_w = 256, .box_w = 16, .box_h = 15, .ofs_x = 0, .ofs_y = -2},
    {.bitmap_index = 21206, .adv_w = 256, .box_w = 16, .box_h = 16, .ofs_x = 0, .ofs_y = -3},
    {.bitmap_index = 21334, .adv_w = 256, .box_w = 15, .box_h = 16, .ofs_x = 0, .ofs_y = -2},
    {.bitmap_index = 21454, .adv_w = 256, .box_w = 16, .box_h = 15, .ofs_x = 0, .ofs_y = -2},
    {.bitmap_index = 21574, .adv_w = 256, .box_w = 15, .box_h = 15, .ofs_x = 1, .ofs_y = -2},
    {.bitmap_index = 21687, .adv_w = 256, .box_w = 16, .box_h = 15, .ofs_x = 0, .ofs_y = -2},
    {.bitmap_index = 21807, .adv_w = 256, .box_w = 14, .box_h = 14, .ofs_x = 1, .ofs_y = -1},
    {.bitmap_index = 21905, .adv_w = 256, .box_w = 15, .box_h = 14, .ofs_x = 1, .ofs_y = -1},
    {.bitmap_index = 22010, .adv_w = 256, .box_w = 16, .box_h = 16, .ofs_x = 0, .ofs_y = -2},
    {.bitmap_index = 22138, .adv_w = 256, .box_w = 16, .box_h = 14, .ofs_x = 0, .ofs_y = -1},
    {.bitmap_index = 22250, .adv_w = 256, .box_w = 15, .box_h = 15, .ofs_x = 0, .ofs_y = -2},
    {.bitmap_index = 22363, .adv_w = 256, .box_w = 16, .box_h = 15, .ofs_x = 0, .ofs_y = -2},
    {.bitmap_index = 22483, .adv_w = 256, .box_w = 16, .box_h = 14, .ofs_x = 0, .ofs_y = -1},
    {.bitmap_index = 22595, .adv_w = 256, .box_w = 16, .box_h = 14, .ofs_x = 0, .ofs_y = -1},
    {.bitmap_index = 22707, .adv_w = 256, .box_w = 16, .box_h = 16, .ofs_x = 0, .ofs_y = -2},
    {.bitmap_index = 22835, .adv_w = 256, .box_w = 16, .box_h = 16, .ofs_x = 0, .ofs_y = -2},
    {.bitmap_index = 22963, .adv_w = 256, .box_w = 15, .box_h = 15, .ofs_x = 0, .ofs_y = -2},
    {.bitmap_index = 23076, .adv_w = 256, .box_w = 16, .box_h = 15, .ofs_x = 0, .ofs_y = -2},
    {.bitmap_index = 23196, .adv_w = 256, .box_w = 16, .box_h = 15, .ofs_x = 0, .ofs_y = -2},
    {.bitmap_index = 23316, .adv_w = 256, .box_w = 16, .box_h = 15, .ofs_x = 0, .ofs_y = -2},
    {.bitmap_index = 23436, .adv_w = 256, .box_w = 15, .box_h = 13, .ofs_x = 0, .ofs_y = -1},
    {.bitmap_index = 23534, .adv_w = 256, .box_w = 15, .box_h = 13, .ofs_x = 0, .ofs_y = -1},
    {.bitmap_index = 23632, .adv_w = 256, .box_w = 15, .box_h = 15, .ofs_x = 0, .ofs_y = -2},
    {.bitmap_index = 23745, .adv_w = 256, .box_w = 16, .box_h = 16, .ofs_x = 0, .ofs_y = -2},
    {.bitmap_index = 23873, .adv_w = 256, .box_w = 16, .box_h = 15, .ofs_x = 0, .ofs_y = -2},
    {.bitmap_index = 23993, .adv_w = 256, .box_w = 15, .box_h = 15, .ofs_x = 0, .ofs_y = -2},
    {.bitmap_index = 24106, .adv_w = 256, .box_w = 15, .box_h = 15, .ofs_x = 0, .ofs_y = -2},
    {.bitmap_index = 24219, .adv_w = 256, .box_w = 16, .box_h = 16, .ofs_x = 0, .ofs_y = -3},
    {.bitmap_index = 24347, .adv_w = 256, .box_w = 16, .box_h = 15, .ofs_x = 0, .ofs_y = -2},
    {.bitmap_index = 24467, .adv_w = 256, .box_w = 16, .box_h = 16, .ofs_x = 0, .ofs_y = -2},
    {.bitmap_index = 24595, .adv_w = 256, .box_w = 16, .box_h = 15, .ofs_x = 0, .ofs_y = -2},
    {.bitmap_index = 24715, .adv_w = 256, .box_w = 16, .box_h = 15, .ofs_x = 0, .ofs_y = -2},
    {.bitmap_index = 24835, .adv_w = 256, .box_w = 16, .box_h = 16, .ofs_x = 0, .ofs_y = -2},
    {.bitmap_index = 24963, .adv_w = 256, .box_w = 16, .box_h = 16, .ofs_x = 0, .ofs_y = -2},
    {.bitmap_index = 25091, .adv_w = 256, .box_w = 16, .box_h = 16, .ofs_x = 0, .ofs_y = -2},
    {.bitmap_index = 25219, .adv_w = 256, .box_w = 16, .box_h = 14, .ofs_x = 0, .ofs_y = -2},
    {.bitmap_index = 25331, .adv_w = 256, .box_w = 16, .box_h = 15, .ofs_x = 0, .ofs_y = -2},
    {.bitmap_index = 25451, .adv_w = 256, .box_w = 16, .box_h = 15, .ofs_x = 0, .ofs_y = -2},
    {.bitmap_index = 25571, .adv_w = 256, .box_w = 16, .box_h = 14, .ofs_x = 0, .ofs_y = -2},
    {.bitmap_index = 25683, .adv_w = 256, .box_w = 16, .box_h = 15, .ofs_x = 0, .ofs_y = -3},
    {.bitmap_index = 25803, .adv_w = 256, .box_w = 14, .box_h = 14, .ofs_x = 0, .ofs_y = -2},
    {.bitmap_index = 25901, .adv_w = 256, .box_w = 14, .box_h = 15, .ofs_x = 1, .ofs_y = -2},
    {.bitmap_index = 26006, .adv_w = 256, .box_w = 16, .box_h = 14, .ofs_x = 0, .ofs_y = -2},
    {.bitmap_index = 26118, .adv_w = 256, .box_w = 16, .box_h = 15, .ofs_x = 0, .ofs_y = -2},
    {.bitmap_index = 26238, .adv_w = 256, .box_w = 14, .box_h = 16, .ofs_x = 1, .ofs_y = -2},
    {.bitmap_index = 26350, .adv_w = 256, .box_w = 12, .box_h = 13, .ofs_x = 2, .ofs_y = -1},
    {.bitmap_index = 26428, .adv_w = 256, .box_w = 16, .box_h = 15, .ofs_x = 0, .ofs_y = -2},
    {.bitmap_index = 26548, .adv_w = 256, .box_w = 15, .box_h = 16, .ofs_x = 0, .ofs_y = -2},
    {.bitmap_index = 26668, .adv_w = 256, .box_w = 16, .box_h = 16, .ofs_x = 0, .ofs_y = -2},
    {.bitmap_index = 26796, .adv_w = 256, .box_w = 16, .box_h = 15, .ofs_x = 0, .ofs_y = -2},
    {.bitmap_index = 26916, .adv_w = 256, .box_w = 14, .box_h = 17, .ofs_x = 1, .ofs_y = -3},
    {.bitmap_index = 27035, .adv_w = 256, .box_w = 16, .box_h = 15, .ofs_x = 0, .ofs_y = -2},
    {.bitmap_index = 27155, .adv_w = 256, .box_w = 16, .box_h = 16, .ofs_x = 0, .ofs_y = -2},
    {.bitmap_index = 27283, .adv_w = 256, .box_w = 16, .box_h = 17, .ofs_x = 0, .ofs_y = -3},
    {.bitmap_index = 27419, .adv_w = 256, .box_w = 15, .box_h = 16, .ofs_x = 1, .ofs_y = -2},
    {.bitmap_index = 27539, .adv_w = 256, .box_w = 16, .box_h = 15, .ofs_x = 0, .ofs_y = -1},
    {.bitmap_index = 27659, .adv_w = 256, .box_w = 15, .box_h = 16, .ofs_x = 0, .ofs_y = -3},
    {.bitmap_index = 27779, .adv_w = 256, .box_w = 15, .box_h = 17, .ofs_x = 0, .ofs_y = -3},
    {.bitmap_index = 27907, .adv_w = 256, .box_w = 16, .box_h = 16, .ofs_x = 0, .ofs_y = -3},
    {.bitmap_index = 28035, .adv_w = 256, .box_w = 16, .box_h = 15, .ofs_x = 0, .ofs_y = -2},
    {.bitmap_index = 28155, .adv_w = 256, .box_w = 15, .box_h = 16, .ofs_x = 0, .ofs_y = -2},
    {.bitmap_index = 28275, .adv_w = 256, .box_w = 16, .box_h = 15, .ofs_x = 0, .ofs_y = -2},
    {.bitmap_index = 28395, .adv_w = 256, .box_w = 15, .box_h = 15, .ofs_x = 0, .ofs_y = -2},
    {.bitmap_index = 28508, .adv_w = 256, .box_w = 16, .box_h = 15, .ofs_x = 0, .ofs_y = -2},
    {.bitmap_index = 28628, .adv_w = 256, .box_w = 16, .box_h = 16, .ofs_x = 0, .ofs_y = -3},
    {.bitmap_index = 28756, .adv_w = 256, .box_w = 16, .box_h = 14, .ofs_x = 0, .ofs_y = -1},
    {.bitmap_index = 28868, .adv_w = 256, .box_w = 16, .box_h = 15, .ofs_x = 0, .ofs_y = -2},
    {.bitmap_index = 28988, .adv_w = 256, .box_w = 15, .box_h = 14, .ofs_x = 1, .ofs_y = -2},
    {.bitmap_index = 29093, .adv_w = 256, .box_w = 15, .box_h = 13, .ofs_x = 1, .ofs_y = -1},
    {.bitmap_index = 29191, .adv_w = 256, .box_w = 16, .box_h = 15, .ofs_x = 0, .ofs_y = -2},
    {.bitmap_index = 29311, .adv_w = 256, .box_w = 12, .box_h = 15, .ofs_x = 2, .ofs_y = -1},
    {.bitmap_index = 29401, .adv_w = 256, .box_w = 16, .box_h = 15, .ofs_x = 0, .ofs_y = -2},
    {.bitmap_index = 29521, .adv_w = 256, .box_w = 15, .box_h = 16, .ofs_x = 0, .ofs_y = -2},
    {.bitmap_index = 29641, .adv_w = 256, .box_w = 16, .box_h = 16, .ofs_x = 0, .ofs_y = -2},
    {.bitmap_index = 29769, .adv_w = 256, .box_w = 16, .box_h = 15, .ofs_x = 0, .ofs_y = -2},
    {.bitmap_index = 29889, .adv_w = 256, .box_w = 14, .box_h = 15, .ofs_x = 1, .ofs_y = -2},
    {.bitmap_index = 29994, .adv_w = 256, .box_w = 14, .box_h = 15, .ofs_x = 1, .ofs_y = -1},
    {.bitmap_index = 30099, .adv_w = 256, .box_w = 16, .box_h = 16, .ofs_x = 0, .ofs_y = -2},
    {.bitmap_index = 30227, .adv_w = 256, .box_w = 16, .box_h = 16, .ofs_x = 0, .ofs_y = -2},
    {.bitmap_index = 30355, .adv_w = 256, .box_w = 16, .box_h = 16, .ofs_x = 0, .ofs_y = -2},
    {.bitmap_index = 30483, .adv_w = 256, .box_w = 16, .box_h = 14, .ofs_x = 0, .ofs_y = -1},
    {.bitmap_index = 30595, .adv_w = 256, .box_w = 16, .box_h = 15, .ofs_x = 0, .ofs_y = -2},
    {.bitmap_index = 30715, .adv_w = 256, .box_w = 16, .box_h = 15, .ofs_x = 0, .ofs_y = -2},
    {.bitmap_index = 30835, .adv_w = 256, .box_w = 16, .box_h = 16, .ofs_x = 0, .ofs_y = -3},
    {.bitmap_index = 30963, .adv_w = 256, .box_w = 16, .box_h = 16, .ofs_x = 0, .ofs_y = -2},
    {.bitmap_index = 31091, .adv_w = 256, .box_w = 16, .box_h = 15, .ofs_x = 0, .ofs_y = -2},
    {.bitmap_index = 31211, .adv_w = 256, .box_w = 16, .box_h = 16, .ofs_x = 0, .ofs_y = -2},
    {.bitmap_index = 31339, .adv_w = 256, .box_w = 16, .box_h = 16, .ofs_x = 0, .ofs_y = -2},
    {.bitmap_index = 31467, .adv_w = 256, .box_w = 16, .box_h = 16, .ofs_x = 0, .ofs_y = -3},
    {.bitmap_index = 31595, .adv_w = 256, .box_w = 16, .box_h = 15, .ofs_x = 0, .ofs_y = -2},
    {.bitmap_index = 31715, .adv_w = 256, .box_w = 16, .box_h = 16, .ofs_x = 0, .ofs_y = -2},
    {.bitmap_index = 31843, .adv_w = 256, .box_w = 16, .box_h = 14, .ofs_x = 0, .ofs_y = -1},
    {.bitmap_index = 31955, .adv_w = 256, .box_w = 16, .box_h = 15, .ofs_x = 0, .ofs_y = -2},
    {.bitmap_index = 32075, .adv_w = 256, .box_w = 16, .box_h = 17, .ofs_x = 0, .ofs_y = -3},
    {.bitmap_index = 32211, .adv_w = 256, .box_w = 15, .box_h = 17, .ofs_x = 1, .ofs_y = -3},
    {.bitmap_index = 32339, .adv_w = 256, .box_w = 15, .box_h = 16, .ofs_x = 0, .ofs_y = -2},
    {.bitmap_index = 32459, .adv_w = 256, .box_w = 16, .box_h = 16, .ofs_x = 0, .ofs_y = -2},
    {.bitmap_index = 32587, .adv_w = 256, .box_w = 16, .box_h = 15, .ofs_x = 0, .ofs_y = -2},
    {.bitmap_index = 32707, .adv_w = 256, .box_w = 15, .box_h = 15, .ofs_x = 0, .ofs_y = -2},
    {.bitmap_index = 32820, .adv_w = 256, .box_w = 16, .box_h = 14, .ofs_x = 0, .ofs_y = -1},
    {.bitmap_index = 32932, .adv_w = 256, .box_w = 16, .box_h = 15, .ofs_x = 0, .ofs_y = -2},
    {.bitmap_index = 33052, .adv_w = 256, .box_w = 16, .box_h = 15, .ofs_x = 0, .ofs_y = -2},
    {.bitmap_index = 33172, .adv_w = 256, .box_w = 16, .box_h = 14, .ofs_x = 0, .ofs_y = -1},
    {.bitmap_index = 33284, .adv_w = 256, .box_w = 15, .box_h = 15, .ofs_x = 0, .ofs_y = -1},
    {.bitmap_index = 33397, .adv_w = 256, .box_w = 16, .box_h = 16, .ofs_x = 0, .ofs_y = -2},
    {.bitmap_index = 33525, .adv_w = 256, .box_w = 16, .box_h = 16, .ofs_x = 0, .ofs_y = -2},
    {.bitmap_index = 33653, .adv_w = 256, .box_w = 16, .box_h = 14, .ofs_x = 0, .ofs_y = -1},
    {.bitmap_index = 33765, .adv_w = 256, .box_w = 15, .box_h = 16, .ofs_x = 1, .ofs_y = -2},
    {.bitmap_index = 33885, .adv_w = 256, .box_w = 16, .box_h = 15, .ofs_x = 0, .ofs_y = -2},
    {.bitmap_index = 34005, .adv_w = 256, .box_w = 15, .box_h = 14, .ofs_x = 0, .ofs_y = -1},
    {.bitmap_index = 34110, .adv_w = 256, .box_w = 16, .box_h = 16, .ofs_x = 0, .ofs_y = -2},
    {.bitmap_index = 34238, .adv_w = 256, .box_w = 16, .box_h = 16, .ofs_x = 0, .ofs_y = -2},
    {.bitmap_index = 34366, .adv_w = 256, .box_w = 15, .box_h = 15, .ofs_x = 0, .ofs_y = -2},
    {.bitmap_index = 34479, .adv_w = 256, .box_w = 16, .box_h = 15, .ofs_x = 0, .ofs_y = -2},
    {.bitmap_index = 34599, .adv_w = 256, .box_w = 14, .box_h = 14, .ofs_x = 1, .ofs_y = -2},
    {.bitmap_index = 34697, .adv_w = 256, .box_w = 14, .box_h = 13, .ofs_x = 1, .ofs_y = -1},
    {.bitmap_index = 34788, .adv_w = 256, .box_w = 14, .box_h = 14, .ofs_x = 1, .ofs_y = -1},
    {.bitmap_index = 34886, .adv_w = 256, .box_w = 14, .box_h = 15, .ofs_x = 1, .ofs_y = -2},
    {.bitmap_index = 34991, .adv_w = 256, .box_w = 14, .box_h = 16, .ofs_x = 1, .ofs_y = -2},
    {.bitmap_index = 35103, .adv_w = 256, .box_w = 15, .box_h = 17, .ofs_x = 1, .ofs_y = -3},
    {.bitmap_index = 35231, .adv_w = 256, .box_w = 16, .box_h = 16, .ofs_x = 0, .ofs_y = -2},
    {.bitmap_index = 35359, .adv_w = 256, .box_w = 14, .box_h = 15, .ofs_x = 1, .ofs_y = -2},
    {.bitmap_index = 35464, .adv_w = 256, .box_w = 16, .box_h = 16, .ofs_x = 0, .ofs_y = -3},
    {.bitmap_index = 35592, .adv_w = 256, .box_w = 16, .box_h = 15, .ofs_x = 0, .ofs_y = -2},
    {.bitmap_index = 35712, .adv_w = 256, .box_w = 16, .box_h = 16, .ofs_x = 0, .ofs_y = -2},
    {.bitmap_index = 35840, .adv_w = 256, .box_w = 16, .box_h = 15, .ofs_x = 0, .ofs_y = -2},
    {.bitmap_index = 35960, .adv_w = 256, .box_w = 16, .box_h = 15, .ofs_x = 0, .ofs_y = -2},
    {.bitmap_index = 36080, .adv_w = 256, .box_w = 6, .box_h = 14, .ofs_x = 9, .ofs_y = -1},
    {.bitmap_index = 36122, .adv_w = 256, .box_w = 6, .box_h = 14, .ofs_x = 1, .ofs_y = -1},
    {.bitmap_index = 36164, .adv_w = 256, .box_w = 4, .box_h = 6, .ofs_x = 1, .ofs_y = -3},
    {.bitmap_index = 36176, .adv_w = 256, .box_w = 7, .box_h = 12, .ofs_x = 2, .ofs_y = 0}
};

/*---------------------
 *  CHARACTER MAPPING
 *--------------------*/

static const uint16_t unicode_list_2[] = {
    0x0, 0x23f, 0x2de4, 0x2de5, 0x2de7, 0x2e00, 0x2e07, 0x2e15,
    0x2ebe, 0x2ed0, 0x2ed5, 0x2f27, 0x2f28, 0x2f2d, 0x2f33, 0x2fb7,
    0x3036, 0x310c, 0x3122, 0x3123, 0x313f, 0x3142, 0x314d, 0x3173,
    0x3191, 0x31d4, 0x31e0, 0x31e1, 0x31f1, 0x31fa, 0x3204, 0x320a,
    0x3210, 0x3243, 0x327a, 0x327b, 0x3282, 0x32af, 0x32b3, 0x332f,
    0x334a, 0x334d, 0x334e, 0x3355, 0x33ab, 0x33b0, 0x33bd, 0x33c9,
    0x33e7, 0x3409, 0x3466, 0x3539, 0x3588, 0x3591, 0x360e, 0x364e,
    0x36b8, 0x3702, 0x370a, 0x371a, 0x37b9, 0x37ba, 0x3845, 0x390b,
    0x39a5, 0x3b32, 0x3b66, 0x3b74, 0x3ba0, 0x3bc5, 0x3be0, 0x3be1,
    0x3be9, 0x3c29, 0x3dcc, 0x3e12, 0x3e50, 0x3e64, 0x3e80, 0x3eda,
    0x3edc, 0x3f2c, 0x3f5f, 0x3f71, 0x3fdb, 0x3fff, 0x4049, 0x409f,
    0x4125, 0x41ea, 0x41f0, 0x421a, 0x422d, 0x4245, 0x4297, 0x42e1,
    0x42fe, 0x433c, 0x435d, 0x437f, 0x4381, 0x43a9, 0x43b5, 0x44ba,
    0x4518, 0x4531, 0x4561, 0x4573, 0x458a, 0x4593, 0x45ba, 0x45d0,
    0x461c, 0x465c, 0x4685, 0x46e3, 0x4704, 0x4706, 0x4714, 0x47bf,
    0x47e1, 0x4822, 0x489a, 0x49f3, 0x4a39, 0x4a6e, 0x4a7c, 0x4b3c,
    0x4b3d, 0x4b52, 0x4c12, 0x4c6c, 0x4c7b, 0x4caf, 0x4d62, 0x4e03,
    0x4e85, 0x5093, 0x50c7, 0x50fb, 0x515e, 0x518b, 0x5222, 0x5290,
    0x529a, 0x538a, 0x53d8, 0x5502, 0x5533, 0x554a, 0x5656, 0x565e,
    0x56c8, 0x57db, 0x5848, 0x5894, 0x5896, 0x5995, 0x59ac, 0x59d5,
    0x5a0b, 0x5a54, 0x5aa5, 0x5ac9, 0x5b5a, 0x5d8c, 0x5db4, 0x5e1b,
    0x5e56, 0x5e66, 0x5e99, 0x5eb6, 0x5ec1, 0x5ec7, 0x5f2b, 0x5f48,
    0x60a6, 0x61c4, 0x61e1, 0x6391, 0x63b6, 0x6842, 0x689f, 0x69da,
    0x6a07, 0x6a40, 0x6a4d, 0x6a67, 0x6a78, 0x6a7e, 0x6aa5, 0x6b7e,
    0x6b98, 0x6baf, 0x6bc0, 0x6bc7, 0x6bd1, 0x6cff, 0x6d5f, 0x6dc9,
    0x6ed2, 0x6ee3, 0x6f4e, 0x6f57, 0x6fa1, 0x6faa, 0x6fb8, 0x6fda,
    0x6fdb, 0x6ffd, 0x700c, 0x7018, 0x7028, 0x7052, 0x70c2, 0x7127,
    0x71a7, 0x7309, 0x73f2, 0x7479, 0x74f3, 0x7563, 0x7565, 0x75b6,
    0x75c7, 0x75cc, 0x763e, 0x76bc, 0x76da, 0x7826, 0x7872, 0x78f2,
    0x7aae, 0x7eb8, 0xdee2, 0xdee3, 0xdee6, 0xdef9
};

/*Collect the unicode lists and glyph_id offsets*/
static const lv_font_fmt_txt_cmap_t cmaps[] =
{
    {
        .range_start = 32, .range_length = 95, .glyph_id_start = 1,
        .unicode_list = NULL, .glyph_id_ofs_list = NULL, .list_length = 0, .type = LV_FONT_FMT_TXT_CMAP_FORMAT0_TINY
    },
    {
        .range_start = 160, .range_length = 96, .glyph_id_start = 96,
        .unicode_list = NULL, .glyph_id_ofs_list = NULL, .list_length = 0, .type = LV_FONT_FMT_TXT_CMAP_FORMAT0_TINY
    },
    {
        .range_start = 8230, .range_length = 57082, .glyph_id_start = 192,
        .unicode_list = unicode_list_2, .glyph_id_ofs_list = NULL, .list_length = 238, .type = LV_FONT_FMT_TXT_CMAP_SPARSE_TINY
    }
};



/*--------------------
 *  ALL CUSTOM DATA
 *--------------------*/

#if LVGL_VERSION_MAJOR == 8
/*Store all the custom data of the font*/
static  lv_font_fmt_txt_glyph_cache_t cache;
#endif

#if LVGL_VERSION_MAJOR >= 8
static const lv_font_fmt_txt_dsc_t font_dsc = {
#else
static lv_font_fmt_txt_dsc_t font_dsc = {
#endif
    .glyph_bitmap = glyph_bitmap,
    .glyph_dsc = glyph_dsc,
    .cmaps = cmaps,
    .kern_dsc = NULL,
    .kern_scale = 0,
    .cmap_num = 3,
    .bpp = 4,
    .kern_classes = 0,
    .bitmap_format = 0,
#if LVGL_VERSION_MAJOR == 8
    .cache = &cache
#endif
};



/*-----------------
 *  PUBLIC FONT
 *----------------*/

/*Initialize a public general font descriptor*/
#if LVGL_VERSION_MAJOR >= 8
const lv_font_t font_cjk_16 = {
#else
lv_font_t font_cjk_16 = {
#endif
    .get_glyph_dsc = lv_font_get_glyph_dsc_fmt_txt,    /*Function pointer to get glyph's data*/
    .get_glyph_bitmap = lv_font_get_bitmap_fmt_txt,    /*Function pointer to get glyph's bitmap*/
    .line_height = 20,          /*The maximum line height required by the font*/
    .base_line = 4,             /*Baseline measured from the bottom of the line*/
#if !(LVGL_VERSION_MAJOR == 6 && LVGL_VERSION_MINOR == 0)
    .subpx = LV_FONT_SUBPX_NONE,
#endif
#if LV_VERSION_CHECK(7, 4, 0) || LVGL_VERSION_MAJOR >= 8
    .underline_position = -1,
    .underline_thickness = 1,
#endif
    .dsc = &font_dsc,          /*The custom font data. Will be accessed by `get_glyph_bitmap/dsc` */
#if LV_VERSION_CHECK(8, 2, 0) || LVGL_VERSION_MAJOR >= 9
    .fallback = NULL,
#endif
    .user_data = NULL,
};



#endif /*#if FONT_CJK_16*/

