/*******************************************************************************
 * Size: 14 px
 * Bpp: 4
 * Opts: --font C:\Windows\Fonts\simhei.ttf --size 14 --bpp 4 --format lvgl --lv-include lvgl.h --range 0x20-0x7F --symbols °·Éàçèéêô…≥上下不並中主令件任位低体余保停儲先光入全关写冷出分切列删刪到制剩加务动動務单印即却卻发取口可名启和啟單喷嘴噴回在地址域埠填失始存完定密寫将將小屏已常并床度开异归待得态急息情態成或所打扫抽指挤换掃接控描換擠放敗文料新方无时時暂暫有未本机查标案检標機檔檢止正歸永沒没法消温溫点热無熄熱版状狀现現用留異發的目码确確碼离秒移稱空立端简網線繁繼續线络继续网置背自與获菜表装言設試詳認語誤請认设试详语请败超路軸載轴载过运连退送連進逾過選部配重錯鐘钟错閉開關闭闲除離需題题餘體點（），？ --font C:\Windows\Fonts\arial.ttf --range 0xA0-0xFF --no-compress -o C:\Users\m9291\Desktop\Klipper-Remote-esp32-Displays\src\ui\assets\font_cjk_14.c
 ******************************************************************************/

#ifdef LV_LVGL_H_INCLUDE_SIMPLE
#include "lvgl.h"
#else
#include "lvgl.h"
#endif

#ifndef FONT_CJK_14
#define FONT_CJK_14 1
#endif

#if FONT_CJK_14

/*-----------------
 *    BITMAPS
 *----------------*/

/*Store the image of the glyphs*/
static LV_ATTRIBUTE_LARGE_CONST const uint8_t glyph_bitmap[] = {
    /* U+0020 " " */

    /* U+0021 "!" */
    0x4d, 0x14, 0xf1, 0x4f, 0x3, 0xf0, 0x2f, 0x1,
    0xe0, 0xd, 0x0, 0xc0, 0x0, 0x4, 0xb1, 0x6f,
    0x20,

    /* U+0022 "\"" */
    0x3f, 0xf, 0x22, 0xd0, 0xf0, 0x1c, 0xd, 0x0,
    0x0, 0x0,

    /* U+0023 "#" */
    0x0, 0xc1, 0x2b, 0x0, 0xd, 0x3, 0xa0, 0x0,
    0xd0, 0x58, 0xb, 0xff, 0xff, 0xf8, 0x16, 0xa2,
    0xa6, 0x10, 0x67, 0xc, 0x20, 0xaf, 0xff, 0xff,
    0x81, 0xb4, 0x2e, 0x21, 0xc, 0x11, 0xc0, 0x0,
    0xd0, 0x3a, 0x0,

    /* U+0024 "$" */
    0x0, 0x6, 0x0, 0x0, 0xc, 0x0, 0x3, 0xdf,
    0xc1, 0xd, 0x6c, 0xb9, 0xf, 0x2c, 0x48, 0xd,
    0x9c, 0x0, 0x2, 0xde, 0x30, 0x0, 0xe, 0xf5,
    0x14, 0xc, 0x8d, 0x3f, 0xc, 0x4e, 0xe, 0x7c,
    0xab, 0x4, 0xef, 0xc2, 0x0, 0xc, 0x0, 0x0,
    0x6, 0x0,

    /* U+0025 "%" */
    0x0, 0x0, 0x1, 0x3, 0xd8, 0x0, 0x70, 0x94,
    0xd0, 0x61, 0xa, 0x3d, 0x8, 0x0, 0x94, 0xd4,
    0x30, 0x3, 0xd8, 0x80, 0x0, 0x0, 0x16, 0xac,
    0x10, 0x7, 0x3b, 0x76, 0x0, 0x73, 0xa5, 0x80,
    0x52, 0x2b, 0x67, 0x7, 0x0, 0xbd, 0x10, 0x0,
    0x0, 0x0,

    /* U+0026 "&" */
    0x1, 0xcf, 0x60, 0x0, 0x99, 0x4e, 0x0, 0xa,
    0x62, 0xe0, 0x0, 0x7a, 0xc6, 0x0, 0x3, 0xf7,
    0x0, 0x1, 0xdc, 0x90, 0x61, 0x8a, 0x1f, 0x4f,
    0x29, 0x80, 0x4f, 0xd0, 0x6e, 0x32, 0xef, 0x50,
    0x8e, 0xe7, 0x54,

    /* U+0027 "'" */
    0x8a, 0x78, 0x76, 0x0,

    /* U+0028 "(" */
    0x0, 0x43, 0x2, 0xd1, 0xb, 0x40, 0x3b, 0x0,
    0x85, 0x0, 0xb1, 0x0, 0xc0, 0x0, 0xc1, 0x0,
    0xa3, 0x0, 0x58, 0x0, 0xd, 0x10, 0x5, 0xa0,
    0x0, 0x94, 0x0, 0x0,

    /* U+0029 ")" */
    0x42, 0x0, 0x3d, 0x10, 0x6, 0x80, 0x0, 0xd1,
    0x0, 0x76, 0x0, 0x48, 0x0, 0x2a, 0x0, 0x39,
    0x0, 0x57, 0x0, 0xa3, 0x2, 0xc0, 0xc, 0x30,
    0x77, 0x0, 0x0, 0x0,

    /* U+002A "*" */
    0x0, 0xf, 0x0, 0x3, 0x40, 0xf0, 0x33, 0x5e,
    0x9e, 0x9e, 0x50, 0x1c, 0xfc, 0x10, 0x3b, 0xdf,
    0xdb, 0x36, 0x80, 0xf0, 0x86, 0x0, 0xf, 0x0,
    0x0, 0x0, 0x70, 0x0,

    /* U+002B "+" */
    0x0, 0xa, 0x0, 0x0, 0x0, 0xe0, 0x0, 0x0,
    0xe, 0x0, 0xa, 0xff, 0xff, 0xf8, 0x0, 0xe,
    0x0, 0x0, 0x0, 0xe0, 0x0, 0x0, 0xe, 0x0,
    0x0,

    /* U+002C "," */
    0x41, 0xd6, 0x72, 0x40,

    /* U+002D "-" */
    0xaf, 0xff, 0xff, 0x70,

    /* U+002E "." */
    0x41, 0xe5,

    /* U+002F "/" */
    0x0, 0x0, 0x0, 0x0, 0x0, 0x0, 0x45, 0x0,
    0x0, 0xb, 0x0, 0x0, 0x5, 0x60, 0x0, 0x0,
    0xb0, 0x0, 0x0, 0x55, 0x0, 0x0, 0xb, 0x0,
    0x0, 0x6, 0x50, 0x0, 0x0, 0xb0, 0x0, 0x0,
    0x74, 0x0, 0x0, 0xa, 0x0, 0x0, 0x7, 0x30,
    0x0, 0x0, 0x20, 0x0, 0x0, 0x0,

    /* U+0030 "0" */
    0x1, 0xbf, 0xa0, 0x0, 0xca, 0x2b, 0x90, 0x3f,
    0x10, 0x2f, 0x6, 0xc0, 0x0, 0xe2, 0x8a, 0x0,
    0xd, 0x48, 0x90, 0x0, 0xc4, 0x7a, 0x0, 0xd,
    0x34, 0xe0, 0x0, 0xf1, 0xe, 0x60, 0x8c, 0x0,
    0x4f, 0xde, 0x30, 0x0, 0x14, 0x10, 0x0,

    /* U+0031 "1" */
    0x0, 0xd2, 0xb, 0xf2, 0xa7, 0xf2, 0x20, 0xf2,
    0x0, 0xf2, 0x0, 0xf2, 0x0, 0xf2, 0x0, 0xf2,
    0x0, 0xf2, 0x0, 0xf2,

    /* U+0032 "2" */
    0x0, 0x0, 0x0, 0x0, 0x4d, 0xfc, 0x30, 0x1f,
    0x61, 0x9d, 0x4, 0x70, 0x2, 0xf0, 0x0, 0x0,
    0x4e, 0x0, 0x0, 0xc, 0x70, 0x0, 0x6, 0xd0,
    0x0, 0x2, 0xe3, 0x0, 0x1, 0xd6, 0x0, 0x0,
    0xca, 0x0, 0x0, 0x4f, 0xff, 0xff, 0x30,

    /* U+0033 "3" */
    0x0, 0x14, 0x20, 0x0, 0x5e, 0xcf, 0x60, 0x1e,
    0x20, 0x5e, 0x1, 0x40, 0x1, 0xf0, 0x0, 0x0,
    0x9a, 0x0, 0x2, 0xfe, 0x10, 0x0, 0x2, 0xac,
    0x0, 0x0, 0x0, 0xf2, 0x49, 0x0, 0xf, 0x11,
    0xf7, 0x2a, 0xc0, 0x4, 0xdf, 0xb1, 0x0,

    /* U+0034 "4" */
    0x0, 0x0, 0xb6, 0x0, 0x0, 0x5f, 0x60, 0x0,
    0x1e, 0xd6, 0x0, 0x9, 0x9a, 0x60, 0x4, 0xe0,
    0xa6, 0x0, 0xd4, 0xa, 0x60, 0x8a, 0x0, 0xa6,
    0xd, 0xff, 0xff, 0xfb, 0x0, 0x0, 0xa6, 0x0,
    0x0, 0xa, 0x60,

    /* U+0035 "5" */
    0x9, 0xff, 0xfd, 0x0, 0xc4, 0x11, 0x0, 0xf,
    0x0, 0x0, 0x3, 0xfd, 0xfb, 0x20, 0x5c, 0x32,
    0xac, 0x0, 0x0, 0x1, 0xf1, 0x0, 0x0, 0xf,
    0x28, 0x50, 0x2, 0xf0, 0x5e, 0x44, 0xc9, 0x0,
    0x8f, 0xe8, 0x0,

    /* U+0036 "6" */
    0x0, 0x7, 0xc0, 0x0, 0x2, 0xf3, 0x0, 0x0,
    0xb8, 0x0, 0x0, 0x5f, 0x65, 0x0, 0xd, 0xd8,
    0xbd, 0x4, 0xf0, 0x0, 0xc7, 0x6b, 0x0, 0x9,
    0x95, 0xc0, 0x0, 0xb8, 0x1f, 0x71, 0x5f, 0x30,
    0x3c, 0xfe, 0x50,

    /* U+0037 "7" */
    0x6f, 0xff, 0xff, 0x70, 0x11, 0x11, 0xe3, 0x0,
    0x0, 0x6a, 0x0, 0x0, 0xe, 0x20, 0x0, 0x5,
    0xc0, 0x0, 0x0, 0xc5, 0x0, 0x0, 0x2f, 0x0,
    0x0, 0x7, 0xa0, 0x0, 0x0, 0xc6, 0x0, 0x0,
    0xf, 0x20, 0x0,

    /* U+0038 "8" */
    0x5, 0xef, 0xc2, 0x1, 0xe3, 0x18, 0xd0, 0x4b,
    0x0, 0x2f, 0x1, 0xf4, 0x19, 0xa0, 0x8, 0xff,
    0xe1, 0x3, 0xe3, 0x7, 0xd0, 0x89, 0x0, 0xd,
    0x38, 0xa0, 0x0, 0xe3, 0x5f, 0x75, 0xbe, 0x0,
    0x7d, 0xfd, 0x30,

    /* U+0039 "9" */
    0x5, 0xdf, 0xa1, 0x3, 0xf6, 0x3c, 0xd0, 0x9a,
    0x0, 0x2f, 0x2b, 0x70, 0x1, 0xf1, 0x8b, 0x0,
    0x6d, 0x1, 0xcb, 0x9f, 0x60, 0x0, 0x29, 0xe0,
    0x0, 0x0, 0xe5, 0x0, 0x0, 0x6c, 0x0, 0x0,
    0xe, 0x30, 0x0,

    /* U+003A ":" */
    0x4f, 0x14, 0x0, 0x0, 0x0, 0x14, 0x4f,

    /* U+003B ";" */
    0x4f, 0x14, 0x0, 0x0, 0x0, 0x14, 0x4f, 0xa,
    0x13,

    /* U+003C "<" */
    0x0, 0x0, 0x4, 0x20, 0x0, 0x5, 0xc0, 0x0,
    0x5, 0xb0, 0x0, 0x5, 0xb0, 0x0, 0x5, 0xb0,
    0x0, 0x4, 0xc0, 0x0, 0x0, 0xb, 0x50, 0x0,
    0x0, 0xa, 0x60, 0x0, 0x0, 0xa, 0x70, 0x0,
    0x0, 0xa, 0x80, 0x0, 0x0, 0x9, 0x30, 0x0,
    0x0, 0x0,

    /* U+003D "=" */
    0xaf, 0xff, 0xff, 0x70, 0x0, 0x0, 0x0, 0x0,
    0x0, 0x0, 0x0, 0x0, 0x0, 0x0, 0xaf, 0xff,
    0xff, 0x70,

    /* U+003E ">" */
    0x33, 0x0, 0x0, 0x1, 0xc3, 0x0, 0x0, 0x1,
    0xc3, 0x0, 0x0, 0x1, 0xc3, 0x0, 0x0, 0x1,
    0xc4, 0x0, 0x0, 0x1, 0xd2, 0x0, 0x0, 0x7a,
    0x0, 0x0, 0x89, 0x0, 0x0, 0x89, 0x0, 0x0,
    0x98, 0x0, 0x0, 0x58, 0x0, 0x0, 0x0, 0x0,
    0x0, 0x0,

    /* U+003F "?" */
    0x3, 0xcf, 0xc2, 0xd, 0x92, 0xbb, 0x2f, 0x0,
    0x6e, 0x2, 0x0, 0x9c, 0x0, 0x5, 0xf2, 0x0,
    0xf, 0x40, 0x0, 0x2c, 0x0, 0x0, 0x0, 0x0,
    0x0, 0x25, 0x0, 0x0, 0x5e, 0x0,

    /* U+0040 "@" */
    0x1, 0x87, 0x83, 0x0, 0x90, 0x0, 0x80, 0x44,
    0x1a, 0xa6, 0x58, 0xb, 0x2c, 0x27, 0x83, 0xa0,
    0xc0, 0x88, 0x67, 0x1b, 0x17, 0x86, 0x85, 0x95,
    0x46, 0x3c, 0x8b, 0x80, 0x18, 0x0, 0x2, 0x0,
    0x28, 0x88, 0x10,

    /* U+0041 "A" */
    0x0, 0x3f, 0x20, 0x0, 0x8, 0xf6, 0x0, 0x0,
    0xcd, 0xa0, 0x0, 0x1f, 0x5f, 0x0, 0x5, 0xe0,
    0xf3, 0x0, 0x9a, 0xc, 0x80, 0xd, 0xff, 0xfc,
    0x2, 0xf4, 0x25, 0xf1, 0x6e, 0x0, 0xf, 0x5b,
    0x90, 0x0, 0xb9,

    /* U+0042 "B" */
    0x6f, 0xff, 0xc3, 0x6, 0xe2, 0x28, 0xe0, 0x6d,
    0x0, 0x1f, 0x26, 0xd0, 0x7, 0xe0, 0x6f, 0xff,
    0xf4, 0x6, 0xe2, 0x29, 0xe1, 0x6d, 0x0, 0xe,
    0x66, 0xd0, 0x0, 0xf6, 0x6d, 0x12, 0x8f, 0x26,
    0xff, 0xfd, 0x50,

    /* U+0043 "C" */
    0x1, 0xaf, 0xd3, 0x0, 0xbc, 0x37, 0xe1, 0x2f,
    0x20, 0xe, 0x55, 0xe0, 0x0, 0x74, 0x7d, 0x0,
    0x0, 0x7, 0xd0, 0x0, 0x0, 0x6e, 0x0, 0xc,
    0x73, 0xf1, 0x0, 0xe5, 0xc, 0xb3, 0x8e, 0x0,
    0x1b, 0xfc, 0x30,

    /* U+0044 "D" */
    0x6f, 0xfe, 0x80, 0x6, 0xe2, 0x5e, 0xa0, 0x6d,
    0x0, 0x5f, 0x16, 0xd0, 0x0, 0xf4, 0x6d, 0x0,
    0xe, 0x66, 0xd0, 0x0, 0xe6, 0x6d, 0x0, 0xf,
    0x46, 0xd0, 0x4, 0xf1, 0x6d, 0x25, 0xe9, 0x6,
    0xff, 0xd7, 0x0,

    /* U+0045 "E" */
    0x3f, 0xff, 0xff, 0x13, 0xf2, 0x22, 0x20, 0x3f,
    0x0, 0x0, 0x3, 0xf0, 0x0, 0x0, 0x3f, 0xff,
    0xfb, 0x3, 0xf2, 0x22, 0x10, 0x3f, 0x0, 0x0,
    0x3, 0xf0, 0x0, 0x0, 0x3f, 0x21, 0x11, 0x3,
    0xff, 0xff, 0xf5,

    /* U+0046 "F" */
    0x5f, 0xff, 0xff, 0x65, 0xe2, 0x22, 0x20, 0x5e,
    0x0, 0x0, 0x5, 0xe0, 0x0, 0x0, 0x5f, 0xff,
    0xf4, 0x5, 0xe2, 0x22, 0x0, 0x5e, 0x0, 0x0,
    0x5, 0xe0, 0x0, 0x0, 0x5e, 0x0, 0x0, 0x5,
    0xe0, 0x0, 0x0,

    /* U+0047 "G" */
    0x1, 0xbf, 0xc1, 0x0, 0xcb, 0x29, 0xc0, 0x2f,
    0x10, 0x1f, 0x16, 0xe0, 0x0, 0x81, 0x7d, 0x0,
    0x0, 0x7, 0xd0, 0x8f, 0xf3, 0x6e, 0x1, 0x2e,
    0x33, 0xf1, 0x0, 0xf3, 0xd, 0xb3, 0x8f, 0x30,
    0x2c, 0xfa, 0xd3,

    /* U+0048 "H" */
    0x6d, 0x0, 0xf, 0x36, 0xd0, 0x0, 0xf3, 0x6d,
    0x0, 0xf, 0x36, 0xd0, 0x0, 0xf3, 0x6f, 0xff,
    0xff, 0x36, 0xe2, 0x22, 0xf3, 0x6d, 0x0, 0xf,
    0x36, 0xd0, 0x0, 0xf3, 0x6d, 0x0, 0xf, 0x36,
    0xd0, 0x0, 0xf3,

    /* U+0049 "I" */
    0x3f, 0x3, 0xf0, 0x3f, 0x3, 0xf0, 0x3f, 0x3,
    0xf0, 0x3f, 0x3, 0xf0, 0x3f, 0x3, 0xf0,

    /* U+004A "J" */
    0x0, 0x0, 0x2f, 0x20, 0x0, 0x2, 0xf2, 0x0,
    0x0, 0x2f, 0x20, 0x0, 0x2, 0xf2, 0x0, 0x0,
    0x2f, 0x20, 0x0, 0x2, 0xf2, 0x4e, 0x0, 0x2f,
    0x12, 0xf0, 0x3, 0xf0, 0xe, 0xa4, 0xbb, 0x0,
    0x3c, 0xfb, 0x20,

    /* U+004B "K" */
    0x6d, 0x0, 0x6f, 0x26, 0xd0, 0x2f, 0x50, 0x6d,
    0xc, 0x90, 0x6, 0xd8, 0xd0, 0x0, 0x6f, 0xfd,
    0x0, 0x6, 0xf7, 0xf5, 0x0, 0x6e, 0x8, 0xd0,
    0x6, 0xd0, 0x1f, 0x60, 0x6d, 0x0, 0x8e, 0x6,
    0xd0, 0x1, 0xf6,

    /* U+004C "L" */
    0x5e, 0x0, 0x0, 0x5, 0xe0, 0x0, 0x0, 0x5e,
    0x0, 0x0, 0x5, 0xe0, 0x0, 0x0, 0x5e, 0x0,
    0x0, 0x5, 0xe0, 0x0, 0x0, 0x5e, 0x0, 0x0,
    0x5, 0xe0, 0x0, 0x0, 0x5e, 0x11, 0x11, 0x5,
    0xff, 0xff, 0xf5,

    /* U+004D "M" */
    0x8f, 0x40, 0x6f, 0x68, 0xf7, 0x9, 0xf6, 0x8f,
    0xa0, 0xcf, 0x68, 0xcd, 0xe, 0xc6, 0x89, 0xf2,
    0xeb, 0x68, 0x9d, 0x7b, 0xb6, 0x89, 0xad, 0x8b,
    0x68, 0x97, 0xf5, 0xb6, 0x89, 0x4f, 0x2b, 0x68,
    0x91, 0xf0, 0xb6,

    /* U+004E "N" */
    0x7f, 0x20, 0xf, 0x37, 0xf8, 0x0, 0xf3, 0x7f,
    0xe0, 0xf, 0x37, 0xdd, 0x50, 0xf3, 0x7d, 0x6c,
    0xf, 0x37, 0xd0, 0xf3, 0xf3, 0x7d, 0x9, 0xaf,
    0x37, 0xd0, 0x2f, 0xf3, 0x7d, 0x0, 0xcf, 0x37,
    0xd0, 0x5, 0xf3,

    /* U+004F "O" */
    0x3, 0xdf, 0xc2, 0x0, 0xe9, 0x2b, 0xd0, 0x5f,
    0x0, 0x1f, 0x38, 0xc0, 0x0, 0xe5, 0x9b, 0x0,
    0xd, 0x69, 0xb0, 0x0, 0xe6, 0x8c, 0x0, 0xe,
    0x55, 0xf0, 0x1, 0xf2, 0xe, 0x93, 0xbd, 0x0,
    0x3d, 0xfc, 0x20,

    /* U+0050 "P" */
    0x4f, 0xff, 0xd4, 0x4, 0xf2, 0x27, 0xf1, 0x4f,
    0x0, 0xe, 0x54, 0xf0, 0x0, 0xd6, 0x4f, 0x0,
    0x5f, 0x24, 0xff, 0xff, 0x60, 0x4f, 0x21, 0x0,
    0x4, 0xf0, 0x0, 0x0, 0x4f, 0x0, 0x0, 0x4,
    0xf0, 0x0, 0x0,

    /* U+0051 "Q" */
    0x3, 0xdf, 0xc2, 0x0, 0xe9, 0x2b, 0xd0, 0x5f,
    0x0, 0x1f, 0x38, 0xc0, 0x0, 0xe5, 0x9b, 0x0,
    0xd, 0x69, 0xb0, 0x0, 0xd6, 0x8c, 0x5, 0x7f,
    0x55, 0xf0, 0x4f, 0xf2, 0xe, 0x92, 0xed, 0x0,
    0x3d, 0xfd, 0xe0, 0x0, 0x0, 0x4, 0x0,

    /* U+0052 "R" */
    0x6f, 0xff, 0xc3, 0x6, 0xe2, 0x3a, 0xe0, 0x6d,
    0x0, 0x1f, 0x36, 0xd0, 0x0, 0xf3, 0x6d, 0x0,
    0x7f, 0x16, 0xff, 0xfe, 0x50, 0x6e, 0x29, 0xc0,
    0x6, 0xd0, 0x1f, 0x40, 0x6d, 0x0, 0x8c, 0x6,
    0xd0, 0x1, 0xf4,

    /* U+0053 "S" */
    0x3, 0xcf, 0xb2, 0x0, 0xe8, 0x3b, 0xb0, 0x3f,
    0x0, 0x3c, 0x1, 0xf7, 0x0, 0x0, 0x5, 0xed,
    0x50, 0x0, 0x0, 0x7f, 0x90, 0x12, 0x0, 0x3f,
    0x37, 0xd0, 0x0, 0xf4, 0x2f, 0x72, 0x8e, 0x10,
    0x5d, 0xfc, 0x30,

    /* U+0054 "T" */
    0x6f, 0xff, 0xff, 0x30, 0x24, 0xf2, 0x20, 0x0,
    0x3f, 0x0, 0x0, 0x3, 0xf0, 0x0, 0x0, 0x3f,
    0x0, 0x0, 0x3, 0xf0, 0x0, 0x0, 0x3f, 0x0,
    0x0, 0x3, 0xf0, 0x0, 0x0, 0x3f, 0x0, 0x0,
    0x3, 0xf0, 0x0,

    /* U+0055 "U" */
    0x6d, 0x0, 0xf, 0x46, 0xd0, 0x0, 0xf4, 0x6d,
    0x0, 0xf, 0x46, 0xd0, 0x0, 0xf4, 0x6d, 0x0,
    0xf, 0x46, 0xd0, 0x0, 0xf4, 0x6d, 0x0, 0xf,
    0x45, 0xe0, 0x0, 0xf3, 0x1f, 0x72, 0x9e, 0x0,
    0x5d, 0xfd, 0x40,

    /* U+0056 "V" */
    0xc8, 0x0, 0xc, 0x87, 0xc0, 0x0, 0xf4, 0x3f,
    0x10, 0x4f, 0x0, 0xe5, 0x8, 0xb0, 0xa, 0x90,
    0xc7, 0x0, 0x6d, 0xf, 0x20, 0x1, 0xf5, 0xe0,
    0x0, 0xd, 0xd9, 0x0, 0x0, 0x9f, 0x50, 0x0,
    0x4, 0xf1, 0x0,

    /* U+0057 "W" */
    0xe4, 0x4f, 0x18, 0xac, 0x66, 0xf3, 0x98, 0xa8,
    0x8f, 0x5b, 0x68, 0x9a, 0xa7, 0xd4, 0x6b, 0xc6,
    0x9e, 0x34, 0xce, 0x2b, 0xf1, 0x2f, 0xd0, 0xff,
    0x0, 0xfb, 0xe, 0xd0, 0xe, 0x80, 0xcb, 0x0,
    0xc6, 0xa, 0x90,

    /* U+0058 "X" */
    0x4f, 0x10, 0x3f, 0x10, 0xc7, 0xa, 0x90, 0x4,
    0xe2, 0xf1, 0x0, 0xc, 0xd9, 0x0, 0x0, 0x5f,
    0x20, 0x0, 0x9, 0xf5, 0x0, 0x1, 0xf7, 0xd0,
    0x0, 0x8a, 0xd, 0x50, 0x1f, 0x30, 0x6d, 0x8,
    0xc0, 0x0, 0xe5,

    /* U+0059 "Y" */
    0x8b, 0x0, 0xd, 0x61, 0xf2, 0x5, 0xe0, 0x9,
    0x90, 0xc7, 0x0, 0x2f, 0x4e, 0x0, 0x0, 0xaf,
    0x80, 0x0, 0x4, 0xf1, 0x0, 0x0, 0x3f, 0x0,
    0x0, 0x3, 0xf0, 0x0, 0x0, 0x3f, 0x0, 0x0,
    0x3, 0xf0, 0x0,

    /* U+005A "Z" */
    0x2f, 0xff, 0xff, 0x30, 0x22, 0x26, 0xe0, 0x0,
    0x0, 0xd6, 0x0, 0x0, 0x6d, 0x0, 0x0, 0x1e,
    0x40, 0x0, 0x9, 0xa0, 0x0, 0x2, 0xf2, 0x0,
    0x0, 0xb8, 0x0, 0x0, 0x4f, 0x21, 0x11, 0x8,
    0xff, 0xff, 0xf5,

    /* U+005B "[" */
    0x4f, 0xff, 0x24, 0xa0, 0x0, 0x4a, 0x0, 0x4,
    0xa0, 0x0, 0x4a, 0x0, 0x4, 0xa0, 0x0, 0x4a,
    0x0, 0x4, 0xa0, 0x0, 0x4a, 0x0, 0x4, 0xa0,
    0x0, 0x4a, 0x0, 0x4, 0xa0, 0x0, 0x4f, 0xff,
    0x20,

    /* U+005C "\\" */
    0x1c, 0x0, 0x0, 0x0, 0xb2, 0x0, 0x0, 0x5,
    0x80, 0x0, 0x0, 0xd, 0x0, 0x0, 0x0, 0x95,
    0x0, 0x0, 0x2, 0xb0, 0x0, 0x0, 0xc, 0x10,
    0x0, 0x0, 0x67, 0x0, 0x0, 0x1, 0xc0, 0x0,
    0x0, 0xa, 0x30, 0x0, 0x0, 0x49, 0x0, 0x0,
    0x0, 0xd0,

    /* U+005D "]" */
    0x5f, 0xff, 0x10, 0x0, 0xd1, 0x0, 0xd, 0x10,
    0x0, 0xd1, 0x0, 0xd, 0x10, 0x0, 0xd1, 0x0,
    0xd, 0x10, 0x0, 0xd1, 0x0, 0xd, 0x10, 0x0,
    0xd1, 0x0, 0xd, 0x10, 0x0, 0xd1, 0x5f, 0xff,
    0x10,

    /* U+005E "^" */
    0x0, 0x38, 0x10, 0x0, 0x2e, 0xbc, 0x0, 0xc,
    0x50, 0x89, 0x0,

    /* U+005F "_" */
    0xbb, 0xbb, 0xbb, 0xa0,

    /* U+0060 "`" */
    0x7, 0x40, 0x5, 0xe1, 0x0, 0x6a,

    /* U+0061 "a" */
    0x3, 0xdf, 0xc2, 0x0, 0xe7, 0x18, 0xb0, 0x1,
    0x3, 0x9d, 0x0, 0x8f, 0xdb, 0xd0, 0x4f, 0x20,
    0x4d, 0x5, 0xe0, 0x1c, 0xd0, 0xa, 0xed, 0x8f,
    0x10,

    /* U+0062 "b" */
    0x5c, 0x0, 0x0, 0x5, 0xc0, 0x0, 0x0, 0x5c,
    0x0, 0x0, 0x5, 0xca, 0xfb, 0x10, 0x5f, 0x71,
    0xab, 0x5, 0xe0, 0x2, 0xf0, 0x5c, 0x0, 0xf,
    0x25, 0xe0, 0x2, 0xf1, 0x5f, 0x71, 0xac, 0x5,
    0xcb, 0xfc, 0x20,

    /* U+0063 "c" */
    0x2, 0xcf, 0xc2, 0x0, 0xe7, 0x18, 0xd0, 0x5d,
    0x0, 0x5, 0x7, 0xb0, 0x0, 0x0, 0x5d, 0x0,
    0xd, 0x20, 0xe7, 0x18, 0xd0, 0x2, 0xcf, 0xc2,
    0x0,

    /* U+0064 "d" */
    0x0, 0x0, 0x1f, 0x0, 0x0, 0x1, 0xf0, 0x0,
    0x0, 0x1f, 0x0, 0x4d, 0xe7, 0xf0, 0x1f, 0x61,
    0xcf, 0x5, 0xd0, 0x3, 0xf0, 0x7b, 0x0, 0x1f,
    0x6, 0xc0, 0x3, 0xf0, 0x1f, 0x40, 0xaf, 0x0,
    0x5d, 0xe9, 0xf0,

    /* U+0065 "e" */
    0x2, 0xcf, 0xb1, 0x0, 0xe8, 0x9, 0xc0, 0x4f,
    0x0, 0x2f, 0x6, 0xff, 0xff, 0xf2, 0x4d, 0x0,
    0x2, 0x0, 0xe6, 0x16, 0xf0, 0x2, 0xcf, 0xd4,
    0x0,

    /* U+0066 "f" */
    0x0, 0x1b, 0xfe, 0x20, 0x7, 0xb1, 0x21, 0x0,
    0x89, 0x0, 0x5, 0xff, 0xff, 0xb0, 0x0, 0x89,
    0x0, 0x0, 0x8, 0x90, 0x0, 0x0, 0x89, 0x0,
    0x0, 0x8, 0x90, 0x0, 0x0, 0x89, 0x0, 0x0,
    0x8, 0x90, 0x0,

    /* U+0067 "g" */
    0x0, 0x0, 0x0, 0x0, 0x2c, 0xf9, 0xd8, 0xb,
    0x61, 0xe4, 0x0, 0xe2, 0xb, 0x60, 0xc, 0x71,
    0xe3, 0x0, 0xad, 0xe7, 0x0, 0x1e, 0x20, 0x0,
    0x0, 0xce, 0xff, 0xb0, 0x5b, 0x0, 0x1e, 0x31,
    0xbd, 0xcc, 0x80,

    /* U+0068 "h" */
    0x3d, 0x0, 0x0, 0x3, 0xd0, 0x0, 0x0, 0x3d,
    0x0, 0x0, 0x3, 0xd5, 0xee, 0x60, 0x3f, 0xb1,
    0x4f, 0x3, 0xf2, 0x0, 0xf1, 0x3e, 0x0, 0xf,
    0x23, 0xd0, 0x0, 0xf2, 0x3d, 0x0, 0xf, 0x23,
    0xd0, 0x0, 0xf2,

    /* U+0069 "i" */
    0x2f, 0x17, 0x0, 0x2f, 0x2f, 0x2f, 0x2f, 0x2f,
    0x2f, 0x2f,

    /* U+006A "j" */
    0x0, 0x1f, 0x0, 0x0, 0x80, 0x0, 0x0, 0x0,
    0x1, 0xf0, 0x0, 0x1f, 0x0, 0x1, 0xf0, 0x0,
    0x1f, 0x0, 0x1, 0xf0, 0x0, 0x1f, 0x0, 0x1,
    0xf0, 0x31, 0x5e, 0x9, 0xfd, 0x40,

    /* U+006B "k" */
    0x2e, 0x0, 0x0, 0x2, 0xe0, 0x0, 0x0, 0x2e,
    0x0, 0x0, 0x2, 0xe0, 0xc, 0x90, 0x2e, 0xa,
    0xa0, 0x2, 0xe8, 0xf1, 0x0, 0x2f, 0xdb, 0x80,
    0x2, 0xf1, 0x2f, 0x10, 0x2e, 0x0, 0xa9, 0x2,
    0xe0, 0x2, 0xf2,

    /* U+006C "l" */
    0x1f, 0x1f, 0x1f, 0x1f, 0x1f, 0x1f, 0x1f, 0x1f,
    0x1f, 0x1f,

    /* U+006D "m" */
    0xca, 0xea, 0xaf, 0x5c, 0xa3, 0xf6, 0x8a, 0xc5,
    0x1f, 0x6, 0xac, 0x51, 0xf0, 0x6a, 0xc5, 0x1f,
    0x6, 0xac, 0x51, 0xf0, 0x6a, 0xc5, 0x1f, 0x6,
    0xa0,

    /* U+006E "n" */
    0x3d, 0x6d, 0xe6, 0x3, 0xfa, 0x3, 0xf0, 0x3f,
    0x10, 0xf, 0x13, 0xe0, 0x0, 0xf2, 0x3d, 0x0,
    0xf, 0x23, 0xd0, 0x0, 0xf2, 0x3d, 0x0, 0xf,
    0x20,

    /* U+006F "o" */
    0x2, 0xcf, 0xb1, 0x0, 0xe7, 0x19, 0xd0, 0x5d,
    0x0, 0xe, 0x47, 0xb0, 0x0, 0xd5, 0x5d, 0x0,
    0xf, 0x30, 0xe8, 0x19, 0xd0, 0x2, 0xcf, 0xb1,
    0x0,

    /* U+0070 "p" */
    0x5c, 0xbe, 0xb2, 0x5, 0xf6, 0x9, 0xc0, 0x5d,
    0x0, 0x2f, 0x15, 0xc0, 0x0, 0xf2, 0x5e, 0x0,
    0x2f, 0x5, 0xf7, 0x1a, 0xb0, 0x5c, 0xaf, 0xb1,
    0x5, 0xc0, 0x0, 0x0, 0x5c, 0x0, 0x0, 0x0,

    /* U+0071 "q" */
    0x4, 0xde, 0x8f, 0x1, 0xf6, 0x1b, 0xf0, 0x6d,
    0x0, 0x3f, 0x7, 0xb0, 0x1, 0xf0, 0x6d, 0x0,
    0x3f, 0x1, 0xf6, 0x1b, 0xf0, 0x4, 0xde, 0x8f,
    0x0, 0x0, 0x1, 0xf0, 0x0, 0x0, 0x1f, 0x0,

    /* U+0072 "r" */
    0x98, 0x5d, 0x79, 0xcc, 0x51, 0x9e, 0x10, 0x9,
    0x90, 0x0, 0x98, 0x0, 0x9, 0x80, 0x0, 0x98,
    0x0, 0x0,

    /* U+0073 "s" */
    0x3, 0xdf, 0xc3, 0x0, 0xd6, 0x7, 0xb0, 0xd,
    0x81, 0x0, 0x0, 0x3c, 0xfd, 0x40, 0x3, 0x0,
    0x7e, 0x0, 0xf5, 0x5, 0xe0, 0x4, 0xdf, 0xd4,
    0x0,

    /* U+0074 "t" */
    0x0, 0xc5, 0x0, 0x0, 0xc, 0x50, 0x0, 0x9f,
    0xff, 0xf8, 0x0, 0xc, 0x50, 0x0, 0x0, 0xc5,
    0x0, 0x0, 0xc, 0x50, 0x0, 0x0, 0xb5, 0x0,
    0x0, 0x9, 0x91, 0x40, 0x0, 0x1c, 0xfd, 0x0,

    /* U+0075 "u" */
    0x3d, 0x0, 0xf, 0x23, 0xd0, 0x0, 0xf2, 0x3d,
    0x0, 0xf, 0x23, 0xd0, 0x0, 0xf2, 0x3d, 0x0,
    0x3f, 0x22, 0xf1, 0xb, 0xf2, 0x8, 0xed, 0x5f,
    0x20,

    /* U+0076 "v" */
    0x5c, 0x0, 0xf, 0x20, 0xf1, 0x5, 0xc0, 0xa,
    0x60, 0xa7, 0x0, 0x5b, 0xe, 0x20, 0x0, 0xf5,
    0xd0, 0x0, 0xb, 0xe7, 0x0, 0x0, 0x5f, 0x20,
    0x0,

    /* U+0077 "w" */
    0xd4, 0x4f, 0x18, 0xaa, 0x67, 0xe3, 0xa7, 0x79,
    0x99, 0x6c, 0x34, 0xbc, 0x49, 0xe0, 0x1e, 0xc1,
    0xdd, 0x0, 0xdb, 0xe, 0xa0, 0xa, 0x80, 0xc7,
    0x0,

    /* U+0078 "x" */
    0x1f, 0x30, 0x7c, 0x0, 0x7c, 0x1e, 0x30, 0x0,
    0xdc, 0x90, 0x0, 0x6, 0xf3, 0x0, 0x0, 0xeb,
    0xb0, 0x0, 0x8b, 0xd, 0x50, 0x3f, 0x20, 0x5e,
    0x10,

    /* U+0079 "y" */
    0x6c, 0x0, 0xf, 0x21, 0xf2, 0x5, 0xd0, 0xb,
    0x70, 0xa7, 0x0, 0x5c, 0xf, 0x20, 0x0, 0xf6,
    0xc0, 0x0, 0xa, 0xf7, 0x0, 0x0, 0x5f, 0x10,
    0x0, 0x26, 0xc0, 0x0, 0xd, 0xe3, 0x0, 0x0,

    /* U+007A "z" */
    0xf, 0xff, 0xfc, 0x0, 0x0, 0xd, 0x60, 0x0,
    0xa, 0xa0, 0x0, 0x6, 0xe0, 0x0, 0x2, 0xe3,
    0x0, 0x0, 0xc7, 0x0, 0x0, 0x3f, 0xff, 0xff,
    0x10,

    /* U+007B "{" */
    0xa, 0xc0, 0x2f, 0x0, 0x2e, 0x0, 0x2e, 0x0,
    0x2e, 0x0, 0x3d, 0x0, 0xd9, 0x0, 0x4d, 0x0,
    0x2e, 0x0, 0x2e, 0x0, 0x2e, 0x0, 0x2f, 0x0,
    0xa, 0xc0,

    /* U+007C "|" */
    0x1f, 0x1f, 0x1f, 0x1f, 0x1f, 0x1f, 0x1f, 0x1f,
    0x1f, 0x1f, 0x1f, 0x1f, 0x1f, 0x1f, 0x1f,

    /* U+007D "}" */
    0x1c, 0x80, 0x2, 0xf0, 0x1, 0xf0, 0x1, 0xf0,
    0x1, 0xf0, 0x0, 0xf1, 0x0, 0xbb, 0x0, 0xf1,
    0x1, 0xf0, 0x1, 0xf0, 0x1, 0xf0, 0x2, 0xf0,
    0x1c, 0x80,

    /* U+007E "~" */
    0x0, 0x0, 0x0, 0x0, 0x6e, 0x30, 0x41, 0xb,
    0x4d, 0x3b, 0x21, 0x60, 0x4f, 0x90, 0x0, 0x0,
    0x20, 0x0,

    /* U+00A0 " " */

    /* U+00A1 "¡" */
    0x5f, 0x12, 0x80, 0x1, 0x1, 0xc0, 0x2d, 0x3,
    0xe0, 0x4f, 0x5, 0xf0, 0x6f, 0x16, 0xf1, 0x6f,
    0x10,

    /* U+00A2 "¢" */
    0x0, 0x0, 0x7, 0x0, 0x0, 0x0, 0xc, 0x0,
    0x0, 0x0, 0x39, 0x0, 0x0, 0x9e, 0xfb, 0x0,
    0xa, 0xc2, 0xcc, 0x90, 0x1f, 0x30, 0xc3, 0x70,
    0x3f, 0x15, 0x70, 0x0, 0x3f, 0x9, 0x30, 0x0,
    0x1f, 0x3c, 0x4, 0xd0, 0x9, 0xdb, 0x3d, 0x80,
    0x0, 0xbf, 0xe8, 0x0, 0x0, 0xb2, 0x0, 0x0,
    0x0, 0xc0, 0x0, 0x0, 0x1, 0x70, 0x0, 0x0,

    /* U+00A3 "£" */
    0x0, 0x8e, 0xea, 0x10, 0x9, 0xd3, 0x3c, 0xa0,
    0xe, 0x60, 0x3, 0xe0, 0xf, 0x50, 0x0, 0x0,
    0xc, 0x90, 0x0, 0x0, 0xaf, 0xff, 0xd0, 0x0,
    0x16, 0xf2, 0x10, 0x0, 0x4, 0xe0, 0x0, 0x0,
    0xa, 0x70, 0x0, 0x0, 0x7f, 0xdc, 0x95, 0x81,
    0x88, 0x34, 0xaf, 0xd2, 0x0, 0x0, 0x0, 0x0,

    /* U+00A4 "¤" */
    0x3, 0x0, 0x0, 0x30, 0x4f, 0xaf, 0xea, 0xe0,
    0xb, 0xd4, 0x6f, 0x60, 0xf, 0x30, 0x8, 0xa0,
    0xf, 0x20, 0x7, 0xb0, 0xb, 0xb1, 0x3e, 0x70,
    0x3f, 0xdf, 0xfd, 0xd0, 0x5, 0x2, 0x10, 0x60,

    /* U+00A5 "¥" */
    0xb, 0x90, 0x0, 0xe, 0x70, 0x3f, 0x20, 0x8,
    0xe0, 0x0, 0xab, 0x1, 0xf6, 0x0, 0x2, 0xf3,
    0x8d, 0x0, 0x0, 0x8, 0xcf, 0x40, 0x0, 0x8f,
    0xff, 0xff, 0xf4, 0x1, 0x22, 0xc8, 0x22, 0x0,
    0x8e, 0xef, 0xfe, 0xe4, 0x1, 0x11, 0xc8, 0x11,
    0x0, 0x0, 0xb, 0x70, 0x0, 0x0, 0x0, 0xb7,
    0x0, 0x0,

    /* U+00A6 "¦" */
    0xb5, 0xb5, 0xb5, 0xb5, 0xb5, 0x94, 0x0, 0x0,
    0x94, 0xb5, 0xb5, 0xb5, 0xb5, 0xb5,

    /* U+00A7 "§" */
    0x1, 0xaf, 0xe6, 0x0, 0x9, 0xc2, 0x5f, 0x30,
    0xb, 0x80, 0x8, 0x40, 0x6, 0xf5, 0x0, 0x0,
    0x8, 0xdf, 0x90, 0x0, 0x4d, 0x3, 0xde, 0x30,
    0x5c, 0x0, 0xb, 0xd0, 0x1e, 0x90, 0x1, 0xf1,
    0x3, 0xdd, 0x35, 0xd0, 0x0, 0x9, 0xfd, 0x10,
    0x0, 0x0, 0x4f, 0x50, 0xa, 0x40, 0xa, 0xa0,
    0xa, 0xc3, 0x3e, 0x70, 0x1, 0xae, 0xe9, 0x0,

    /* U+00A8 "¨" */
    0x45, 0x8, 0x29, 0xb0, 0xf4,

    /* U+00A9 "©" */
    0x0, 0x29, 0xde, 0xb5, 0x0, 0x0, 0x5d, 0x50,
    0x3, 0xba, 0x0, 0x2d, 0x14, 0xcd, 0x80, 0xa7,
    0x9, 0x51, 0xe2, 0xa, 0x60, 0xd0, 0xd0, 0x68,
    0x0, 0x0, 0xa, 0x3d, 0x7, 0x60, 0x0, 0x0,
    0x84, 0xd0, 0x68, 0x0, 0x13, 0xa, 0x39, 0x51,
    0xd2, 0xb, 0x60, 0xd0, 0x2d, 0x14, 0xcd, 0x80,
    0xa7, 0x0, 0x5d, 0x50, 0x3, 0xba, 0x0, 0x0,
    0x29, 0xde, 0xb5, 0x0, 0x0,

    /* U+00AA "ª" */
    0x1c, 0xcd, 0x33, 0x50, 0x79, 0x3c, 0xcc, 0xa9,
    0x70, 0x9a, 0x4e, 0xc9, 0xb0,

    /* U+00AB "«" */
    0x0, 0x1a, 0x5, 0x60, 0xb, 0x71, 0xe2, 0x5,
    0xe0, 0xa9, 0x0, 0xe7, 0x3f, 0x10, 0x8, 0xc0,
    0xd6, 0x0, 0xd, 0x43, 0xe0, 0x0, 0x3d, 0x9,
    0x80,

    /* U+00AC "¬" */
    0x3f, 0xff, 0xff, 0xf6, 0x4, 0x44, 0x44, 0xd6,
    0x0, 0x0, 0x0, 0xc6, 0x0, 0x0, 0x0, 0xc6,
    0x0, 0x0, 0x0, 0x31,

    /* U+00AD "­" */
    0x1, 0x11, 0x9, 0xff, 0xf3, 0x24, 0x44, 0x0,

    /* U+00AE "®" */
    0x0, 0x29, 0xde, 0xb5, 0x0, 0x0, 0x5d, 0x50,
    0x3, 0xba, 0x0, 0x2d, 0x2e, 0xdd, 0x70, 0xa7,
    0x9, 0x51, 0xd0, 0xe, 0x20, 0xd0, 0xd0, 0x1d,
    0x0, 0xd1, 0xa, 0x3d, 0x1, 0xfd, 0xe6, 0x0,
    0x84, 0xd0, 0x1d, 0xa, 0x60, 0xa, 0x39, 0x51,
    0xd0, 0x1e, 0x10, 0xd0, 0x2d, 0x26, 0x0, 0x43,
    0xa7, 0x0, 0x5d, 0x50, 0x3, 0xba, 0x0, 0x0,
    0x29, 0xde, 0xb5, 0x0, 0x0,

    /* U+00AF "¯" */
    0x3f, 0xff, 0xff, 0xff, 0xe0,

    /* U+00B0 "°" */
    0x5, 0xca, 0x10, 0xc0, 0x48, 0xc, 0x4, 0x80,
    0x5c, 0xb1,

    /* U+00B1 "±" */
    0x0, 0xb, 0x60, 0x0, 0x0, 0xb, 0x60, 0x0,
    0x0, 0xb, 0x60, 0x0, 0x7f, 0xff, 0xff, 0xf2,
    0x13, 0x3c, 0x83, 0x30, 0x0, 0xb, 0x60, 0x0,
    0x0, 0xb, 0x60, 0x0, 0x13, 0x35, 0x43, 0x30,
    0x7f, 0xff, 0xff, 0xf2,

    /* U+00B2 "²" */
    0x3d, 0xdc, 0x14, 0x30, 0xc5, 0x0, 0x7c, 0x0,
    0xb9, 0x0, 0x9f, 0xdd, 0x50,

    /* U+00B3 "³" */
    0x3d, 0xcb, 0x2, 0x21, 0xe1, 0x0, 0xcb, 0x4,
    0x20, 0xc5, 0x4d, 0xdb, 0x10,

    /* U+00B4 "´" */
    0x0, 0x10, 0xd, 0xa0, 0x4d, 0x0,

    /* U+00B5 "µ" */
    0xe5, 0x0, 0x4f, 0xe5, 0x0, 0x4f, 0xe5, 0x0,
    0x4f, 0xe5, 0x0, 0x4f, 0xe5, 0x0, 0x4f, 0xe7,
    0x0, 0x6f, 0xee, 0x22, 0xdf, 0xea, 0xee, 0x9f,
    0xe5, 0x0, 0x0, 0xe5, 0x0, 0x0, 0xe5, 0x0,
    0x0,

    /* U+00B6 "¶" */
    0x8, 0xef, 0xff, 0xf9, 0x9f, 0xfe, 0x4b, 0xb2,
    0xef, 0xfe, 0x9, 0x90, 0xff, 0xfe, 0x9, 0x90,
    0xbf, 0xfe, 0x9, 0x90, 0x2d, 0xfe, 0x9, 0x90,
    0x0, 0x4e, 0x9, 0x90, 0x0, 0x3e, 0x9, 0x90,
    0x0, 0x3e, 0x9, 0x90, 0x0, 0x3e, 0x9, 0x90,
    0x0, 0x3e, 0x9, 0x90, 0x0, 0x3e, 0x9, 0x90,
    0x0, 0x3e, 0x9, 0x90, 0x0, 0x3e, 0x9, 0x90,

    /* U+00B7 "·" */
    0x38, 0x6, 0xf0,

    /* U+00B8 "¸" */
    0x0, 0x0, 0x5, 0xb0, 0x2, 0xb9, 0x3e, 0xd4,

    /* U+00B9 "¹" */
    0x3, 0xe4, 0x3b, 0xd4, 0x0, 0xb4, 0x0, 0xb4,
    0x0, 0xb4,

    /* U+00BA "º" */
    0xb, 0xeb, 0x17, 0x90, 0x79, 0xa5, 0x3, 0xc7,
    0x90, 0x79, 0xb, 0xeb, 0x10,

    /* U+00BB "»" */
    0x9, 0x22, 0x90, 0x0, 0x6c, 0xb, 0x60, 0x0,
    0xd6, 0x3f, 0x10, 0x6, 0xe0, 0xba, 0x0, 0xb9,
    0x1f, 0x40, 0x3e, 0x9, 0x90, 0xc, 0x42, 0xe1,
    0x0,

    /* U+00BC "¼" */
    0x0, 0x72, 0x0, 0x0, 0x8, 0x10, 0x9, 0xf4,
    0x0, 0x0, 0x7a, 0x0, 0x26, 0xb4, 0x0, 0x2,
    0xd1, 0x0, 0x0, 0xb4, 0x0, 0xb, 0x50, 0x0,
    0x0, 0xb4, 0x0, 0x6a, 0x0, 0x0, 0x0, 0xb4,
    0x1, 0xd1, 0x0, 0x0, 0x0, 0x0, 0xb, 0x50,
    0x4, 0x80, 0x0, 0x0, 0x5b, 0x0, 0x1e, 0xc0,
    0x0, 0x1, 0xd1, 0x0, 0xba, 0xc0, 0x0, 0xa,
    0x60, 0x7, 0xa3, 0xc0, 0x0, 0x4c, 0x0, 0xc,
    0xcd, 0xf5, 0x0, 0xd2, 0x0, 0x0, 0x3, 0xc0,

    /* U+00BD "½" */
    0x2, 0xe4, 0x0, 0x0, 0x4c, 0x0, 0x3c, 0xd4,
    0x0, 0x0, 0xd2, 0x0, 0x0, 0xb4, 0x0, 0x9,
    0x70, 0x0, 0x0, 0xb4, 0x0, 0x4c, 0x0, 0x0,
    0x0, 0xb4, 0x1, 0xd2, 0x0, 0x0, 0x0, 0x0,
    0xa, 0x61, 0xce, 0xa0, 0x0, 0x0, 0x5b, 0x6,
    0x70, 0xd5, 0x0, 0x1, 0xd2, 0x0, 0x1, 0xe3,
    0x0, 0xa, 0x60, 0x0, 0x1d, 0x70, 0x0, 0x5b,
    0x0, 0x1, 0xd6, 0x0, 0x1, 0xd1, 0x0, 0x9,
    0xff, 0xf6, 0x0, 0x10, 0x0, 0x1, 0x22, 0x20,

    /* U+00BE "¾" */
    0x2c, 0xea, 0x0, 0x0, 0x1d, 0x10, 0x44, 0x1f,
    0x10, 0x0, 0xb5, 0x0, 0x0, 0xdb, 0x0, 0x6,
    0xa0, 0x0, 0x43, 0xc, 0x50, 0x2d, 0x10, 0x0,
    0x3c, 0xda, 0x10, 0xc4, 0x0, 0x0, 0x0, 0x0,
    0x7, 0x90, 0x7, 0xc0, 0x0, 0x0, 0x3d, 0x0,
    0x2f, 0xc0, 0x0, 0x0, 0xd3, 0x0, 0xc8, 0xc0,
    0x0, 0x9, 0x80, 0x8, 0x93, 0xc0, 0x0, 0x4c,
    0x0, 0xc, 0xcd, 0xf5, 0x0, 0xd2, 0x0, 0x0,
    0x3, 0xc0,

    /* U+00BF "¿" */
    0x0, 0x6f, 0x0, 0x0, 0x3, 0x80, 0x0, 0x0,
    0x15, 0x0, 0x0, 0x5, 0xd0, 0x0, 0x0, 0xba,
    0x0, 0x0, 0x9e, 0x20, 0x0, 0x7e, 0x20, 0x0,
    0xd, 0x70, 0x0, 0x21, 0xd7, 0x0, 0xe, 0x67,
    0xe4, 0x29, 0xe1, 0x7, 0xdf, 0xc3, 0x0,

    /* U+00C0 "À" */
    0x0, 0x0, 0x8e, 0x0, 0x0, 0x0, 0x0, 0x0,
    0xc6, 0x0, 0x0, 0x0, 0x0, 0x0, 0x0, 0x0,
    0x0, 0x0, 0x5, 0xf6, 0x0, 0x0, 0x0, 0x0,
    0xbd, 0xc0, 0x0, 0x0, 0x0, 0x1f, 0x5f, 0x20,
    0x0, 0x0, 0x6, 0xf0, 0xd8, 0x0, 0x0, 0x0,
    0xba, 0x8, 0xe0, 0x0, 0x0, 0x1f, 0x50, 0x3f,
    0x40, 0x0, 0x7, 0xf0, 0x0, 0xea, 0x0, 0x0,
    0xcf, 0xff, 0xff, 0xf1, 0x0, 0x2f, 0x72, 0x22,
    0x4f, 0x60, 0x7, 0xe0, 0x0, 0x0, 0xcc, 0x0,
    0xd9, 0x0, 0x0, 0x5, 0xf2,

    /* U+00C1 "Á" */
    0x0, 0x0, 0x9, 0xd0, 0x0, 0x0, 0x0, 0x1,
    0xe2, 0x0, 0x0, 0x0, 0x0, 0x0, 0x0, 0x0,
    0x0, 0x0, 0x5, 0xf6, 0x0, 0x0, 0x0, 0x0,
    0xbd, 0xc0, 0x0, 0x0, 0x0, 0x1f, 0x5f, 0x20,
    0x0, 0x0, 0x6, 0xf0, 0xd8, 0x0, 0x0, 0x0,
    0xba, 0x8, 0xe0, 0x0, 0x0, 0x1f, 0x50, 0x3f,
    0x40, 0x0, 0x7, 0xf0, 0x0, 0xea, 0x0, 0x0,
    0xcf, 0xff, 0xff, 0xf1, 0x0, 0x2f, 0x72, 0x22,
    0x4f, 0x60, 0x7, 0xe0, 0x0, 0x0, 0xcc, 0x0,
    0xd9, 0x0, 0x0, 0x5, 0xf2,

    /* U+00C2 "Â" */
    0x0, 0x0, 0x28, 0x20, 0x0, 0x0, 0x0, 0xd,
    0xad, 0x0, 0x0, 0x0, 0x3, 0x70, 0x63, 0x0,
    0x0, 0x0, 0x5, 0xf6, 0x0, 0x0, 0x0, 0x0,
    0xbd, 0xc0, 0x0, 0x0, 0x0, 0x1f, 0x5f, 0x20,
    0x0, 0x0, 0x6, 0xf0, 0xd8, 0x0, 0x0, 0x0,
    0xba, 0x8, 0xe0, 0x0, 0x0, 0x1f, 0x50, 0x3f,
    0x40, 0x0, 0x7, 0xf0, 0x0, 0xea, 0x0, 0x0,
    0xcf, 0xff, 0xff, 0xf1, 0x0, 0x2f, 0x72, 0x22,
    0x4f, 0x60, 0x7, 0xe0, 0x0, 0x0, 0xcc, 0x0,
    0xd9, 0x0, 0x0, 0x5, 0xf2,

    /* U+00C3 "Ã" */
    0x0, 0x5, 0xef, 0xeb, 0x0, 0x0, 0x0, 0x10,
    0x1, 0x0, 0x0, 0x0, 0x0, 0x5f, 0x60, 0x0,
    0x0, 0x0, 0xb, 0xdc, 0x0, 0x0, 0x0, 0x1,
    0xf5, 0xf2, 0x0, 0x0, 0x0, 0x6f, 0xd, 0x80,
    0x0, 0x0, 0xb, 0xa0, 0x8e, 0x0, 0x0, 0x1,
    0xf5, 0x3, 0xf4, 0x0, 0x0, 0x7f, 0x0, 0xe,
    0xa0, 0x0, 0xc, 0xff, 0xff, 0xff, 0x10, 0x2,
    0xf7, 0x22, 0x24, 0xf6, 0x0, 0x7e, 0x0, 0x0,
    0xc, 0xc0, 0xd, 0x90, 0x0, 0x0, 0x5f, 0x20,

    /* U+00C4 "Ä" */
    0x0, 0x6, 0xe0, 0xd6, 0x0, 0x0, 0x0, 0x37,
    0x6, 0x30, 0x0, 0x0, 0x0, 0x5f, 0x60, 0x0,
    0x0, 0x0, 0xb, 0xdc, 0x0, 0x0, 0x0, 0x1,
    0xf5, 0xf2, 0x0, 0x0, 0x0, 0x6f, 0xd, 0x80,
    0x0, 0x0, 0xb, 0xa0, 0x8e, 0x0, 0x0, 0x1,
    0xf5, 0x3, 0xf4, 0x0, 0x0, 0x7f, 0x0, 0xe,
    0xa0, 0x0, 0xc, 0xff, 0xff, 0xff, 0x10, 0x2,
    0xf7, 0x22, 0x24, 0xf6, 0x0, 0x7e, 0x0, 0x0,
    0xc, 0xc0, 0xd, 0x90, 0x0, 0x0, 0x5f, 0x20,

    /* U+00C5 "Å" */
    0x0, 0x0, 0x49, 0x40, 0x0, 0x0, 0x0, 0x8,
    0x18, 0x0, 0x0, 0x0, 0x0, 0x6f, 0x80, 0x0,
    0x0, 0x0, 0xb, 0xdc, 0x0, 0x0, 0x0, 0x1,
    0xf5, 0xf2, 0x0, 0x0, 0x0, 0x6f, 0xd, 0x80,
    0x0, 0x0, 0xb, 0xa0, 0x8e, 0x0, 0x0, 0x1,
    0xf5, 0x3, 0xf4, 0x0, 0x0, 0x7f, 0x0, 0xe,
    0xa0, 0x0, 0xc, 0xff, 0xff, 0xff, 0x10, 0x2,
    0xf7, 0x22, 0x24, 0xf6, 0x0, 0x7e, 0x0, 0x0,
    0xc, 0xc0, 0xd, 0x90, 0x0, 0x0, 0x5f, 0x20,

    /* U+00C6 "Æ" */
    0x0, 0x0, 0x6f, 0xff, 0xff, 0xff, 0xf0, 0x0,
    0x0, 0xda, 0x8f, 0x44, 0x44, 0x40, 0x0, 0x4,
    0xf2, 0x5f, 0x0, 0x0, 0x0, 0x0, 0xb, 0xc0,
    0x5f, 0x0, 0x0, 0x0, 0x0, 0x2f, 0x50, 0x5f,
    0x0, 0x0, 0x0, 0x0, 0x9e, 0x0, 0x5f, 0xff,
    0xff, 0xb0, 0x1, 0xf9, 0x0, 0x5f, 0x33, 0x33,
    0x20, 0x7, 0xff, 0xff, 0xff, 0x0, 0x0, 0x0,
    0xe, 0xb3, 0x33, 0x7f, 0x0, 0x0, 0x0, 0x5f,
    0x20, 0x0, 0x5f, 0x44, 0x44, 0x41, 0xca, 0x0,
    0x0, 0x5f, 0xff, 0xff, 0xf3,

    /* U+00C7 "Ç" */
    0x0, 0x19, 0xef, 0xd6, 0x0, 0x1, 0xec, 0x54,
    0x7f, 0x80, 0xa, 0xd0, 0x0, 0x5, 0xf2, 0xf,
    0x50, 0x0, 0x0, 0x50, 0x3f, 0x20, 0x0, 0x0,
    0x0, 0x4f, 0x10, 0x0, 0x0, 0x0, 0x3f, 0x20,
    0x0, 0x0, 0x0, 0xf, 0x60, 0x0, 0x0, 0xc4,
    0xa, 0xd0, 0x0, 0x5, 0xf2, 0x1, 0xec, 0x54,
    0x8f, 0x80, 0x0, 0x2a, 0xff, 0xd6, 0x0, 0x0,
    0x0, 0xaa, 0x0, 0x0, 0x0, 0x0, 0xd, 0x60,
    0x0, 0x0, 0x6, 0xfc, 0x10, 0x0,

    /* U+00C8 "È" */
    0x0, 0x6f, 0x20, 0x0, 0x0, 0x9, 0x80, 0x0,
    0x0, 0x0, 0x0, 0x0, 0xef, 0xff, 0xff, 0xf5,
    0xe9, 0x44, 0x44, 0x41, 0xe7, 0x0, 0x0, 0x0,
    0xe7, 0x0, 0x0, 0x0, 0xe7, 0x0, 0x0, 0x0,
    0xef, 0xff, 0xff, 0xf0, 0xe8, 0x33, 0x33, 0x30,
    0xe7, 0x0, 0x0, 0x0, 0xe7, 0x0, 0x0, 0x0,
    0xe9, 0x44, 0x44, 0x42, 0xef, 0xff, 0xff, 0xf9,

    /* U+00C9 "É" */
    0x0, 0x7, 0xe1, 0x0, 0x0, 0xe, 0x40, 0x0,
    0x0, 0x0, 0x0, 0x0, 0xef, 0xff, 0xff, 0xf5,
    0xe9, 0x44, 0x44, 0x41, 0xe7, 0x0, 0x0, 0x0,
    0xe7, 0x0, 0x0, 0x0, 0xe7, 0x0, 0x0, 0x0,
    0xef, 0xff, 0xff, 0xf0, 0xe8, 0x33, 0x33, 0x30,
    0xe7, 0x0, 0x0, 0x0, 0xe7, 0x0, 0x0, 0x0,
    0xe9, 0x44, 0x44, 0x42, 0xef, 0xff, 0xff, 0xf9,

    /* U+00CA "Ê" */
    0x0, 0x7, 0x50, 0x0, 0x0, 0x9b, 0xe3, 0x0,
    0x1, 0x71, 0x46, 0x0, 0xef, 0xff, 0xff, 0xf5,
    0xe9, 0x44, 0x44, 0x41, 0xe7, 0x0, 0x0, 0x0,
    0xe7, 0x0, 0x0, 0x0, 0xe7, 0x0, 0x0, 0x0,
    0xef, 0xff, 0xff, 0xf0, 0xe8, 0x33, 0x33, 0x30,
    0xe7, 0x0, 0x0, 0x0, 0xe7, 0x0, 0x0, 0x0,
    0xe9, 0x44, 0x44, 0x42, 0xef, 0xff, 0xff, 0xf9,

    /* U+00CB "Ë" */
    0x1, 0xf3, 0x8b, 0x0, 0x0, 0x81, 0x45, 0x0,
    0xef, 0xff, 0xff, 0xf5, 0xe9, 0x44, 0x44, 0x41,
    0xe7, 0x0, 0x0, 0x0, 0xe7, 0x0, 0x0, 0x0,
    0xe7, 0x0, 0x0, 0x0, 0xef, 0xff, 0xff, 0xf0,
    0xe8, 0x33, 0x33, 0x30, 0xe7, 0x0, 0x0, 0x0,
    0xe7, 0x0, 0x0, 0x0, 0xe9, 0x44, 0x44, 0x42,
    0xef, 0xff, 0xff, 0xf9,

    /* U+00CC "Ì" */
    0x4f, 0x30, 0x7a, 0x0, 0x0, 0xba, 0xb, 0xa0,
    0xba, 0xb, 0xa0, 0xba, 0xb, 0xa0, 0xba, 0xb,
    0xa0, 0xba, 0xb, 0xa0, 0xba,

    /* U+00CD "Í" */
    0x5, 0xf2, 0xc, 0x60, 0x0, 0x0, 0xb, 0xa0,
    0xb, 0xa0, 0xb, 0xa0, 0xb, 0xa0, 0xb, 0xa0,
    0xb, 0xa0, 0xb, 0xa0, 0xb, 0xa0, 0xb, 0xa0,
    0xb, 0xa0, 0xb, 0xa0,

    /* U+00CE "Î" */
    0x0, 0x76, 0x0, 0x7, 0xcd, 0x50, 0x7, 0x23,
    0x70, 0x0, 0xba, 0x0, 0x0, 0xba, 0x0, 0x0,
    0xba, 0x0, 0x0, 0xba, 0x0, 0x0, 0xba, 0x0,
    0x0, 0xba, 0x0, 0x0, 0xba, 0x0, 0x0, 0xba,
    0x0, 0x0, 0xba, 0x0, 0x0, 0xba, 0x0, 0x0,
    0xba, 0x0,

    /* U+00CF "Ï" */
    0xf5, 0x6d, 0x72, 0x36, 0xb, 0xa0, 0xb, 0xa0,
    0xb, 0xa0, 0xb, 0xa0, 0xb, 0xa0, 0xb, 0xa0,
    0xb, 0xa0, 0xb, 0xa0, 0xb, 0xa0, 0xb, 0xa0,
    0xb, 0xa0,

    /* U+00D0 "Ð" */
    0x0, 0xef, 0xff, 0xfc, 0x40, 0x0, 0xe, 0x94,
    0x45, 0xbf, 0x40, 0x0, 0xe6, 0x0, 0x0, 0xbc,
    0x0, 0xe, 0x60, 0x0, 0x3, 0xf2, 0x0, 0xe6,
    0x0, 0x0, 0xf, 0x40, 0xff, 0xff, 0xf2, 0x0,
    0xf5, 0x0, 0xe6, 0x0, 0x0, 0x1f, 0x40, 0xe,
    0x60, 0x0, 0x4, 0xf1, 0x0, 0xe6, 0x0, 0x0,
    0xbc, 0x0, 0xe, 0x94, 0x45, 0xbf, 0x30, 0x0,
    0xef, 0xff, 0xfb, 0x30, 0x0,

    /* U+00D1 "Ñ" */
    0x0, 0xbf, 0xff, 0x50, 0x0, 0x10, 0x10, 0x0,
    0xfb, 0x0, 0x0, 0x5f, 0xff, 0x50, 0x0, 0x5f,
    0xfe, 0xe0, 0x0, 0x5f, 0xf6, 0xe8, 0x0, 0x5f,
    0xf5, 0x5f, 0x20, 0x5f, 0xf5, 0xb, 0xc0, 0x5f,
    0xf5, 0x2, 0xf6, 0x5f, 0xf5, 0x0, 0x8e, 0x6f,
    0xf5, 0x0, 0xe, 0xdf, 0xf5, 0x0, 0x4, 0xff,
    0xf5, 0x0, 0x0, 0xbf,

    /* U+00D2 "Ò" */
    0x0, 0x1, 0xd9, 0x0, 0x0, 0x0, 0x0, 0x3,
    0xe0, 0x0, 0x0, 0x0, 0x0, 0x0, 0x0, 0x0,
    0x0, 0x1, 0x9e, 0xfd, 0x80, 0x0, 0x1, 0xdd,
    0x64, 0x6e, 0xc0, 0x0, 0xad, 0x0, 0x0, 0x1e,
    0x80, 0xf, 0x50, 0x0, 0x0, 0x7e, 0x3, 0xf2,
    0x0, 0x0, 0x3, 0xf2, 0x4f, 0x10, 0x0, 0x0,
    0x2f, 0x33, 0xf2, 0x0, 0x0, 0x3, 0xf2, 0xf,
    0x60, 0x0, 0x0, 0x7e, 0x0, 0x9e, 0x0, 0x0,
    0x1e, 0x80, 0x1, 0xdd, 0x63, 0x6d, 0xc0, 0x0,
    0x1, 0x8d, 0xfd, 0x80, 0x0,

    /* U+00D3 "Ó" */
    0x0, 0x0, 0xb, 0xc0, 0x0, 0x0, 0x0, 0x2,
    0xe1, 0x0, 0x0, 0x0, 0x0, 0x0, 0x0, 0x0,
    0x0, 0x1, 0x9e, 0xfd, 0x80, 0x0, 0x1, 0xdd,
    0x64, 0x6e, 0xc0, 0x0, 0xad, 0x0, 0x0, 0x1e,
    0x80, 0xf, 0x50, 0x0, 0x0, 0x7e, 0x3, 0xf2,
    0x0, 0x0, 0x3, 0xf2, 0x4f, 0x10, 0x0, 0x0,
    0x2f, 0x33, 0xf2, 0x0, 0x0, 0x3, 0xf2, 0xf,
    0x60, 0x0, 0x0, 0x7e, 0x0, 0x9e, 0x0, 0x0,
    0x1e, 0x80, 0x1, 0xdd, 0x63, 0x6d, 0xc0, 0x0,
    0x1, 0x8d, 0xfd, 0x80, 0x0,

    /* U+00D4 "Ô" */
    0x0, 0x0, 0x38, 0x20, 0x0, 0x0, 0x0, 0x1e,
    0xac, 0x0, 0x0, 0x0, 0x4, 0x60, 0x73, 0x0,
    0x0, 0x1, 0x9e, 0xfd, 0x80, 0x0, 0x1, 0xdd,
    0x64, 0x6e, 0xc0, 0x0, 0xad, 0x0, 0x0, 0x1e,
    0x80, 0xf, 0x50, 0x0, 0x0, 0x7e, 0x3, 0xf2,
    0x0, 0x0, 0x3, 0xf2, 0x4f, 0x10, 0x0, 0x0,
    0x2f, 0x33, 0xf2, 0x0, 0x0, 0x3, 0xf2, 0xf,
    0x60, 0x0, 0x0, 0x7e, 0x0, 0x9e, 0x0, 0x0,
    0x1e, 0x80, 0x1, 0xdd, 0x63, 0x6d, 0xc0, 0x0,
    0x1, 0x8d, 0xfd, 0x80, 0x0,

    /* U+00D5 "Õ" */
    0x0, 0x8, 0xff, 0xf8, 0x0, 0x0, 0x0, 0x10,
    0x1, 0x0, 0x0, 0x0, 0x19, 0xef, 0xd8, 0x0,
    0x0, 0x1d, 0xd6, 0x46, 0xec, 0x0, 0xa, 0xd0,
    0x0, 0x1, 0xe8, 0x0, 0xf5, 0x0, 0x0, 0x7,
    0xe0, 0x3f, 0x20, 0x0, 0x0, 0x3f, 0x24, 0xf1,
    0x0, 0x0, 0x2, 0xf3, 0x3f, 0x20, 0x0, 0x0,
    0x3f, 0x20, 0xf6, 0x0, 0x0, 0x7, 0xe0, 0x9,
    0xe0, 0x0, 0x1, 0xe8, 0x0, 0x1d, 0xd6, 0x36,
    0xdc, 0x0, 0x0, 0x18, 0xdf, 0xd8, 0x0, 0x0,

    /* U+00D6 "Ö" */
    0x0, 0x7, 0xd0, 0xe5, 0x0, 0x0, 0x0, 0x36,
    0x7, 0x20, 0x0, 0x0, 0x19, 0xef, 0xd8, 0x0,
    0x0, 0x1d, 0xd6, 0x46, 0xec, 0x0, 0xa, 0xd0,
    0x0, 0x1, 0xe8, 0x0, 0xf5, 0x0, 0x0, 0x7,
    0xe0, 0x3f, 0x20, 0x0, 0x0, 0x3f, 0x24, 0xf1,
    0x0, 0x0, 0x2, 0xf3, 0x3f, 0x20, 0x0, 0x0,
    0x3f, 0x20, 0xf6, 0x0, 0x0, 0x7, 0xe0, 0x9,
    0xe0, 0x0, 0x1, 0xe8, 0x0, 0x1d, 0xd6, 0x36,
    0xdc, 0x0, 0x0, 0x18, 0xdf, 0xd8, 0x0, 0x0,

    /* U+00D7 "×" */
    0x21, 0x0, 0x3, 0xa, 0xd1, 0xb, 0xc0, 0xc,
    0xca, 0xe1, 0x0, 0x1e, 0xf2, 0x0, 0x8, 0xfe,
    0xa0, 0x7, 0xf3, 0x2e, 0x90, 0x64, 0x0, 0x28,
    0x0,

    /* U+00D8 "Ø" */
    0x0, 0x0, 0x0, 0x0, 0x0, 0x0, 0x1, 0x8d,
    0xfd, 0x81, 0xd2, 0x1, 0xdd, 0x54, 0x6e, 0xf7,
    0x0, 0xad, 0x0, 0x0, 0x9f, 0x80, 0xf, 0x50,
    0x0, 0x6a, 0x7e, 0x3, 0xf1, 0x0, 0x4c, 0x3,
    0xf2, 0x5f, 0x0, 0x2d, 0x10, 0x2f, 0x34, 0xf1,
    0x1d, 0x30, 0x4, 0xf2, 0x1f, 0x6c, 0x50, 0x0,
    0x8e, 0x0, 0xaf, 0x80, 0x0, 0x1f, 0x80, 0x8,
    0xfd, 0x64, 0x6e, 0xc0, 0x3, 0xd1, 0x9e, 0xfd,
    0x70, 0x0, 0x0, 0x0, 0x0, 0x0, 0x0, 0x0,

    /* U+00D9 "Ù" */
    0x0, 0x5f, 0x20, 0x0, 0x0, 0x9, 0x90, 0x0,
    0x0, 0x0, 0x0, 0x0, 0xe6, 0x0, 0x0, 0x5f,
    0xe6, 0x0, 0x0, 0x5f, 0xe6, 0x0, 0x0, 0x5f,
    0xe6, 0x0, 0x0, 0x5f, 0xe6, 0x0, 0x0, 0x5f,
    0xe6, 0x0, 0x0, 0x5f, 0xe6, 0x0, 0x0, 0x5f,
    0xd8, 0x0, 0x0, 0x6e, 0xac, 0x0, 0x0, 0xbb,
    0x3f, 0xb5, 0x5a, 0xf4, 0x4, 0xcf, 0xfc, 0x40,

    /* U+00DA "Ú" */
    0x0, 0x1, 0xf5, 0x0, 0x0, 0x8, 0xa0, 0x0,
    0x0, 0x0, 0x0, 0x0, 0xe6, 0x0, 0x0, 0x5f,
    0xe6, 0x0, 0x0, 0x5f, 0xe6, 0x0, 0x0, 0x5f,
    0xe6, 0x0, 0x0, 0x5f, 0xe6, 0x0, 0x0, 0x5f,
    0xe6, 0x0, 0x0, 0x5f, 0xe6, 0x0, 0x0, 0x5f,
    0xd8, 0x0, 0x0, 0x6e, 0xac, 0x0, 0x0, 0xbb,
    0x3f, 0xb5, 0x5a, 0xf4, 0x4, 0xcf, 0xfc, 0x40,

    /* U+00DB "Û" */
    0x0, 0x6, 0x60, 0x0, 0x0, 0x6d, 0xc6, 0x0,
    0x0, 0x73, 0x27, 0x0, 0xe6, 0x0, 0x0, 0x5f,
    0xe6, 0x0, 0x0, 0x5f, 0xe6, 0x0, 0x0, 0x5f,
    0xe6, 0x0, 0x0, 0x5f, 0xe6, 0x0, 0x0, 0x5f,
    0xe6, 0x0, 0x0, 0x5f, 0xe6, 0x0, 0x0, 0x5f,
    0xd8, 0x0, 0x0, 0x6e, 0xac, 0x0, 0x0, 0xbb,
    0x3f, 0xb5, 0x5a, 0xf4, 0x4, 0xcf, 0xfc, 0x40,

    /* U+00DC "Ü" */
    0x0, 0xe6, 0x5f, 0x0, 0x0, 0x73, 0x27, 0x0,
    0xe6, 0x0, 0x0, 0x5f, 0xe6, 0x0, 0x0, 0x5f,
    0xe6, 0x0, 0x0, 0x5f, 0xe6, 0x0, 0x0, 0x5f,
    0xe6, 0x0, 0x0, 0x5f, 0xe6, 0x0, 0x0, 0x5f,
    0xe6, 0x0, 0x0, 0x5f, 0xd8, 0x0, 0x0, 0x6e,
    0xac, 0x0, 0x0, 0xbb, 0x3f, 0xb5, 0x5a, 0xf4,
    0x4, 0xcf, 0xfc, 0x40,

    /* U+00DD "Ý" */
    0x0, 0x0, 0x8e, 0x10, 0x0, 0x0, 0x0, 0xe3,
    0x0, 0x0, 0x0, 0x0, 0x0, 0x0, 0x0, 0xae,
    0x0, 0x0, 0x9, 0xe0, 0x1f, 0x80, 0x0, 0x3f,
    0x40, 0x6, 0xf2, 0x0, 0xca, 0x0, 0x0, 0xcb,
    0x6, 0xe1, 0x0, 0x0, 0x3f, 0x5e, 0x60, 0x0,
    0x0, 0x9, 0xfc, 0x0, 0x0, 0x0, 0x2, 0xf4,
    0x0, 0x0, 0x0, 0x1, 0xf3, 0x0, 0x0, 0x0,
    0x1, 0xf3, 0x0, 0x0, 0x0, 0x1, 0xf3, 0x0,
    0x0, 0x0, 0x1, 0xf3, 0x0, 0x0,

    /* U+00DE "Þ" */
    0xe6, 0x0, 0x0, 0x0, 0xe6, 0x0, 0x0, 0x0,
    0xef, 0xff, 0xfd, 0x60, 0xe8, 0x33, 0x49, 0xf3,
    0xe6, 0x0, 0x0, 0xd9, 0xe6, 0x0, 0x0, 0xab,
    0xe6, 0x0, 0x0, 0xc9, 0xe6, 0x0, 0x17, 0xf3,
    0xef, 0xff, 0xff, 0x80, 0xe8, 0x33, 0x20, 0x0,
    0xe6, 0x0, 0x0, 0x0,

    /* U+00DF "ß" */
    0x9, 0xfe, 0x80, 0x0, 0x9c, 0x33, 0xe5, 0x0,
    0xd6, 0x0, 0xc6, 0x0, 0xf4, 0x2, 0xf1, 0x0,
    0xf4, 0xa, 0xa0, 0x0, 0xf4, 0xb, 0xb0, 0x0,
    0xf4, 0x3, 0xeb, 0x10, 0xf4, 0x0, 0x1c, 0xc0,
    0xf4, 0x1, 0x3, 0xf1, 0xf4, 0xab, 0x29, 0xd0,
    0xf4, 0x1b, 0xfc, 0x30,

    /* U+00E0 "à" */
    0x0, 0x4f, 0x30, 0x0, 0x0, 0x8, 0xa0, 0x0,
    0x0, 0x0, 0x0, 0x0, 0x3, 0xbf, 0xfb, 0x10,
    0xe, 0x82, 0x3d, 0x90, 0x17, 0x0, 0x7, 0xc0,
    0x0, 0x69, 0xcf, 0xc0, 0x1e, 0xc7, 0x47, 0xc0,
    0x6e, 0x0, 0x9, 0xc0, 0x5f, 0x31, 0x6f, 0xd0,
    0x9, 0xef, 0xb6, 0xf0,

    /* U+00E1 "á" */
    0x0, 0x2, 0xf5, 0x0, 0x0, 0x9, 0x90, 0x0,
    0x0, 0x0, 0x0, 0x0, 0x3, 0xbf, 0xfb, 0x10,
    0xe, 0x82, 0x3d, 0x90, 0x17, 0x0, 0x7, 0xc0,
    0x0, 0x69, 0xcf, 0xc0, 0x1e, 0xc7, 0x47, 0xc0,
    0x6e, 0x0, 0x9, 0xc0, 0x5f, 0x31, 0x6f, 0xd0,
    0x9, 0xef, 0xb6, 0xf0,

    /* U+00E2 "â" */
    0x0, 0x3f, 0xc0, 0x0, 0x0, 0xd8, 0xc8, 0x0,
    0x0, 0x20, 0x12, 0x0, 0x3, 0xbf, 0xfb, 0x10,
    0xe, 0x82, 0x3d, 0x90, 0x17, 0x0, 0x7, 0xc0,
    0x0, 0x69, 0xcf, 0xc0, 0x1e, 0xc7, 0x47, 0xc0,
    0x6e, 0x0, 0x9, 0xc0, 0x5f, 0x31, 0x6f, 0xd0,
    0x9, 0xef, 0xb6, 0xf0,

    /* U+00E3 "ã" */
    0x0, 0xdb, 0x1d, 0x10, 0x5, 0x94, 0xeb, 0x0,
    0x0, 0x0, 0x0, 0x0, 0x3, 0xbf, 0xfb, 0x10,
    0xe, 0x82, 0x3d, 0x90, 0x17, 0x0, 0x7, 0xc0,
    0x0, 0x69, 0xcf, 0xc0, 0x1e, 0xc7, 0x47, 0xc0,
    0x6e, 0x0, 0x9, 0xc0, 0x5f, 0x31, 0x6f, 0xd0,
    0x9, 0xef, 0xb6, 0xf0,

    /* U+00E4 "ä" */
    0x1, 0xf3, 0x8c, 0x0, 0x0, 0x81, 0x46, 0x0,
    0x0, 0x0, 0x0, 0x0, 0x3, 0xbf, 0xfb, 0x10,
    0xe, 0x82, 0x3d, 0x90, 0x17, 0x0, 0x7, 0xc0,
    0x0, 0x69, 0xcf, 0xc0, 0x1e, 0xc7, 0x47, 0xc0,
    0x6e, 0x0, 0x9, 0xc0, 0x5f, 0x31, 0x6f, 0xd0,
    0x9, 0xef, 0xb6, 0xf0,

    /* U+00E5 "å" */
    0x0, 0x1a, 0x90, 0x0, 0x0, 0x53, 0x70, 0x0,
    0x0, 0x9, 0x70, 0x0, 0x3, 0xbf, 0xfb, 0x10,
    0xe, 0x82, 0x3d, 0x90, 0x17, 0x0, 0x7, 0xc0,
    0x0, 0x69, 0xcf, 0xc0, 0x1e, 0xc7, 0x47, 0xc0,
    0x6e, 0x0, 0x9, 0xc0, 0x5f, 0x31, 0x6f, 0xd0,
    0x9, 0xef, 0xb6, 0xf0,

    /* U+00E6 "æ" */
    0x4, 0xcf, 0xea, 0x2c, 0xfd, 0x60, 0x1f, 0x72,
    0x3e, 0xf7, 0x24, 0xe4, 0x15, 0x0, 0xa, 0xc0,
    0x0, 0x8b, 0x2, 0x9c, 0xff, 0xff, 0xff, 0xfd,
    0x2f, 0x94, 0x19, 0xb2, 0x22, 0x21, 0x7d, 0x0,
    0xc, 0xc0, 0x0, 0x78, 0x5f, 0x42, 0x8d, 0xe8,
    0x15, 0xf5, 0x9, 0xee, 0xa1, 0x3c, 0xfd, 0x60,

    /* U+00E7 "ç" */
    0x1, 0xaf, 0xe8, 0x0, 0xdb, 0x24, 0xe6, 0x3f,
    0x10, 0x5, 0x56, 0xd0, 0x0, 0x0, 0x6d, 0x0,
    0x0, 0x3, 0xf1, 0x0, 0x7a, 0xc, 0xa2, 0x4e,
    0x60, 0x2b, 0xfe, 0x70, 0x0, 0x1e, 0x60, 0x0,
    0x0, 0x3f, 0x0, 0x0, 0xce, 0x70, 0x0,

    /* U+00E8 "è" */
    0x0, 0x7e, 0x0, 0x0, 0x0, 0xb, 0x60, 0x0,
    0x0, 0x0, 0x0, 0x0, 0x1, 0xaf, 0xe8, 0x0,
    0xc, 0xa2, 0x3c, 0x90, 0x3f, 0x0, 0x3, 0xf0,
    0x6f, 0xff, 0xff, 0xf2, 0x6e, 0x22, 0x22, 0x20,
    0x4f, 0x10, 0x3, 0xa0, 0xd, 0xc2, 0x3d, 0xa0,
    0x1, 0xbf, 0xe9, 0x0,

    /* U+00E9 "é" */
    0x0, 0x2, 0xf5, 0x0, 0x0, 0x9, 0x90, 0x0,
    0x0, 0x0, 0x0, 0x0, 0x1, 0xaf, 0xe8, 0x0,
    0xc, 0xa2, 0x3c, 0x90, 0x3f, 0x0, 0x3, 0xf0,
    0x6f, 0xff, 0xff, 0xf2, 0x6e, 0x22, 0x22, 0x20,
    0x4f, 0x10, 0x3, 0xa0, 0xd, 0xc2, 0x3d, 0xa0,
    0x1, 0xbf, 0xe9, 0x0,

    /* U+00EA "ê" */
    0x0, 0x3f, 0xc0, 0x0, 0x0, 0xd8, 0xc8, 0x0,
    0x0, 0x20, 0x12, 0x0, 0x1, 0xaf, 0xe8, 0x0,
    0xc, 0xa2, 0x3c, 0x90, 0x3f, 0x0, 0x3, 0xf0,
    0x6f, 0xff, 0xff, 0xf2, 0x6e, 0x22, 0x22, 0x20,
    0x4f, 0x10, 0x3, 0xa0, 0xd, 0xc2, 0x3d, 0xa0,
    0x1, 0xbf, 0xe9, 0x0,

    /* U+00EB "ë" */
    0x1, 0xf3, 0x8c, 0x0, 0x0, 0x81, 0x46, 0x0,
    0x0, 0x0, 0x0, 0x0, 0x1, 0xaf, 0xe8, 0x0,
    0xc, 0xa2, 0x3c, 0x90, 0x3f, 0x0, 0x3, 0xf0,
    0x6f, 0xff, 0xff, 0xf2, 0x6e, 0x22, 0x22, 0x20,
    0x4f, 0x10, 0x3, 0xa0, 0xd, 0xc2, 0x3d, 0xa0,
    0x1, 0xbf, 0xe9, 0x0,

    /* U+00EC "ì" */
    0x6f, 0x20, 0x98, 0x0, 0x0, 0xa9, 0xa, 0x90,
    0xa9, 0xa, 0x90, 0xa9, 0xa, 0x90, 0xa9, 0xa,
    0x90,

    /* U+00ED "í" */
    0x1f, 0x77, 0xb0, 0x0, 0xa, 0x90, 0xa9, 0xa,
    0x90, 0xa9, 0xa, 0x90, 0xa9, 0xa, 0x90, 0xa9,
    0x0,

    /* U+00EE "î" */
    0x1, 0xee, 0x10, 0xb, 0xa8, 0xc0, 0x0, 0x0,
    0x0, 0x0, 0xa9, 0x0, 0x0, 0xa9, 0x0, 0x0,
    0xa9, 0x0, 0x0, 0xa9, 0x0, 0x0, 0xa9, 0x0,
    0x0, 0xa9, 0x0, 0x0, 0xa9, 0x0, 0x0, 0xa9,
    0x0,

    /* U+00EF "ï" */
    0xf5, 0x6e, 0x72, 0x37, 0x0, 0x0, 0xa, 0x90,
    0xa, 0x90, 0xa, 0x90, 0xa, 0x90, 0xa, 0x90,
    0xa, 0x90, 0xa, 0x90, 0xa, 0x90,

    /* U+00F0 "ð" */
    0x0, 0x5e, 0x6c, 0x10, 0x0, 0x4d, 0xf4, 0x0,
    0x0, 0x92, 0x7c, 0x0, 0x2, 0xcf, 0xdf, 0x50,
    0xd, 0xa1, 0x3d, 0xc0, 0x4f, 0x0, 0x5, 0xf0,
    0x6c, 0x0, 0x1, 0xf2, 0x7c, 0x0, 0x1, 0xf2,
    0x4f, 0x10, 0x5, 0xf0, 0xd, 0xb2, 0x4e, 0x70,
    0x1, 0xbf, 0xe8, 0x0,

    /* U+00F1 "ñ" */
    0x0, 0xad, 0x39, 0x40, 0x2c, 0x2d, 0xe0, 0x0,
    0x10, 0x0, 0x1, 0xf6, 0xdf, 0xb1, 0x1f, 0xc1,
    0x1c, 0x91, 0xf4, 0x0, 0x7c, 0x1f, 0x20, 0x6,
    0xd1, 0xf2, 0x0, 0x6d, 0x1f, 0x20, 0x6, 0xd1,
    0xf2, 0x0, 0x6d, 0x1f, 0x20, 0x6, 0xd0,

    /* U+00F2 "ò" */
    0x0, 0x7f, 0x0, 0x0, 0x0, 0xb, 0x70, 0x0,
    0x0, 0x0, 0x0, 0x0, 0x1, 0xae, 0xe9, 0x0,
    0xd, 0xb2, 0x4d, 0x90, 0x5f, 0x0, 0x4, 0xf0,
    0x7c, 0x0, 0x0, 0xf3, 0x7c, 0x0, 0x1, 0xf3,
    0x4f, 0x0, 0x4, 0xf1, 0xd, 0xa2, 0x3d, 0xa0,
    0x2, 0xbf, 0xe8, 0x0,

    /* U+00F3 "ó" */
    0x0, 0x2, 0xf5, 0x0, 0x0, 0x9, 0x90, 0x0,
    0x0, 0x0, 0x0, 0x0, 0x1, 0xae, 0xe9, 0x0,
    0xd, 0xb2, 0x4d, 0x90, 0x5f, 0x0, 0x4, 0xf0,
    0x7c, 0x0, 0x0, 0xf3, 0x7c, 0x0, 0x1, 0xf3,
    0x4f, 0x0, 0x4, 0xf1, 0xd, 0xa2, 0x3d, 0xa0,
    0x2, 0xbf, 0xe8, 0x0,

    /* U+00F4 "ô" */
    0x0, 0x3f, 0xc0, 0x0, 0x0, 0xd8, 0xc8, 0x0,
    0x0, 0x20, 0x12, 0x0, 0x1, 0xae, 0xe9, 0x0,
    0xd, 0xb2, 0x4d, 0x90, 0x5f, 0x0, 0x4, 0xf0,
    0x7c, 0x0, 0x0, 0xf3, 0x7c, 0x0, 0x1, 0xf3,
    0x4f, 0x0, 0x4, 0xf1, 0xd, 0xa2, 0x3d, 0xa0,
    0x2, 0xbf, 0xe8, 0x0,

    /* U+00F5 "õ" */
    0x0, 0xdc, 0x1d, 0x10, 0x5, 0x94, 0xeb, 0x0,
    0x0, 0x0, 0x0, 0x0, 0x1, 0xae, 0xe9, 0x0,
    0xd, 0xb2, 0x4d, 0x90, 0x5f, 0x0, 0x4, 0xf0,
    0x7c, 0x0, 0x0, 0xf3, 0x7c, 0x0, 0x1, 0xf3,
    0x4f, 0x0, 0x4, 0xf1, 0xd, 0xa2, 0x3d, 0xa0,
    0x2, 0xbf, 0xe8, 0x0,

    /* U+00F6 "ö" */
    0x0, 0xf3, 0x8c, 0x0, 0x0, 0x81, 0x46, 0x0,
    0x0, 0x0, 0x0, 0x0, 0x1, 0xae, 0xe9, 0x0,
    0xd, 0xb2, 0x4d, 0x90, 0x5f, 0x0, 0x4, 0xf0,
    0x7c, 0x0, 0x0, 0xf3, 0x7c, 0x0, 0x1, 0xf3,
    0x4f, 0x0, 0x4, 0xf1, 0xd, 0xa2, 0x3d, 0xa0,
    0x2, 0xbf, 0xe8, 0x0,

    /* U+00F7 "÷" */
    0x0, 0xd, 0x80, 0x0, 0x0, 0x7, 0x40, 0x0,
    0x7f, 0xff, 0xff, 0xf2, 0x13, 0x33, 0x33, 0x30,
    0x0, 0x7, 0x40, 0x0, 0x0, 0xd, 0x80, 0x0,

    /* U+00F8 "ø" */
    0x0, 0x0, 0x0, 0x0, 0x0, 0x7d, 0xfb, 0xb5,
    0x8, 0xe5, 0x2b, 0xf1, 0xe, 0x60, 0x2c, 0xd7,
    0x1f, 0x30, 0xc2, 0x99, 0x1f, 0x28, 0x70, 0xaa,
    0xe, 0xab, 0x0, 0xd7, 0x7, 0xf6, 0x29, 0xf1,
    0xb, 0x9e, 0xfb, 0x30, 0x2, 0x0, 0x0, 0x0,

    /* U+00F9 "ù" */
    0x0, 0x3f, 0x40, 0x0, 0x0, 0x7b, 0x0, 0x0,
    0x0, 0x0, 0x1, 0xf2, 0x0, 0x7c, 0x1f, 0x20,
    0x7, 0xc1, 0xf2, 0x0, 0x7c, 0x1f, 0x20, 0x7,
    0xc1, 0xf2, 0x0, 0x7c, 0x1f, 0x20, 0x9, 0xc0,
    0xda, 0x26, 0xec, 0x4, 0xdf, 0xb6, 0xc0,

    /* U+00FA "ú" */
    0x0, 0x3, 0xf4, 0x0, 0x0, 0xa8, 0x0, 0x0,
    0x0, 0x0, 0x1, 0xf2, 0x0, 0x7c, 0x1f, 0x20,
    0x7, 0xc1, 0xf2, 0x0, 0x7c, 0x1f, 0x20, 0x7,
    0xc1, 0xf2, 0x0, 0x7c, 0x1f, 0x20, 0x9, 0xc0,
    0xda, 0x26, 0xec, 0x4, 0xdf, 0xb6, 0xc0,

    /* U+00FB "û" */
    0x0, 0x3f, 0xc0, 0x0, 0xd, 0x6b, 0x90, 0x0,
    0x0, 0x0, 0x1, 0xf2, 0x0, 0x7c, 0x1f, 0x20,
    0x7, 0xc1, 0xf2, 0x0, 0x7c, 0x1f, 0x20, 0x7,
    0xc1, 0xf2, 0x0, 0x7c, 0x1f, 0x20, 0x9, 0xc0,
    0xda, 0x26, 0xec, 0x4, 0xdf, 0xb6, 0xc0,

    /* U+00FC "ü" */
    0x1, 0xf3, 0x8c, 0x0, 0x8, 0x14, 0x60, 0x0,
    0x0, 0x0, 0x1, 0xf2, 0x0, 0x7c, 0x1f, 0x20,
    0x7, 0xc1, 0xf2, 0x0, 0x7c, 0x1f, 0x20, 0x7,
    0xc1, 0xf2, 0x0, 0x7c, 0x1f, 0x20, 0x9, 0xc0,
    0xda, 0x26, 0xec, 0x4, 0xdf, 0xb6, 0xc0,

    /* U+00FD "ý" */
    0x0, 0x7, 0xe1, 0x0, 0x0, 0xd4, 0x0, 0x0,
    0x0, 0x0, 0x9, 0xb0, 0x0, 0x8b, 0x4f, 0x10,
    0xd, 0x50, 0xe6, 0x3, 0xf0, 0x8, 0xb0, 0x8a,
    0x0, 0x3f, 0x1e, 0x40, 0x0, 0xd8, 0xe0, 0x0,
    0x7, 0xf9, 0x0, 0x0, 0x2f, 0x40, 0x0, 0x3,
    0xe0, 0x0, 0x15, 0xc8, 0x0, 0x2, 0xfc, 0x0,
    0x0,

    /* U+00FE "þ" */
    0x1f, 0x20, 0x0, 0x0, 0x1f, 0x20, 0x0, 0x0,
    0x1f, 0x20, 0x0, 0x0, 0x1f, 0x7d, 0xf9, 0x0,
    0x1f, 0xd3, 0x2d, 0x90, 0x1f, 0x50, 0x4, 0xf0,
    0x1f, 0x10, 0x1, 0xf2, 0x1f, 0x10, 0x1, 0xf2,
    0x1f, 0x40, 0x4, 0xf0, 0x1f, 0xd3, 0x3d, 0x80,
    0x1f, 0x8e, 0xe8, 0x0, 0x1f, 0x20, 0x0, 0x0,
    0x1f, 0x20, 0x0, 0x0, 0x1f, 0x20, 0x0, 0x0,

    /* U+00FF "ÿ" */
    0x5, 0xf0, 0xc8, 0x0, 0x27, 0x6, 0x40, 0x0,
    0x0, 0x0, 0x9, 0xb0, 0x0, 0x8b, 0x4f, 0x10,
    0xd, 0x50, 0xe6, 0x3, 0xf0, 0x8, 0xb0, 0x8a,
    0x0, 0x3f, 0x1e, 0x40, 0x0, 0xd8, 0xe0, 0x0,
    0x7, 0xf9, 0x0, 0x0, 0x2f, 0x40, 0x0, 0x3,
    0xe0, 0x0, 0x15, 0xc8, 0x0, 0x2, 0xfc, 0x0,
    0x0,

    /* U+2026 "…" */
    0xbf, 0x70, 0x1f, 0xf0, 0x9, 0xf8, 0xbf, 0x70,
    0x1f, 0xf0, 0x9, 0xf8, 0x34, 0x20, 0x4, 0x40,
    0x2, 0x42,

    /* U+2265 "≥" */
    0x2, 0x0, 0x0, 0x0, 0x0, 0x0, 0x8, 0xc8,
    0x30, 0x0, 0x0, 0x0, 0x0, 0x4, 0xac, 0x72,
    0x0, 0x0, 0x0, 0x0, 0x0, 0x5b, 0xc6, 0x10,
    0x0, 0x0, 0x0, 0x0, 0x5e, 0xd2, 0x0, 0x0,
    0x4, 0x9c, 0x82, 0x0, 0x0, 0x5a, 0xc8, 0x20,
    0x0, 0x0, 0xb, 0x72, 0x0, 0x0, 0x38, 0xc4,
    0x0, 0x0, 0x3, 0x8c, 0x93, 0x0, 0x0, 0x28,
    0xc9, 0x40, 0x0, 0x0, 0xa, 0xa4, 0x0, 0x0,
    0x0, 0x0, 0x0, 0x0, 0x0, 0x0, 0x0, 0x0,

    /* U+4E0A "上" */
    0x0, 0x0, 0x0, 0x10, 0x0, 0x0, 0x0, 0x0,
    0x0, 0x2, 0xf1, 0x0, 0x0, 0x0, 0x0, 0x0,
    0x1, 0xf1, 0x0, 0x0, 0x0, 0x0, 0x0, 0x1,
    0xf1, 0x0, 0x0, 0x0, 0x0, 0x0, 0x1, 0xf1,
    0x11, 0x11, 0x0, 0x0, 0x0, 0x1, 0xff, 0xff,
    0xff, 0x40, 0x0, 0x0, 0x1, 0xf1, 0x0, 0x1,
    0x0, 0x0, 0x0, 0x1, 0xf1, 0x0, 0x0, 0x0,
    0x0, 0x0, 0x1, 0xf1, 0x0, 0x0, 0x0, 0x0,
    0x0, 0x1, 0xf1, 0x0, 0x0, 0x0, 0x0, 0x0,
    0x1, 0xf1, 0x0, 0x0, 0x0, 0x14, 0x33, 0x34,
    0xf4, 0x33, 0x33, 0x31, 0x3d, 0xdd, 0xdd, 0xdd,
    0xdd, 0xdd, 0xd4,

    /* U+4E0B "下" */
    0x2, 0x22, 0x22, 0x22, 0x22, 0x22, 0x20, 0x1f,
    0xee, 0xee, 0xfe, 0xee, 0xee, 0xe1, 0x0, 0x0,
    0x0, 0xf2, 0x0, 0x0, 0x0, 0x0, 0x0, 0x0,
    0xf2, 0x0, 0x0, 0x0, 0x0, 0x0, 0x0, 0xf2,
    0x10, 0x0, 0x0, 0x0, 0x0, 0x0, 0xf2, 0xbb,
    0x0, 0x0, 0x0, 0x0, 0x0, 0xf2, 0x1c, 0xc1,
    0x0, 0x0, 0x0, 0x0, 0xf2, 0x0, 0xcc, 0x10,
    0x0, 0x0, 0x0, 0xf2, 0x0, 0x19, 0x0, 0x0,
    0x0, 0x0, 0xf2, 0x0, 0x0, 0x0, 0x0, 0x0,
    0x0, 0xf2, 0x0, 0x0, 0x0, 0x0, 0x0, 0x0,
    0xf3, 0x0, 0x0, 0x0,

    /* U+4E0D "不" */
    0x0, 0x0, 0x0, 0x0, 0x0, 0x0, 0x0, 0xd,
    0xff, 0xff, 0xff, 0xff, 0xff, 0xf1, 0x0, 0x0,
    0x0, 0x5d, 0x0, 0x0, 0x0, 0x0, 0x0, 0x0,
    0xe5, 0x0, 0x0, 0x0, 0x0, 0x0, 0xa, 0xf3,
    0x21, 0x0, 0x0, 0x0, 0x0, 0x7d, 0xe3, 0x7d,
    0x20, 0x0, 0x0, 0x7, 0xe2, 0xe3, 0x9, 0xe2,
    0x0, 0x0, 0x9e, 0x20, 0xe3, 0x0, 0xae, 0x20,
    0xd, 0xc1, 0x0, 0xe3, 0x0, 0xb, 0xa0, 0x3,
    0x0, 0x0, 0xe3, 0x0, 0x1, 0x0, 0x0, 0x0,
    0x0, 0xe3, 0x0, 0x0, 0x0, 0x0, 0x0, 0x0,
    0xe3, 0x0, 0x0, 0x0, 0x0, 0x0, 0x0, 0xe4,
    0x0, 0x0, 0x0,

    /* U+4E26 "並" */
    0x0, 0x6, 0x20, 0x0, 0x9, 0x30, 0x0, 0x0,
    0x8, 0xd0, 0x0, 0x3f, 0x20, 0x0, 0x0, 0x0,
    0xc3, 0x0, 0x99, 0x0, 0x0, 0x8, 0xcc, 0xcc,
    0xcc, 0xfd, 0xcc, 0xa0, 0x2, 0x22, 0x3f, 0x22,
    0xf3, 0x22, 0x20, 0x0, 0x0, 0x1f, 0x0, 0xf0,
    0x0, 0x0, 0x3, 0xb0, 0x1f, 0x0, 0xf0, 0xc,
    0x50, 0x0, 0xe4, 0x1f, 0x0, 0xf0, 0x3f, 0x20,
    0x0, 0x7c, 0x1f, 0x0, 0xf0, 0xc8, 0x0, 0x0,
    0x1c, 0x2f, 0x0, 0xf2, 0xc0, 0x0, 0x0, 0x0,
    0x1f, 0x0, 0xf0, 0x0, 0x0, 0x0, 0x0, 0x1f,
    0x0, 0xf0, 0x0, 0x0, 0x4e, 0xee, 0xee, 0xee,
    0xee, 0xee, 0xe4,

    /* U+4E2D "中" */
    0x0, 0x0, 0x5, 0xe0, 0x0, 0x0, 0x0, 0x0,
    0x5, 0xd0, 0x0, 0x0, 0x2b, 0xbb, 0xbc, 0xfb,
    0xbb, 0xb9, 0x3e, 0x22, 0x26, 0xd2, 0x22, 0x6d,
    0x3e, 0x0, 0x4, 0xd0, 0x0, 0x5d, 0x3e, 0x0,
    0x4, 0xd0, 0x0, 0x5d, 0x3e, 0x22, 0x26, 0xd2,
    0x22, 0x6d, 0x4f, 0xbb, 0xbc, 0xfb, 0xbb, 0xcd,
    0x1, 0x0, 0x4, 0xd0, 0x0, 0x1, 0x0, 0x0,
    0x4, 0xd0, 0x0, 0x0, 0x0, 0x0, 0x5, 0xd0,
    0x0, 0x0, 0x0, 0x0, 0x5, 0xe0, 0x0, 0x0,

    /* U+4E3B "主" */
    0x0, 0x0, 0x0, 0x0, 0x0, 0x0, 0x0, 0x0,
    0x0, 0xb, 0x70, 0x0, 0x0, 0x0, 0x0, 0x0,
    0x3, 0xf4, 0x0, 0x0, 0x0, 0x3, 0x33, 0x33,
    0x86, 0x33, 0x33, 0x10, 0xa, 0xbb, 0xbb, 0xfc,
    0xbb, 0xbb, 0x40, 0x0, 0x0, 0x0, 0xe4, 0x0,
    0x0, 0x0, 0x0, 0x0, 0x0, 0xe4, 0x0, 0x0,
    0x0, 0x1, 0xff, 0xff, 0xff, 0xff, 0xf8, 0x0,
    0x0, 0x0, 0x0, 0xe4, 0x0, 0x0, 0x0, 0x0,
    0x0, 0x0, 0xe4, 0x0, 0x0, 0x0, 0x0, 0x0,
    0x0, 0xe4, 0x0, 0x0, 0x0, 0x12, 0x22, 0x22,
    0xe5, 0x22, 0x22, 0x20, 0x5d, 0xdd, 0xdd, 0xdd,
    0xdd, 0xdd, 0xd0,

    /* U+4EE4 "令" */
    0x0, 0x0, 0x0, 0x94, 0x0, 0x0, 0x0, 0x0,
    0x0, 0x7, 0xfa, 0x0, 0x0, 0x0, 0x0, 0x0,
    0x3f, 0x5c, 0x90, 0x0, 0x0, 0x0, 0x3, 0xf5,
    0x1, 0xcc, 0x10, 0x0, 0x0, 0x6f, 0x63, 0xc1,
    0xb, 0xf7, 0x0, 0x2b, 0xe4, 0x0, 0xbc, 0x0,
    0x6f, 0xf3, 0x2a, 0x10, 0x0, 0x15, 0x0, 0x1,
    0x70, 0x0, 0xbc, 0xcc, 0xcc, 0xcc, 0xc8, 0x0,
    0x0, 0x33, 0x33, 0x33, 0x3c, 0xf6, 0x0, 0x0,
    0x0, 0x0, 0x0, 0xad, 0x20, 0x0, 0x0, 0x0,
    0xbb, 0x2a, 0xc1, 0x0, 0x0, 0x0, 0x0, 0x19,
    0xff, 0x20, 0x0, 0x0, 0x0, 0x0, 0x0, 0x2c,
    0xe0, 0x0, 0x0, 0x0, 0x0, 0x0, 0x0, 0x30,
    0x0, 0x0,

    /* U+4EF6 "件" */
    0x0, 0x0, 0x0, 0x0, 0x0, 0x0, 0x0, 0x0,
    0x7, 0xb0, 0x0, 0x2f, 0x0, 0x0, 0x0, 0xd,
    0x30, 0xd2, 0x2e, 0x0, 0x0, 0x0, 0x6d, 0x3,
    0xe0, 0x2e, 0x0, 0x10, 0x1, 0xec, 0x9, 0xee,
    0xef, 0xee, 0xc0, 0xb, 0xcc, 0x2f, 0x10, 0x2e,
    0x0, 0x0, 0x1a, 0x4c, 0x48, 0x0, 0x2e, 0x0,
    0x0, 0x0, 0x4c, 0x12, 0x22, 0x4e, 0x22, 0x22,
    0x0, 0x4c, 0x7c, 0xcc, 0xcf, 0xcc, 0xc9, 0x0,
    0x4c, 0x0, 0x0, 0x2e, 0x0, 0x0, 0x0, 0x4c,
    0x0, 0x0, 0x2e, 0x0, 0x0, 0x0, 0x4c, 0x0,
    0x0, 0x2e, 0x0, 0x0, 0x0, 0x4c, 0x0, 0x0,
    0x2f, 0x0, 0x0, 0x0, 0x0, 0x0, 0x0, 0x0,
    0x0, 0x0,

    /* U+4EFB "任" */
    0x0, 0x1, 0x81, 0x0, 0x0, 0x0, 0x0, 0x0,
    0x6, 0xe1, 0x0, 0x3, 0x6a, 0x50, 0x0, 0xe,
    0x54, 0xce, 0xff, 0xa7, 0x30, 0x0, 0x7d, 0x0,
    0x31, 0x4d, 0x0, 0x0, 0x2, 0xfd, 0x0, 0x0,
    0x4d, 0x0, 0x0, 0xd, 0xad, 0x0, 0x0, 0x4d,
    0x0, 0x0, 0x7, 0x4d, 0x3d, 0xcc, 0xdf, 0xcc,
    0xd9, 0x0, 0x4d, 0x2, 0x22, 0x5d, 0x22, 0x21,
    0x0, 0x4d, 0x0, 0x0, 0x4d, 0x0, 0x0, 0x0,
    0x4d, 0x0, 0x0, 0x4d, 0x0, 0x0, 0x0, 0x4d,
    0x0, 0x0, 0x4d, 0x0, 0x0, 0x0, 0x4d, 0x8,
    0xdd, 0xdf, 0xdd, 0xd2, 0x0, 0x4e, 0x1, 0x21,
    0x11, 0x11, 0x20,

    /* U+4F4D "位" */
    0x0, 0x3, 0x0, 0x0, 0x40, 0x0, 0x0, 0x0,
    0xc, 0x80, 0x3, 0xf3, 0x0, 0x0, 0x0, 0x2f,
    0x20, 0x0, 0x96, 0x0, 0x0, 0x0, 0x8d, 0xe,
    0xff, 0xff, 0xff, 0xf1, 0x1, 0xfc, 0x0, 0x0,
    0x0, 0x0, 0x0, 0x9, 0xec, 0x1, 0xa0, 0x0,
    0xb9, 0x0, 0x2f, 0x6c, 0x0, 0xf3, 0x0, 0xe6,
    0x0, 0x3, 0x4c, 0x0, 0x99, 0x1, 0xf1, 0x0,
    0x0, 0x4c, 0x0, 0x4d, 0x4, 0xd0, 0x0, 0x0,
    0x4c, 0x0, 0xf, 0x28, 0x90, 0x0, 0x0, 0x4c,
    0x0, 0x6, 0x1c, 0x50, 0x0, 0x0, 0x4c, 0x5e,
    0xee, 0xef, 0xee, 0xe6, 0x0, 0x5c, 0x1, 0x11,
    0x11, 0x11, 0x11,

    /* U+4F4E "低" */
    0x0, 0x2, 0x0, 0x0, 0x0, 0x0, 0x0, 0x0,
    0x2f, 0x10, 0x0, 0x3, 0x83, 0x0, 0x0, 0x7a,
    0x1b, 0xcd, 0xfc, 0x95, 0x0, 0x0, 0xd5, 0x1e,
    0x10, 0xe1, 0x0, 0x0, 0x4, 0xf4, 0x1e, 0x0,
    0xd1, 0x0, 0x0, 0xc, 0xf4, 0x1e, 0x0, 0xd2,
    0x0, 0x0, 0x6c, 0xc4, 0x1f, 0xdd, 0xfe, 0xde,
    0x50, 0x12, 0xc4, 0x1e, 0x0, 0x96, 0x0, 0x0,
    0x0, 0xc4, 0x1e, 0x0, 0x69, 0x0, 0x0, 0x0,
    0xc4, 0x1e, 0x6, 0x2d, 0x0, 0x0, 0x0, 0xc4,
    0x1f, 0xc7, 0xc, 0x50, 0x80, 0x0, 0xc4, 0x3f,
    0x6c, 0x24, 0xe6, 0xc0, 0x0, 0xc5, 0x3, 0x5,
    0x70, 0x7f, 0x50, 0x0, 0x0, 0x0, 0x0, 0x0,
    0x0, 0x0,

    /* U+4F53 "体" */
    0x0, 0x3c, 0x10, 0x1, 0xf0, 0x0, 0x0, 0x0,
    0x7c, 0x0, 0x1, 0xe0, 0x0, 0x0, 0x0, 0xd4,
    0x23, 0x34, 0xf3, 0x33, 0x30, 0x4, 0xf2, 0x8a,
    0xbf, 0xff, 0xaa, 0xa0, 0xc, 0xf2, 0x0, 0x5c,
    0xed, 0x20, 0x0, 0x6c, 0xd2, 0x0, 0xb7, 0xe8,
    0x90, 0x0, 0x22, 0xd2, 0x4, 0xe1, 0xe1, 0xe3,
    0x0, 0x0, 0xd2, 0x3f, 0x51, 0xe0, 0x5e, 0x30,
    0x0, 0xd7, 0xf8, 0x23, 0xe2, 0x27, 0xf2, 0x0,
    0xd3, 0x61, 0xcc, 0xfb, 0xc0, 0x20, 0x0, 0xd2,
    0x0, 0x1, 0xf0, 0x0, 0x0, 0x0, 0xd2, 0x0,
    0x1, 0xf0, 0x0, 0x0,

    /* U+4F59 "余" */
    0x0, 0x0, 0x1, 0x92, 0x0, 0x0, 0x0, 0x0,
    0x0, 0x9, 0xf9, 0x0, 0x0, 0x0, 0x0, 0x0,
    0x5f, 0x2c, 0x90, 0x0, 0x0, 0x0, 0x4, 0xf5,
    0x0, 0xbd, 0x40, 0x0, 0x0, 0x7f, 0x50, 0x0,
    0x7, 0xfe, 0x90, 0x2d, 0xe6, 0xee, 0xee, 0xea,
    0x18, 0x70, 0x5, 0x0, 0x0, 0xc5, 0x0, 0x0,
    0x0, 0x0, 0x0, 0x0, 0xc5, 0x0, 0x0, 0x0,
    0x4, 0xff, 0xff, 0xff, 0xff, 0xf8, 0x0, 0x0,
    0x1, 0x0, 0xc5, 0x5, 0x0, 0x0, 0x0, 0x1d,
    0x90, 0xc5, 0x1e, 0x70, 0x0, 0x4, 0xea, 0x0,
    0xc5, 0x2, 0xe8, 0x0, 0xa, 0x70, 0xc, 0xf3,
    0x0, 0x47, 0x0, 0x0, 0x0, 0x4, 0x30, 0x0,
    0x0, 0x0,

    /* U+4FDD "保" */
    0x0, 0x6, 0x10, 0x0, 0x0, 0x0, 0x0, 0x0,
    0x1f, 0x24, 0xfe, 0xee, 0xed, 0x0, 0x0, 0x79,
    0x4, 0xb0, 0x0, 0x2d, 0x0, 0x0, 0xd4, 0x4,
    0xb0, 0x0, 0x2d, 0x0, 0x6, 0xf4, 0x4, 0xfc,
    0xcc, 0xcd, 0x0, 0x1e, 0xd4, 0x0, 0x11, 0xf2,
    0x11, 0x0, 0x99, 0xb4, 0x0, 0x0, 0xf0, 0x0,
    0x0, 0x20, 0xb4, 0xdf, 0xef, 0xff, 0xef, 0xf0,
    0x0, 0xb4, 0x0, 0x4b, 0xfd, 0x40, 0x0, 0x0,
    0xb4, 0x1, 0xd2, 0xf4, 0xe1, 0x0, 0x0, 0xb4,
    0x2d, 0x50, 0xf0, 0x7e, 0x40, 0x0, 0xb5, 0xd6,
    0x0, 0xf0, 0x6, 0xc1, 0x0, 0xb5, 0x0, 0x0,
    0xf1, 0x0, 0x0,

    /* U+505C "停" */
    0x0, 0x36, 0x0, 0x2, 0xa0, 0x0, 0x0, 0x0,
    0x88, 0x47, 0x77, 0xf8, 0x77, 0x60, 0x0, 0xe3,
    0x36, 0x66, 0x66, 0x66, 0x50, 0x4, 0xf2, 0x8,
    0xcc, 0xcc, 0xc9, 0x0, 0xc, 0xf2, 0xa, 0x41,
    0x11, 0x3c, 0x0, 0x5d, 0xd2, 0xa, 0xdc, 0xcc,
    0xcc, 0x0, 0x66, 0xd2, 0x2, 0x33, 0x33, 0x32,
    0x0, 0x0, 0xd3, 0xfd, 0xdd, 0xdd, 0xdd, 0xf0,
    0x0, 0xd3, 0xb1, 0x10, 0x0, 0x1, 0xa0, 0x0,
    0xd2, 0x8, 0xdd, 0xfd, 0xd9, 0x0, 0x0, 0xd2,
    0x0, 0x0, 0xd2, 0x0, 0x0, 0x0, 0xd2, 0x0,
    0x0, 0xe2, 0x0, 0x0, 0x0, 0xd2, 0x0, 0x2e,
    0xe0, 0x0, 0x0, 0x0, 0x0, 0x0, 0x2, 0x0,
    0x0, 0x0,

    /* U+5132 "儲" */
    0x0, 0x0, 0x0, 0x0, 0x0, 0x0, 0x0, 0x0,
    0x5d, 0x18, 0x0, 0x5, 0xc0, 0x0, 0x0, 0xb6,
    0x8, 0x0, 0x3b, 0xd6, 0xa2, 0x2, 0xf5, 0xdd,
    0xd8, 0x17, 0xb6, 0xd0, 0xa, 0xf0, 0x0, 0x0,
    0x5, 0xbc, 0x40, 0x4d, 0xe0, 0xcd, 0xd3, 0xed,
    0xff, 0xd7, 0x44, 0xe0, 0x33, 0x30, 0x4, 0xe2,
    0x0, 0x0, 0xe0, 0x87, 0x80, 0x2f, 0xec, 0xc0,
    0x0, 0xe0, 0x33, 0x33, 0xee, 0x1, 0xe0, 0x0,
    0xe0, 0xf9, 0xe4, 0x6f, 0xcc, 0xe0, 0x0, 0xe0,
    0xd0, 0xb2, 0x1e, 0x1, 0xe0, 0x0, 0xe0, 0xfd,
    0xf2, 0x1f, 0xcc, 0xe0, 0x0, 0xf1, 0xd0, 0xb3,
    0x1e, 0x1, 0xf0, 0x0, 0x10, 0x0, 0x0, 0x0,
    0x0, 0x0,

    /* U+5148 "先" */
    0x0, 0x0, 0x0, 0x23, 0x0, 0x0, 0x0, 0x0,
    0xa, 0x70, 0x7a, 0x0, 0x0, 0x0, 0x0, 0xf,
    0x30, 0x6a, 0x0, 0x0, 0x0, 0x0, 0x6f, 0xee,
    0xff, 0xee, 0xf9, 0x0, 0x0, 0xe6, 0x11, 0x7b,
    0x11, 0x11, 0x0, 0x1, 0x80, 0x0, 0x6a, 0x0,
    0x0, 0x0, 0x1d, 0xcc, 0xcc, 0xee, 0xcc, 0xcc,
    0xd3, 0x3, 0x33, 0x5f, 0x33, 0xe5, 0x33, 0x30,
    0x0, 0x0, 0x6c, 0x0, 0xe2, 0x0, 0x0, 0x0,
    0x0, 0xc8, 0x0, 0xe2, 0x0, 0x0, 0x0, 0x5,
    0xf1, 0x0, 0xe2, 0x2, 0x60, 0x0, 0x6f, 0x40,
    0x0, 0xe4, 0x6, 0xf0, 0xa, 0xe4, 0x0, 0x0,
    0x9f, 0xff, 0x70, 0x0, 0x0, 0x0, 0x0, 0x0,
    0x0, 0x0,

    /* U+5149 "光" */
    0x0, 0x0, 0x0, 0x9b, 0x0, 0x0, 0x0, 0x0,
    0x14, 0x0, 0x8a, 0x0, 0x56, 0x0, 0x0, 0x6f,
    0x20, 0x8a, 0x1, 0xe7, 0x0, 0x0, 0xb, 0xc0,
    0x8a, 0xa, 0xb0, 0x0, 0x0, 0x1, 0x20, 0x8a,
    0x1, 0x10, 0x0, 0x2f, 0xee, 0xef, 0xee, 0xfe,
    0xee, 0xf4, 0x0, 0x0, 0x1f, 0x2, 0xe0, 0x0,
    0x0, 0x0, 0x0, 0x3f, 0x2, 0xe0, 0x0, 0x0,
    0x0, 0x0, 0x8a, 0x2, 0xe0, 0x0, 0x0, 0x0,
    0x3, 0xf3, 0x2, 0xe0, 0x0, 0x70, 0x1, 0x7f,
    0x70, 0x2, 0xf1, 0x3, 0xf2, 0x3f, 0xd4, 0x0,
    0x0, 0xce, 0xfe, 0x90, 0x3, 0x0, 0x0, 0x0,
    0x0, 0x0, 0x0,

    /* U+5165 "入" */
    0x0, 0x0, 0x0, 0x0, 0x0, 0x0, 0x0, 0x0,
    0x0, 0xc9, 0x0, 0x0, 0x0, 0x0, 0x0, 0x0,
    0x2d, 0xa0, 0x0, 0x0, 0x0, 0x0, 0x0, 0x1,
    0xe7, 0x0, 0x0, 0x0, 0x0, 0x0, 0x0, 0xae,
    0x0, 0x0, 0x0, 0x0, 0x0, 0x1, 0xfd, 0x70,
    0x0, 0x0, 0x0, 0x0, 0x8, 0xa5, 0xd0, 0x0,
    0x0, 0x0, 0x0, 0x2f, 0x30, 0xe5, 0x0, 0x0,
    0x0, 0x0, 0xc9, 0x0, 0x7e, 0x10, 0x0, 0x0,
    0x8, 0xe1, 0x0, 0xd, 0xb0, 0x0, 0x0, 0x8f,
    0x30, 0x0, 0x3, 0xfc, 0x10, 0x1b, 0xf4, 0x0,
    0x0, 0x0, 0x4f, 0xf2, 0x1b, 0x30, 0x0, 0x0,
    0x0, 0x3, 0x60, 0x0, 0x0, 0x0, 0x0, 0x0,
    0x0, 0x0,

    /* U+5168 "全" */
    0x0, 0x0, 0x0, 0x0, 0x0, 0x0, 0x0, 0x0,
    0x0, 0x0, 0xac, 0x0, 0x0, 0x0, 0x0, 0x0,
    0x5, 0xeb, 0x70, 0x0, 0x0, 0x0, 0x0, 0x4f,
    0x41, 0xe7, 0x0, 0x0, 0x0, 0x6, 0xf5, 0x0,
    0x2e, 0xb2, 0x0, 0x5, 0xcf, 0x73, 0x33, 0x34,
    0xdf, 0xc4, 0xb, 0x97, 0xcc, 0xcf, 0xcc, 0xc4,
    0xa1, 0x0, 0x0, 0x0, 0x3e, 0x0, 0x0, 0x0,
    0x0, 0x1, 0x11, 0x4e, 0x11, 0x11, 0x0, 0x0,
    0x2d, 0xdd, 0xdf, 0xdd, 0xda, 0x0, 0x0, 0x0,
    0x0, 0x3e, 0x0, 0x0, 0x0, 0x0, 0x0, 0x0,
    0x3e, 0x0, 0x0, 0x0, 0x5, 0xee, 0xee, 0xef,
    0xee, 0xef, 0xa0, 0x0, 0x0, 0x0, 0x0, 0x0,
    0x0, 0x0,

    /* U+5173 "关" */
    0x0, 0x0, 0x0, 0x0, 0x0, 0x0, 0x0, 0x0,
    0x2b, 0x0, 0x7, 0x90, 0x0, 0x0, 0x0, 0xd8,
    0x0, 0xd6, 0x0, 0x0, 0x2, 0x26, 0x72, 0x5e,
    0x22, 0x20, 0x3, 0xcc, 0xcc, 0xfd, 0xcc, 0xcb,
    0x0, 0x0, 0x0, 0xd, 0x30, 0x0, 0x0, 0x0,
    0x0, 0x0, 0xd3, 0x0, 0x0, 0x0, 0xde, 0xee,
    0xef, 0xfe, 0xee, 0xf9, 0x0, 0x0, 0x2, 0xfc,
    0x0, 0x0, 0x0, 0x0, 0x0, 0xb8, 0xba, 0x0,
    0x0, 0x0, 0x1, 0xbb, 0x1, 0xdc, 0x30, 0x0,
    0x17, 0xe9, 0x0, 0x1, 0xaf, 0xc6, 0xb, 0xb3,
    0x0, 0x0, 0x0, 0x4b, 0x50, 0x0, 0x0, 0x0,
    0x0, 0x0, 0x0,

    /* U+5199 "写" */
    0xfe, 0xee, 0xee, 0xee, 0xee, 0xfa, 0xe1, 0x15,
    0x0, 0x0, 0x0, 0x6a, 0xb1, 0x3e, 0x0, 0x0,
    0x0, 0x34, 0x0, 0x4d, 0x11, 0x11, 0x11, 0x0,
    0x0, 0x6f, 0xdd, 0xdd, 0xdc, 0x0, 0x0, 0x89,
    0x0, 0x0, 0x0, 0x0, 0x0, 0x9f, 0xee, 0xee,
    0xee, 0xb0, 0x0, 0x0, 0x0, 0x0, 0x5, 0xc0,
    0x10, 0x0, 0x0, 0x1, 0x5, 0xb0, 0xce, 0xee,
    0xee, 0xee, 0x17, 0xa0, 0x0, 0x0, 0x0, 0x0,
    0xa, 0x80, 0x0, 0x0, 0x0, 0x9, 0xee, 0x20,
    0x0, 0x0, 0x0, 0x2, 0x30, 0x0,

    /* U+51B7 "冷" */
    0x0, 0x0, 0x0, 0x1, 0x70, 0x0, 0x0, 0x3,
    0x0, 0x0, 0x7, 0xf1, 0x0, 0x0, 0xb, 0xb0,
    0x0, 0xe, 0xab, 0x0, 0x0, 0x0, 0xca, 0x0,
    0x9a, 0xb, 0x90, 0x0, 0x0, 0x16, 0x6, 0xd3,
    0x70, 0xda, 0x10, 0x0, 0x0, 0x9e, 0x11, 0xe5,
    0x1b, 0xe3, 0x0, 0x2a, 0x71, 0x0, 0x47, 0x0,
    0x50, 0x0, 0x99, 0x2d, 0xdd, 0xdd, 0xdc, 0x10,
    0x1, 0xf1, 0x2, 0x11, 0x12, 0xe6, 0x0, 0xa,
    0x90, 0x0, 0x52, 0xa, 0xa0, 0x0, 0x4f, 0x10,
    0x0, 0x7e, 0x9d, 0x0, 0x0, 0x4, 0x0, 0x0,
    0x4, 0xf8, 0x0, 0x0, 0x0, 0x0, 0x0, 0x0,
    0x2e, 0x30, 0x0, 0x0, 0x0, 0x0, 0x0, 0x1,
    0x0, 0x0,

    /* U+51FA "出" */
    0x0, 0x0, 0x3, 0xe0, 0x0, 0x0, 0x8, 0x50,
    0x2, 0xe0, 0x0, 0xa0, 0xa, 0x70, 0x2, 0xe0,
    0x1, 0xf0, 0xa, 0x70, 0x2, 0xe0, 0x1, 0xf0,
    0xa, 0x93, 0x35, 0xe3, 0x34, 0xf0, 0x7, 0xbb,
    0xbb, 0xfb, 0xbb, 0xa0, 0x26, 0x0, 0x2, 0xe0,
    0x0, 0x43, 0x4c, 0x0, 0x2, 0xe0, 0x0, 0x97,
    0x4c, 0x0, 0x2, 0xe0, 0x0, 0x97, 0x4c, 0x0,
    0x2, 0xe0, 0x0, 0x97, 0x4f, 0xbb, 0xbc, 0xfb,
    0xbb, 0xe7, 0x13, 0x33, 0x33, 0x33, 0x33, 0xa8,

    /* U+5206 "分" */
    0x0, 0x0, 0x0, 0x0, 0x20, 0x0, 0x0, 0x0,
    0x0, 0x7a, 0x2, 0xf1, 0x0, 0x0, 0x0, 0x0,
    0xe5, 0x0, 0xaa, 0x0, 0x0, 0x0, 0x8, 0xc0,
    0x0, 0x1f, 0x60, 0x0, 0x0, 0x3f, 0x30, 0x0,
    0x5, 0xf7, 0x0, 0x2, 0xe8, 0x0, 0x0, 0x0,
    0x5f, 0xc2, 0xd, 0xab, 0xff, 0xff, 0xff, 0xe2,
    0xc1, 0x1, 0x0, 0xc, 0x60, 0x5, 0xd0, 0x0,
    0x0, 0x0, 0xe, 0x30, 0x6, 0xb0, 0x0, 0x0,
    0x0, 0x5e, 0x0, 0x8, 0x90, 0x0, 0x0, 0x1,
    0xe6, 0x0, 0xa, 0x70, 0x0, 0x0, 0x4e, 0x90,
    0x2, 0x4e, 0x50, 0x0, 0x5, 0xf7, 0x0, 0x5,
    0xd8, 0x0, 0x0, 0x0, 0x10, 0x0, 0x0, 0x0,
    0x0, 0x0,

    /* U+5207 "切" */
    0x0, 0x4c, 0x0, 0x0, 0x0, 0x0, 0x0, 0x0,
    0x3c, 0x0, 0xee, 0xfe, 0xee, 0xf1, 0x0, 0x3c,
    0x0, 0x0, 0xc5, 0x0, 0xf0, 0x0, 0x3d, 0x46,
    0x0, 0xc4, 0x0, 0xf0, 0x1e, 0xff, 0xb9, 0x0,
    0xd3, 0x1, 0xf0, 0x1, 0x3c, 0x0, 0x0, 0xe1,
    0x2, 0xe0, 0x0, 0x3c, 0x0, 0x1, 0xf0, 0x2,
    0xd0, 0x0, 0x3c, 0x8, 0x7, 0xb0, 0x3, 0xd0,
    0x0, 0x3d, 0xcb, 0x1d, 0x50, 0x4, 0xc0, 0x0,
    0x8f, 0x60, 0x7d, 0x0, 0x5, 0xb0, 0x0, 0x22,
    0x6, 0xf2, 0x3, 0x4b, 0xa0, 0x0, 0x0, 0x4f,
    0x30, 0x6, 0xfd, 0x30, 0x0, 0x0, 0x1, 0x0,
    0x0, 0x0, 0x0,

    /* U+5217 "列" */
    0x1d, 0xde, 0xfd, 0xdd, 0x60, 0x1, 0xf2, 0x0,
    0xa, 0xa0, 0x0, 0x7, 0x30, 0xf1, 0x0, 0xd,
    0x70, 0x0, 0xd, 0x50, 0xf1, 0x0, 0x2f, 0xdc,
    0xc6, 0xd, 0x50, 0xf1, 0x0, 0x9c, 0x22, 0xb6,
    0xd, 0x50, 0xf1, 0x3, 0xf5, 0x0, 0xd3, 0xd,
    0x50, 0xf1, 0xd, 0xa9, 0xb2, 0xf0, 0xd, 0x50,
    0xf1, 0x4, 0x1, 0xcf, 0x90, 0xd, 0x50, 0xf1,
    0x0, 0x0, 0x3f, 0x20, 0xe, 0x50, 0xf1, 0x0,
    0x2, 0xd8, 0x0, 0x0, 0x0, 0xf1, 0x0, 0x7f,
    0x90, 0x0, 0x0, 0x13, 0xf0, 0x8, 0xf6, 0x0,
    0x0, 0x0, 0x7f, 0xc0, 0x0, 0x20, 0x0, 0x0,
    0x0, 0x12, 0x0,

    /* U+5220 "删" */
    0x3, 0xfd, 0xe2, 0xfd, 0xf0, 0x0, 0xf1, 0x3,
    0xc1, 0xd2, 0xd0, 0xf0, 0xf1, 0xe1, 0x3, 0xc1,
    0xd2, 0xd0, 0xe0, 0xe0, 0xe1, 0x3, 0xc1, 0xd2,
    0xd0, 0xe0, 0xe0, 0xe1, 0x17, 0xd6, 0xe6, 0xe5,
    0xf4, 0xe0, 0xe1, 0x2a, 0xe9, 0xe9, 0xe8, 0xf6,
    0xe0, 0xe1, 0x3, 0xb1, 0xd2, 0xc0, 0xe0, 0xe0,
    0xe1, 0x4, 0xa1, 0xd2, 0xc0, 0xe0, 0xe0, 0xe1,
    0x6, 0x81, 0xd3, 0xb0, 0xe0, 0xf1, 0xe1, 0x9,
    0x51, 0xd5, 0xa0, 0xe0, 0x0, 0xe1, 0xe, 0x11,
    0xda, 0x70, 0xe0, 0x0, 0xe1, 0x4a, 0x1f, 0xa8,
    0x2b, 0xd0, 0x1d, 0xe0, 0x0, 0x1, 0x0, 0x2,
    0x0, 0x5, 0x10,

    /* U+522A "刪" */
    0x9, 0xee, 0xfe, 0xfe, 0xf1, 0x0, 0xe2, 0x8,
    0x65, 0x83, 0xb0, 0xf0, 0xd1, 0xe1, 0x8, 0x65,
    0x83, 0xb0, 0xf0, 0xd1, 0xe1, 0x8, 0x65, 0x83,
    0xb0, 0xf0, 0xd1, 0xe1, 0x1a, 0x98, 0xb7, 0xd5,
    0xf4, 0xd1, 0xe1, 0x2c, 0xbb, 0xca, 0xe9, 0xf7,
    0xd1, 0xe1, 0x8, 0x65, 0x83, 0xb0, 0xf0, 0xd1,
    0xe1, 0x8, 0x65, 0x83, 0xb0, 0xf0, 0xd1, 0xe1,
    0x8, 0x65, 0x83, 0xb0, 0xf0, 0xe1, 0xe1, 0x8,
    0x65, 0x83, 0xb0, 0xf0, 0x30, 0xe1, 0x8, 0x64,
    0x73, 0xa0, 0xf0, 0x0, 0xe1, 0x9, 0x60, 0x0,
    0x2d, 0xb0, 0x2e, 0xc0, 0x0, 0x0, 0x0, 0x0,
    0x0, 0x0, 0x0,

    /* U+5230 "到" */
    0x0, 0x0, 0x0, 0x0, 0x0, 0x0, 0x0, 0xf,
    0xff, 0xff, 0xfe, 0x0, 0x3, 0xf0, 0x0, 0xa,
    0x80, 0x0, 0xc, 0x12, 0xf0, 0x0, 0x3f, 0x44,
    0x90, 0xf, 0x12, 0xe0, 0x1, 0xd6, 0x1, 0xe6,
    0xf, 0x2, 0xe0, 0xe, 0xfb, 0xcd, 0xef, 0x2f,
    0x2, 0xe0, 0x5, 0x45, 0xf1, 0x5, 0xf, 0x2,
    0xe0, 0x0, 0x2, 0xf0, 0x0, 0xf, 0x2, 0xe0,
    0xc, 0xee, 0xfe, 0xe9, 0xf, 0x2, 0xe0, 0x0,
    0x2, 0xf0, 0x0, 0xf, 0x12, 0xe0, 0x0, 0x2,
    0xf2, 0x57, 0x13, 0x2, 0xe0, 0x2c, 0xdf, 0xfd,
    0xa8, 0x0, 0x5, 0xe0, 0x8, 0x52, 0x0, 0x0,
    0x0, 0xef, 0x90, 0x0, 0x0, 0x0, 0x0, 0x0,
    0x20, 0x0,

    /* U+5236 "制" */
    0x3, 0x32, 0xf0, 0x0, 0x0, 0x2, 0xd0, 0xca,
    0x6f, 0x55, 0x50, 0xa1, 0x2e, 0x3e, 0x99, 0xf9,
    0x98, 0xf, 0x12, 0xe2, 0x50, 0x2f, 0x0, 0x0,
    0xf1, 0x2e, 0x8d, 0xdd, 0xfd, 0xdd, 0x3f, 0x12,
    0xe0, 0x0, 0x2f, 0x0, 0x0, 0xf1, 0x2e, 0x7,
    0x89, 0xf8, 0x88, 0xf, 0x12, 0xe0, 0xe7, 0x7f,
    0x67, 0xf0, 0xf1, 0x2e, 0xe, 0x22, 0xf0, 0x1f,
    0xf, 0x22, 0xe0, 0xe2, 0x2f, 0x18, 0xf0, 0x10,
    0x2e, 0xf, 0x22, 0xf0, 0xe9, 0x0, 0x4, 0xe0,
    0x0, 0x2f, 0x0, 0x0, 0xb, 0xe8, 0x0, 0x0,
    0x0, 0x0, 0x0, 0x0, 0x0,

    /* U+5269 "剩" */
    0x0, 0x23, 0x46, 0x99, 0x0, 0x0, 0xf0, 0x0,
    0xaa, 0xbb, 0x53, 0x0, 0x20, 0xf0, 0x4, 0x55,
    0x9a, 0x55, 0x51, 0xf0, 0xf0, 0x5, 0x77, 0xab,
    0x77, 0x60, 0xf0, 0xf0, 0x0, 0x3b, 0x67, 0xb4,
    0x50, 0xf0, 0xf0, 0xa, 0xcc, 0x67, 0xbd, 0x81,
    0xf0, 0xf0, 0x1, 0x9c, 0x67, 0xb4, 0x72, 0xf0,
    0xf0, 0x2e, 0x9a, 0x9c, 0x7b, 0xa1, 0xf0, 0xf0,
    0x0, 0x6, 0xff, 0xd1, 0x1, 0xc0, 0xf0, 0x0,
    0x5e, 0x97, 0x9e, 0x20, 0x0, 0xf0, 0x8, 0xd2,
    0x67, 0x8, 0x50, 0x2, 0xf0, 0x2, 0x10, 0x68,
    0x0, 0x0, 0x2e, 0x80, 0x0, 0x0, 0x0, 0x0,
    0x0, 0x0, 0x0,

    /* U+52A0 "加" */
    0x0, 0x9, 0x70, 0x0, 0x0, 0x0, 0x0, 0x0,
    0xa7, 0x0, 0x0, 0x0, 0x0, 0x3, 0x3c, 0x83,
    0x31, 0xdd, 0xdd, 0x30, 0x9b, 0xec, 0xbe, 0x4f,
    0x22, 0xc3, 0x0, 0xd, 0x40, 0xd3, 0xf0, 0xc,
    0x30, 0x0, 0xe2, 0xe, 0x2f, 0x0, 0xc3, 0x0,
    0xf, 0x0, 0xf1, 0xf0, 0xc, 0x30, 0x3, 0xd0,
    0xf, 0xf, 0x0, 0xc3, 0x0, 0x89, 0x0, 0xf0,
    0xf0, 0xc, 0x30, 0xe, 0x40, 0x1e, 0xf, 0xdd,
    0xf3, 0x8, 0xc0, 0x48, 0xc0, 0xf4, 0x4d, 0x32,
    0xe3, 0x9, 0xc3, 0xf, 0x0, 0x92, 0x1, 0x0,
    0x0, 0x0, 0x0, 0x0, 0x0,

    /* U+52A1 "务" */
    0x0, 0x0, 0x21, 0x0, 0x0, 0x0, 0x0, 0x0,
    0x0, 0xca, 0x0, 0x0, 0x0, 0x0, 0x0, 0x6,
    0xfd, 0xdd, 0xde, 0xd1, 0x0, 0x0, 0x5e, 0x9c,
    0x0, 0x3f, 0x40, 0x0, 0x3, 0xe3, 0xa, 0xb6,
    0xe4, 0x0, 0x0, 0x0, 0x0, 0x4, 0xff, 0x70,
    0x0, 0x0, 0x26, 0x8b, 0xeb, 0x84, 0xae, 0xca,
    0x90, 0xa, 0x84, 0x10, 0xf2, 0x0, 0x36, 0x60,
    0x0, 0xcd, 0xdd, 0xfd, 0xdd, 0xd5, 0x0, 0x0,
    0x10, 0x8, 0xb0, 0x0, 0xc5, 0x0, 0x0, 0x0,
    0x4f, 0x30, 0x0, 0xe3, 0x0, 0x0, 0x29, 0xf7,
    0x0, 0x35, 0xf1, 0x0, 0xa, 0xf9, 0x20, 0x0,
    0xdd, 0x80, 0x0, 0x1, 0x0, 0x0, 0x0, 0x0,
    0x0, 0x0,

    /* U+52A8 "动" */
    0x0, 0x0, 0x0, 0x0, 0x6, 0x10, 0x0, 0x0,
    0x0, 0x0, 0x0, 0xe, 0x30, 0x0, 0x9, 0xee,
    0xee, 0x70, 0xe, 0x20, 0x0, 0x0, 0x0, 0x0,
    0x27, 0x6e, 0x86, 0x61, 0x0, 0x0, 0x0, 0x28,
    0x8f, 0x98, 0xf2, 0x4c, 0xcc, 0xcc, 0xc0, 0xf,
    0x10, 0xe1, 0x1, 0x3f, 0x11, 0x10, 0xf, 0x0,
    0xf0, 0x0, 0x79, 0x7, 0x0, 0x2e, 0x0, 0xf0,
    0x0, 0xd2, 0xd, 0x50, 0x5b, 0x1, 0xf0, 0x7,
    0xb3, 0x5b, 0xd0, 0xa6, 0x2, 0xe0, 0xe, 0xec,
    0x97, 0xd6, 0xe1, 0x2, 0xd0, 0x1, 0x0, 0x0,
    0x2d, 0x60, 0x17, 0xc0, 0x0, 0x0, 0x0, 0xb9,
    0x0, 0xed, 0x40, 0x0, 0x0, 0x0, 0x0, 0x0,
    0x0, 0x0,

    /* U+52D5 "動" */
    0x0, 0x1, 0x25, 0x80, 0x6, 0x50, 0x0, 0x6f,
    0xff, 0xdb, 0x92, 0xa, 0x80, 0x0, 0x3, 0x1c,
    0x30, 0x0, 0xa, 0x60, 0x0, 0x9c, 0xcf, 0xcc,
    0xc1, 0x2b, 0x72, 0x20, 0x22, 0x2c, 0x52, 0x33,
    0xbe, 0xca, 0xe4, 0xd, 0xae, 0xba, 0xd0, 0xc,
    0x40, 0xc3, 0xe, 0xae, 0xba, 0xe0, 0xd, 0x20,
    0xd3, 0xe, 0x4c, 0x54, 0xe0, 0xf, 0x0, 0xe2,
    0xe, 0xef, 0xee, 0xf0, 0x1e, 0x0, 0xf1, 0x0,
    0xc, 0x30, 0x10, 0x5b, 0x0, 0xf0, 0x6d, 0xdf,
    0xdd, 0xd0, 0xa7, 0x0, 0xf0, 0x0, 0xc, 0x65,
    0x62, 0xf2, 0x25, 0xf0, 0x8d, 0xec, 0xa8, 0x6c,
    0xa0, 0xae, 0x70, 0x22, 0x0, 0x0, 0x2, 0x10,
    0x0, 0x0,

    /* U+52D9 "務" */
    0x0, 0x0, 0x0, 0x4, 0xa0, 0x0, 0x0, 0xe,
    0xff, 0xff, 0x6a, 0x80, 0x0, 0x0, 0x0, 0x0,
    0x6c, 0x4f, 0xee, 0xef, 0x10, 0x0, 0xc8, 0xd1,
    0xcc, 0xb0, 0xa7, 0x0, 0x0, 0x2d, 0x70, 0x60,
    0xbd, 0xb0, 0x0, 0x2d, 0xcd, 0xcc, 0x21, 0xbe,
    0xb2, 0x0, 0x1, 0x5f, 0x6f, 0x7e, 0x92, 0x7f,
    0xa0, 0x0, 0xae, 0x7a, 0x42, 0x7a, 0x2, 0x60,
    0x1, 0xe9, 0x60, 0x9f, 0xff, 0xff, 0x30, 0xb,
    0x79, 0x60, 0x0, 0xb4, 0xe, 0x20, 0x6c, 0x9,
    0x60, 0x1, 0xe0, 0xe, 0x10, 0x1, 0x9, 0x60,
    0xb, 0x80, 0x1f, 0x10, 0x0, 0xcf, 0x40, 0xcb,
    0x4, 0xfd, 0x0, 0x0, 0x21, 0x0, 0x30, 0x0,
    0x20, 0x0,

    /* U+5355 "单" */
    0x0, 0x3, 0x0, 0x0, 0x40, 0x0, 0x0, 0x0,
    0xaa, 0x0, 0x1f, 0x40, 0x0, 0x0, 0x1, 0xc1,
    0x7, 0xb0, 0x0, 0x0, 0x4f, 0xff, 0xff, 0xff,
    0xfd, 0x0, 0x4, 0xc0, 0x2, 0xe0, 0x2, 0xe0,
    0x0, 0x4f, 0xcc, 0xdf, 0xcc, 0xde, 0x0, 0x4,
    0xc1, 0x13, 0xe1, 0x13, 0xe0, 0x0, 0x4c, 0x0,
    0x2e, 0x0, 0x2e, 0x0, 0x4, 0xee, 0xee, 0xfe,
    0xee, 0xc0, 0x0, 0x0, 0x0, 0x2e, 0x0, 0x0,
    0x0, 0x9f, 0xff, 0xff, 0xff, 0xff, 0xff, 0x90,
    0x0, 0x0, 0x2e, 0x0, 0x0, 0x0, 0x0, 0x0,
    0x3, 0xe0, 0x0, 0x0, 0x0,

    /* U+5370 "印" */
    0x0, 0x26, 0xb5, 0x2, 0x22, 0x21, 0x4f, 0xca,
    0x74, 0x1f, 0xdd, 0xdf, 0x4d, 0x0, 0x0, 0x1e,
    0x0, 0x2e, 0x4d, 0x0, 0x0, 0x1e, 0x0, 0x2e,
    0x4f, 0xee, 0xe6, 0x1e, 0x0, 0x2e, 0x4d, 0x0,
    0x0, 0x1e, 0x0, 0x2e, 0x4d, 0x0, 0x0, 0x1e,
    0x0, 0x2e, 0x4d, 0x0, 0x63, 0x1e, 0x0, 0x2e,
    0x4d, 0x4c, 0xd3, 0x1e, 0x5, 0xad, 0x7f, 0xe6,
    0x0, 0x1e, 0x5, 0x94, 0x17, 0x0, 0x0, 0x1e,
    0x0, 0x0, 0x0, 0x0, 0x0, 0x1e, 0x0, 0x0,

    /* U+5373 "即" */
    0x4f, 0xdd, 0xdf, 0x3a, 0xdd, 0xdd, 0x4d, 0x0,
    0xe, 0x2b, 0x60, 0x2f, 0x4d, 0x0, 0xe, 0x2a,
    0x60, 0x2e, 0x4f, 0xdd, 0xdf, 0x2a, 0x60, 0x2e,
    0x4d, 0x0, 0xe, 0x2a, 0x60, 0x2e, 0x4d, 0x0,
    0xe, 0x2a, 0x60, 0x2e, 0x4f, 0xee, 0xee, 0x2a,
    0x60, 0x2e, 0x4d, 0x0, 0x70, 0xa, 0x60, 0x2e,
    0x4d, 0x0, 0xd9, 0xa, 0x60, 0x3e, 0x4e, 0x6c,
    0xbe, 0x4a, 0x67, 0xf8, 0x9f, 0x92, 0x6, 0x8b,
    0x60, 0x0, 0x11, 0x0, 0x0, 0xb, 0x60, 0x0,

    /* U+5374 "却" */
    0x0, 0x5, 0xd0, 0x0, 0x4, 0x44, 0x40, 0x6,
    0xab, 0xea, 0xa1, 0x2f, 0x44, 0xf2, 0x2, 0x36,
    0xd3, 0x30, 0x2e, 0x0, 0xf2, 0x0, 0x4, 0xd0,
    0x0, 0x2e, 0x0, 0xf2, 0x0, 0x4, 0xd0, 0x0,
    0x2e, 0x0, 0xf2, 0x4d, 0xcc, 0xcc, 0xc9, 0x2e,
    0x0, 0xf2, 0x0, 0xd, 0x40, 0x0, 0x2e, 0x0,
    0xf2, 0x0, 0x6c, 0x6, 0x20, 0x2e, 0x0, 0xf2,
    0x2, 0xd2, 0x5, 0xe1, 0x2e, 0x1, 0xf2, 0x1e,
    0xa8, 0xab, 0xda, 0x2e, 0x1e, 0xb0, 0x8, 0x53,
    0x0, 0x17, 0x2e, 0x0, 0x0, 0x0, 0x0, 0x0,
    0x0, 0x3e, 0x0, 0x0,

    /* U+537B "卻" */
    0x0, 0x37, 0x5, 0x20, 0x0, 0x0, 0x0, 0xc,
    0x70, 0x9c, 0xf, 0xee, 0xef, 0x9, 0xb0, 0x10,
    0xc6, 0xe2, 0x2, 0xe5, 0xd1, 0x2f, 0x33, 0x3e,
    0x20, 0x2e, 0x0, 0xa, 0xf6, 0x0, 0xe2, 0x2,
    0xe0, 0x4, 0xe1, 0xd4, 0xe, 0x20, 0x2e, 0x1,
    0xe3, 0x1, 0xd2, 0xe2, 0x2, 0xe2, 0xde, 0xbb,
    0xbc, 0x9e, 0x20, 0x2e, 0x67, 0xd5, 0x35, 0xd0,
    0xe2, 0x4, 0xe0, 0xd, 0x20, 0x2d, 0xe, 0x28,
    0xf9, 0x0, 0xd2, 0x2, 0xd0, 0xe2, 0x11, 0x0,
    0xd, 0xff, 0xfd, 0xe, 0x20, 0x0, 0x0, 0xd2,
    0x2, 0xe0, 0xf2, 0x0, 0x0, 0x0, 0x0, 0x0,
    0x1, 0x0, 0x0,

    /* U+53D1 "发" */
    0x0, 0x0, 0x0, 0x10, 0x0, 0x0, 0x0, 0x0,
    0x19, 0x0, 0xc6, 0xd, 0x40, 0x0, 0x0, 0x5c,
    0x0, 0xf1, 0x4, 0xe2, 0x0, 0x0, 0xa6, 0x3,
    0xd0, 0x0, 0x50, 0x0, 0x3, 0xff, 0xff, 0xff,
    0xff, 0xff, 0xb0, 0x0, 0x20, 0xc, 0x50, 0x0,
    0x0, 0x0, 0x0, 0x0, 0x3f, 0x0, 0x0, 0x0,
    0x0, 0x0, 0x0, 0xcf, 0xdd, 0xdd, 0xf4, 0x0,
    0x0, 0x6, 0xed, 0x40, 0x4, 0xc0, 0x0, 0x0,
    0x4f, 0x52, 0xe2, 0x1d, 0x30, 0x0, 0x5, 0xf6,
    0x0, 0x5d, 0xd4, 0x0, 0x0, 0x1c, 0x40, 0x1,
    0x8e, 0xe6, 0x0, 0x0, 0x0, 0x17, 0xbe, 0x81,
    0x3b, 0xfb, 0x70, 0x0, 0x9, 0x50, 0x0, 0x0,
    0x26, 0x50,

    /* U+53D6 "取" */
    0x0, 0x0, 0x0, 0x0, 0x0, 0x0, 0x0, 0xe,
    0xfd, 0xdf, 0xe3, 0x0, 0x0, 0x0, 0x0, 0xf0,
    0xb, 0x48, 0xfe, 0xef, 0x60, 0x0, 0xf0, 0xb,
    0x41, 0xe0, 0xb, 0x40, 0x0, 0xfc, 0xce, 0x40,
    0xf0, 0xe, 0x20, 0x0, 0xf0, 0xb, 0x40, 0xe1,
    0x1f, 0x0, 0x0, 0xf0, 0xb, 0x40, 0xb4, 0x5b,
    0x0, 0x0, 0xfe, 0xef, 0x40, 0x78, 0xb6, 0x0,
    0x0, 0xf0, 0xb, 0x40, 0x1e, 0xe0, 0x0, 0x0,
    0xf0, 0x3c, 0xd8, 0xd, 0xc0, 0x0, 0x9, 0xfc,
    0x9c, 0x50, 0xaa, 0xb9, 0x0, 0x7, 0x20, 0xb,
    0x5b, 0xc0, 0xc, 0xd1, 0x0, 0x0, 0xb, 0x55,
    0x0, 0x0, 0x40,

    /* U+53E3 "口" */
    0x23, 0x33, 0x33, 0x33, 0x32, 0xec, 0xbb, 0xbb,
    0xbb, 0xcf, 0xe3, 0x0, 0x0, 0x0, 0x2f, 0xd3,
    0x0, 0x0, 0x0, 0x2e, 0xd3, 0x0, 0x0, 0x0,
    0x2e, 0xd3, 0x0, 0x0, 0x0, 0x2e, 0xd3, 0x0,
    0x0, 0x0, 0x2e, 0xd3, 0x0, 0x0, 0x0, 0x2e,
    0xd3, 0x0, 0x0, 0x0, 0x2e, 0xdf, 0xff, 0xff,
    0xff, 0xff, 0xe3, 0x0, 0x0, 0x0, 0x2f,

    /* U+53EF "可" */
    0x1, 0x10, 0x0, 0x0, 0x0, 0x0, 0x10, 0xe,
    0xee, 0xee, 0xee, 0xee, 0xfe, 0xe6, 0x0, 0x0,
    0x0, 0x0, 0x0, 0xe4, 0x0, 0x0, 0x3e, 0xee,
    0xee, 0x10, 0xe4, 0x0, 0x0, 0x3d, 0x0, 0x1f,
    0x0, 0xe4, 0x0, 0x0, 0x3d, 0x0, 0xf, 0x0,
    0xe4, 0x0, 0x0, 0x3d, 0x0, 0xf, 0x0, 0xe4,
    0x0, 0x0, 0x3f, 0xee, 0xef, 0x0, 0xe4, 0x0,
    0x0, 0x3d, 0x0, 0xf, 0x10, 0xe4, 0x0, 0x0,
    0x16, 0x0, 0x0, 0x0, 0xe4, 0x0, 0x0, 0x0,
    0x0, 0x0, 0x1, 0xf4, 0x0, 0x0, 0x0, 0x0,
    0x0, 0xdf, 0xd1, 0x0, 0x0, 0x0, 0x0, 0x0,
    0x21, 0x0, 0x0,

    /* U+540D "名" */
    0x0, 0x0, 0x6, 0x0, 0x0, 0x0, 0x0, 0x0,
    0x7, 0xd0, 0x0, 0x0, 0x0, 0x0, 0x1, 0xfe,
    0xee, 0xee, 0xe5, 0x0, 0x0, 0xc7, 0x0, 0x0,
    0x8c, 0x0, 0x1, 0xca, 0x6b, 0x0, 0x4e, 0x20,
    0x0, 0x39, 0x0, 0xbd, 0x5e, 0x40, 0x0, 0x0,
    0x0, 0x0, 0xdf, 0x40, 0x0, 0x0, 0x0, 0x4,
    0xce, 0x52, 0x22, 0x20, 0x2, 0x7d, 0xfb, 0xbb,
    0xbb, 0xbf, 0x1, 0xc9, 0x5e, 0x0, 0x0, 0x1,
    0xf0, 0x0, 0x1, 0xe0, 0x0, 0x0, 0x1f, 0x0,
    0x0, 0x1f, 0xee, 0xee, 0xee, 0xf0, 0x0, 0x2,
    0xe0, 0x0, 0x0, 0x1f, 0x0, 0x0, 0x0, 0x0,
    0x0, 0x0, 0x0,

    /* U+542F "启" */
    0x0, 0x0, 0x0, 0x29, 0x0, 0x0, 0x0, 0x0,
    0x0, 0x1, 0xe6, 0x0, 0x0, 0x0, 0x1e, 0xee,
    0xef, 0xfe, 0xee, 0x10, 0x0, 0xe0, 0x0, 0x0,
    0x1, 0xf0, 0x0, 0xe, 0x0, 0x0, 0x0, 0x1f,
    0x0, 0x1, 0xfc, 0xcc, 0xcc, 0xcc, 0xf1, 0x0,
    0x2d, 0x22, 0x22, 0x22, 0x22, 0x0, 0x4, 0xb0,
    0x0, 0x0, 0x0, 0x0, 0x0, 0x89, 0xce, 0xee,
    0xee, 0xef, 0x30, 0xc, 0x5b, 0x60, 0x0, 0x0,
    0xf3, 0x2, 0xf1, 0xb6, 0x0, 0x0, 0xf, 0x30,
    0xa9, 0xb, 0xff, 0xff, 0xff, 0xf3, 0x9, 0x10,
    0xb6, 0x0, 0x0, 0xf, 0x30,

    /* U+548C "和" */
    0x0, 0x0, 0x36, 0x80, 0x0, 0x0, 0x0, 0x6e,
    0xff, 0xa8, 0x0, 0x0, 0x0, 0x0, 0x11, 0xe0,
    0x0, 0xee, 0xee, 0xf0, 0x0, 0x1e, 0x0, 0xe,
    0x20, 0x1f, 0xe, 0xee, 0xfe, 0xe7, 0xd2, 0x1,
    0xe0, 0x0, 0x8e, 0x0, 0xd, 0x20, 0x1e, 0x0,
    0xe, 0xea, 0x70, 0xd2, 0x1, 0xe0, 0x9, 0xbe,
    0x2f, 0x3d, 0x20, 0x1e, 0x4, 0xe2, 0xe0, 0x74,
    0xd2, 0x1, 0xe2, 0xf5, 0x1e, 0x0, 0xd, 0xee,
    0xee, 0x5, 0x1, 0xe0, 0x0, 0xe2, 0x1, 0xf0,
    0x0, 0x1f, 0x0, 0x5, 0x0, 0x3,

    /* U+555F "啟" */
    0x0, 0x1, 0x70, 0x0, 0x6, 0x10, 0x0, 0x0,
    0x0, 0xe1, 0x0, 0x1f, 0x0, 0x0, 0x0, 0xbb,
    0xcb, 0xa0, 0x59, 0x0, 0x0, 0x0, 0xf2, 0x23,
    0xe0, 0x9e, 0xdd, 0xd1, 0x0, 0xf0, 0x1, 0xe0,
    0xe1, 0x2d, 0x10, 0x0, 0xf0, 0x1, 0xe5, 0xd0,
    0x3b, 0x0, 0x1, 0xfd, 0xdd, 0xcc, 0xf3, 0x49,
    0x0, 0x3, 0xc0, 0x0, 0x1, 0x77, 0x86, 0x0,
    0x6, 0xcf, 0xee, 0xf0, 0x3c, 0xc2, 0x0, 0xa,
    0x9e, 0x0, 0xe0, 0xd, 0xd0, 0x0, 0xe, 0x5e,
    0x0, 0xe0, 0xc, 0xe3, 0x0, 0x5e, 0x1f, 0xcc,
    0xf0, 0xa9, 0x4e, 0x60, 0x4, 0x1e, 0x11, 0x7b,
    0x90, 0x4, 0xd2, 0x0, 0x0, 0x0, 0x1, 0x0,
    0x0, 0x0,

    /* U+55AE "單" */
    0x2, 0xfe, 0xef, 0x11, 0xfe, 0xef, 0x40, 0x1,
    0xe0, 0xe, 0x10, 0xf0, 0xb, 0x30, 0x1, 0xfc,
    0xcf, 0x10, 0xfc, 0xcf, 0x40, 0x0, 0x22, 0x22,
    0x0, 0x22, 0x22, 0x0, 0x0, 0xfe, 0xee, 0xef,
    0xee, 0xef, 0x10, 0x0, 0xe3, 0x0, 0x8b, 0x0,
    0x1f, 0x0, 0x0, 0xed, 0xcc, 0xee, 0xcc, 0xcf,
    0x0, 0x0, 0xe4, 0x22, 0x8b, 0x22, 0x2f, 0x0,
    0x0, 0xbc, 0xcc, 0xde, 0xcc, 0xcc, 0x0, 0x3,
    0x33, 0x33, 0x9c, 0x33, 0x33, 0x31, 0x2b, 0xaa,
    0xaa, 0xde, 0xaa, 0xaa, 0xb3, 0x0, 0x0, 0x0,
    0x8b, 0x0, 0x0, 0x0,

    /* U+55B7 "喷" */
    0x0, 0x0, 0x0, 0x0, 0x4c, 0x0, 0x0, 0x1c,
    0xcc, 0x32, 0xaa, 0xbe, 0xaa, 0x90, 0x1f, 0xb,
    0x40, 0x49, 0x39, 0x66, 0x0, 0x1f, 0xb, 0x49,
    0xce, 0xaa, 0xcc, 0xa5, 0x1f, 0xb, 0x41, 0x6b,
    0x11, 0x78, 0x11, 0x1f, 0xb, 0x40, 0x0, 0x0,
    0x0, 0x0, 0x1f, 0xb, 0x41, 0xfc, 0xcc, 0xcf,
    0x40, 0x1f, 0x1b, 0x40, 0xf0, 0x25, 0xc, 0x30,
    0x1f, 0xbe, 0x40, 0xf0, 0x6a, 0xc, 0x30, 0x1f,
    0x4, 0x11, 0xf0, 0xc6, 0xa, 0x30, 0x19, 0x0,
    0x0, 0x2a, 0xd1, 0xd7, 0x0, 0x0, 0x0, 0x4d,
    0xf8, 0x0, 0x1a, 0xd0, 0x0, 0x0, 0x3, 0x0,
    0x0, 0x0, 0x20,

    /* U+5634 "嘴" */
    0x0, 0x0, 0x0, 0x0, 0x10, 0x0, 0x0, 0x0,
    0x4, 0x1b, 0xb, 0x35, 0x30, 0xeb, 0xe0, 0xd1,
    0xe6, 0xbc, 0x92, 0xd, 0xd, 0xd, 0xb, 0xb,
    0x30, 0x40, 0xd0, 0xd0, 0xd7, 0xf8, 0xaa, 0x7e,
    0x1d, 0xd, 0x5a, 0x7c, 0x2, 0x66, 0x30, 0xd0,
    0xd0, 0x2d, 0xcc, 0xe8, 0x0, 0xd, 0xd, 0x5e,
    0xd9, 0x9f, 0x99, 0x0, 0xec, 0xe0, 0x4d, 0x5e,
    0x55, 0xf0, 0xd, 0xd, 0x3, 0xe9, 0xe9, 0x9f,
    0x0, 0xd0, 0x10, 0x6e, 0xcf, 0xcc, 0xf0, 0x0,
    0x0, 0xc, 0x40, 0xd0, 0xf, 0x0, 0x0, 0x8,
    0xc0, 0xd, 0xa, 0xd0, 0x0, 0x0, 0x11, 0x0,
    0x0, 0x31, 0x0,

    /* U+5674 "噴" */
    0x0, 0x0, 0x24, 0x47, 0xd4, 0x44, 0xd, 0xdd,
    0x13, 0x66, 0x8d, 0x67, 0x70, 0xe0, 0xd1, 0x5,
    0x92, 0x52, 0xd0, 0xe, 0xd, 0x8d, 0xde, 0xdd,
    0xdf, 0xd4, 0xe0, 0xd1, 0x7, 0x94, 0x44, 0xc3,
    0xe, 0xd, 0x13, 0xe9, 0x99, 0x9a, 0xd0, 0xe0,
    0xd1, 0x3f, 0xcc, 0xcc, 0xcd, 0xe, 0x3e, 0x13,
    0xe6, 0x66, 0x68, 0xd0, 0xea, 0xf1, 0x3d, 0x55,
    0x55, 0x7d, 0x9, 0x4, 0x3, 0xed, 0xdd, 0xdd,
    0xc0, 0x0, 0x0, 0x6, 0xe1, 0x5, 0xd2, 0x0,
    0x0, 0x2d, 0xd3, 0x0, 0x6, 0xe2, 0x0, 0x0,
    0x30, 0x0, 0x0, 0x2, 0x0,

    /* U+56DE "回" */
    0x3f, 0xee, 0xee, 0xee, 0xee, 0xfc, 0x3d, 0x0,
    0x0, 0x0, 0x0, 0x4c, 0x3d, 0x0, 0x0, 0x0,
    0x0, 0x4c, 0x3d, 0x1, 0xee, 0xee, 0xc0, 0x4c,
    0x3d, 0x1, 0xe0, 0x3, 0xd0, 0x4c, 0x3d, 0x1,
    0xe0, 0x3, 0xd0, 0x4c, 0x3d, 0x1, 0xe0, 0x3,
    0xd0, 0x4c, 0x3d, 0x1, 0xff, 0xff, 0xd0, 0x4c,
    0x3d, 0x0, 0x0, 0x0, 0x0, 0x4c, 0x3d, 0x0,
    0x0, 0x0, 0x0, 0x4c, 0x3f, 0xee, 0xee, 0xee,
    0xee, 0xec, 0x15, 0x0, 0x0, 0x0, 0x0, 0x25,

    /* U+5728 "在" */
    0x0, 0x0, 0x0, 0x30, 0x0, 0x0, 0x0, 0x0,
    0x0, 0x4, 0xf1, 0x0, 0x0, 0x0, 0x0, 0x10,
    0x9, 0xa0, 0x0, 0x1, 0x10, 0x9, 0xee, 0xef,
    0xee, 0xee, 0xee, 0xe0, 0x0, 0x0, 0x7d, 0x0,
    0x61, 0x0, 0x0, 0x0, 0xa, 0xf5, 0x0, 0xe3,
    0x0, 0x0, 0x0, 0x1f, 0xa0, 0x0, 0xe3, 0x0,
    0x0, 0x0, 0xbf, 0x1d, 0xfe, 0xfe, 0xef, 0x30,
    0x1c, 0xdf, 0x0, 0x0, 0xe3, 0x0, 0x0, 0x2a,
    0x1f, 0x0, 0x0, 0xe3, 0x0, 0x0, 0x0, 0xf,
    0x0, 0x0, 0xe3, 0x0, 0x0, 0x0, 0xf, 0x12,
    0x11, 0xe4, 0x11, 0x20, 0x0, 0x1f, 0x5c, 0xcc,
    0xcc, 0xcc, 0xc1,

    /* U+5730 "地" */
    0x0, 0x14, 0x0, 0x0, 0x0, 0x0, 0x0, 0x0,
    0x5c, 0x0, 0x0, 0x2f, 0x0, 0x0, 0x0, 0x5c,
    0x0, 0xc2, 0x2e, 0x0, 0x0, 0x0, 0x5c, 0x0,
    0xe2, 0x2e, 0x4, 0x80, 0xb, 0xcf, 0xb3, 0xe3,
    0x8f, 0xeb, 0xe0, 0x4, 0x7d, 0x47, 0xff, 0xae,
    0x2, 0xe0, 0x0, 0x5c, 0xc, 0xf2, 0x2e, 0x2,
    0xe0, 0x0, 0x5c, 0x0, 0xe1, 0x2e, 0x2, 0xe0,
    0x0, 0x5c, 0x0, 0xe1, 0x2e, 0x28, 0xd0, 0x0,
    0x5c, 0x2, 0xe1, 0x2e, 0x6e, 0x50, 0x0, 0x7f,
    0xe5, 0xe1, 0x2f, 0x0, 0x10, 0xd, 0xa5, 0x10,
    0xd4, 0x0, 0x0, 0x9c, 0x0, 0x0, 0x0, 0x7e,
    0xff, 0xfe, 0xd4,

    /* U+5740 "址" */
    0x0, 0xe4, 0x0, 0x0, 0x2f, 0x0, 0x0, 0x0,
    0xd3, 0x0, 0x0, 0x2f, 0x0, 0x0, 0x0, 0xd3,
    0x0, 0x50, 0x2f, 0x0, 0x0, 0x47, 0xe9, 0x70,
    0xf1, 0x2f, 0x1, 0x10, 0x48, 0xe9, 0x70, 0xf0,
    0x2f, 0xee, 0xa0, 0x0, 0xd3, 0x0, 0xf0, 0x2f,
    0x0, 0x0, 0x0, 0xd3, 0x0, 0xf0, 0x2f, 0x0,
    0x0, 0x0, 0xd3, 0x0, 0xf0, 0x2f, 0x0, 0x0,
    0x0, 0xd7, 0x90, 0xf0, 0x2f, 0x0, 0x0, 0x4a,
    0xfe, 0x80, 0xf0, 0x2f, 0x0, 0x0, 0x7b, 0x40,
    0x33, 0xf2, 0x4f, 0x22, 0x30, 0x0, 0x0, 0xcc,
    0xcc, 0xcc, 0xcc, 0xc3,

    /* U+57DF "域" */
    0x0, 0x0, 0x0, 0x0, 0x10, 0x0, 0x0, 0x0,
    0xf1, 0x0, 0x0, 0x7b, 0x2d, 0x10, 0x0, 0xe1,
    0x11, 0x0, 0x6b, 0x6, 0x20, 0x0, 0xe1, 0x9e,
    0xee, 0xef, 0xee, 0xe0, 0x25, 0xe6, 0x10, 0x0,
    0x4c, 0x0, 0x0, 0x38, 0xf8, 0x4d, 0xdd, 0x4d,
    0xc, 0x50, 0x0, 0xe1, 0x2e, 0xe, 0x3e, 0xf,
    0x20, 0x0, 0xe1, 0x2e, 0xe, 0x1f, 0x2e, 0x0,
    0x0, 0xe1, 0x2e, 0x2e, 0x1d, 0x99, 0x0, 0x0,
    0xe4, 0x4b, 0xbb, 0x1a, 0xf4, 0x0, 0x5, 0xfd,
    0x30, 0x4, 0x7, 0xf0, 0x10, 0x3d, 0x50, 0x49,
    0xea, 0x3e, 0xe7, 0xb5, 0x0, 0x0, 0x67, 0x13,
    0xe6, 0x2e, 0xe0, 0x0, 0x0, 0x0, 0x2, 0x50,
    0x0, 0x10,

    /* U+57E0 "埠" */
    0x0, 0x0, 0x0, 0x0, 0x40, 0x0, 0x0, 0x0,
    0x4c, 0x0, 0x3, 0xf2, 0x0, 0x0, 0x0, 0x4c,
    0x0, 0xfd, 0xdd, 0xdf, 0x30, 0x0, 0x4c, 0x0,
    0xe1, 0x0, 0xb, 0x30, 0xb, 0xce, 0xb3, 0xed,
    0xdd, 0xdd, 0x30, 0x4, 0x7d, 0x41, 0xe2, 0x11,
    0x11, 0x0, 0x0, 0x4c, 0x0, 0xed, 0xcc, 0xce,
    0xa0, 0x0, 0x4c, 0x0, 0xe1, 0x0, 0x7, 0x90,
    0x0, 0x4c, 0x20, 0xcd, 0xdf, 0xdd, 0x80, 0x1,
    0x8f, 0xc3, 0x11, 0x3e, 0x11, 0x11, 0x1f, 0xa3,
    0xb, 0xee, 0xef, 0xee, 0xea, 0x1, 0x0, 0x0,
    0x0, 0x2f, 0x0, 0x0, 0x0, 0x0, 0x0, 0x0,
    0x2f, 0x0, 0x0,

    /* U+586B "填" */
    0x0, 0x0, 0x0, 0x0, 0x62, 0x0, 0x0, 0x0,
    0xe2, 0x0, 0x0, 0xc4, 0x0, 0x0, 0x0, 0xd2,
    0xd, 0xdd, 0xfd, 0xdd, 0xa0, 0x0, 0xd2, 0x0,
    0x77, 0xf7, 0x76, 0x0, 0x5d, 0xfd, 0x80, 0xf5,
    0x55, 0x6d, 0x0, 0x0, 0xd2, 0x0, 0xf8, 0x88,
    0x9d, 0x0, 0x0, 0xd2, 0x0, 0xfc, 0xcc, 0xcd,
    0x0, 0x0, 0xd2, 0x0, 0xf4, 0x44, 0x6d, 0x0,
    0x0, 0xd2, 0x10, 0xf8, 0x88, 0x9d, 0x0, 0x4,
    0xee, 0x6c, 0xfb, 0xbb, 0xcf, 0xc2, 0x5d, 0x60,
    0x1, 0x74, 0x11, 0x73, 0x10, 0x0, 0x0, 0x19,
    0xe4, 0x0, 0x6e, 0x40, 0x0, 0x0, 0xc9, 0x0,
    0x0, 0x4, 0xc0, 0x0, 0x0, 0x0, 0x0, 0x0,
    0x0, 0x0,

    /* U+5931 "失" */
    0x0, 0x0, 0x0, 0x99, 0x0, 0x0, 0x0, 0x0,
    0xd, 0x30, 0x88, 0x0, 0x0, 0x0, 0x0, 0x4e,
    0x0, 0x98, 0x0, 0x1, 0x0, 0x0, 0xce, 0xee,
    0xfe, 0xee, 0xec, 0x0, 0x6, 0xd0, 0x0, 0x97,
    0x0, 0x0, 0x0, 0x4, 0x30, 0x0, 0xa6, 0x0,
    0x0, 0x0, 0xf, 0xfe, 0xee, 0xff, 0xee, 0xef,
    0xd0, 0x0, 0x0, 0x2, 0xfe, 0x20, 0x0, 0x0,
    0x0, 0x0, 0xb, 0x86, 0xd1, 0x0, 0x0, 0x0,
    0x1, 0xab, 0x0, 0x8e, 0x60, 0x0, 0x0, 0x5e,
    0xa0, 0x0, 0x5, 0xee, 0x80, 0xc, 0xd5, 0x0,
    0x0, 0x0, 0x18, 0x90, 0x1, 0x0, 0x0, 0x0,
    0x0, 0x0, 0x0,

    /* U+59CB "始" */
    0x0, 0x31, 0x0, 0x0, 0x20, 0x0, 0x0, 0x0,
    0xb6, 0x0, 0x3, 0xf2, 0x0, 0x0, 0x0, 0xd2,
    0x0, 0x9, 0x80, 0x0, 0x0, 0x48, 0xf8, 0x72,
    0x2d, 0x0, 0xd4, 0x0, 0x49, 0xe8, 0xe4, 0xb4,
    0x0, 0x4e, 0x20, 0x4, 0xa0, 0xd7, 0xfe, 0xed,
    0xcc, 0xd0, 0x8, 0x60, 0xe0, 0x51, 0x0, 0x0,
    0x30, 0xc, 0x34, 0xb0, 0x34, 0x44, 0x44, 0x0,
    0xf, 0x68, 0x70, 0xbc, 0xbb, 0xbf, 0x30, 0x2,
    0xbf, 0x30, 0xb5, 0x0, 0xe, 0x20, 0x0, 0xab,
    0xe4, 0xb5, 0x0, 0xe, 0x20, 0x8, 0xc0, 0x33,
    0xbf, 0xff, 0xff, 0x20, 0x4c, 0x10, 0x0, 0xb5,
    0x0, 0xe, 0x30, 0x0, 0x0, 0x0, 0x0, 0x0,
    0x0, 0x0,

    /* U+5B58 "存" */
    0x0, 0x0, 0x2, 0x91, 0x0, 0x0, 0x0, 0x0,
    0x0, 0x7, 0xc0, 0x0, 0x0, 0x0, 0x3, 0xdc,
    0xcf, 0xec, 0xcc, 0xcc, 0xc0, 0x0, 0x22, 0x7d,
    0x22, 0x22, 0x22, 0x20, 0x0, 0x1, 0xe4, 0x0,
    0x0, 0x0, 0x0, 0x0, 0xd, 0xb1, 0xfe, 0xee,
    0xef, 0x70, 0x0, 0x6f, 0x30, 0x0, 0x2, 0xca,
    0x10, 0x6, 0xed, 0x20, 0x0, 0x2f, 0x30, 0x0,
    0x8, 0x3c, 0x3d, 0xdd, 0xdf, 0xdd, 0xd3, 0x0,
    0xc, 0x22, 0x11, 0x3e, 0x11, 0x20, 0x0, 0xc,
    0x20, 0x0, 0x2e, 0x0, 0x0, 0x0, 0xc, 0x20,
    0x2, 0x5e, 0x0, 0x0, 0x0, 0xc, 0x30, 0x7,
    0xd7, 0x0, 0x0,

    /* U+5B8C "完" */
    0x0, 0x0, 0x0, 0x60, 0x0, 0x0, 0x0, 0x0,
    0x0, 0x0, 0xc9, 0x0, 0x0, 0x0, 0xc, 0xee,
    0xee, 0xff, 0xee, 0xee, 0xe0, 0xc, 0x60, 0x0,
    0x0, 0x0, 0x2, 0xf0, 0x9, 0x42, 0x32, 0x22,
    0x23, 0x21, 0xb0, 0x0, 0x9, 0xdd, 0xdd, 0xdd,
    0x90, 0x0, 0x0, 0x0, 0x0, 0x0, 0x0, 0x0,
    0x0, 0x1f, 0xfe, 0xee, 0xee, 0xfe, 0xee, 0xf5,
    0x0, 0x0, 0x6d, 0x2, 0xf0, 0x0, 0x0, 0x0,
    0x0, 0x9a, 0x2, 0xf0, 0x0, 0x0, 0x0, 0x1,
    0xe5, 0x2, 0xf0, 0x0, 0x30, 0x0, 0x2d, 0xb0,
    0x1, 0xf1, 0x3, 0xf3, 0xb, 0xf9, 0x0, 0x0,
    0xdf, 0xff, 0xa0, 0x4, 0x30, 0x0, 0x0, 0x0,
    0x0, 0x0,

    /* U+5B9A "定" */
    0x0, 0x0, 0x0, 0x20, 0x0, 0x0, 0x0, 0x0,
    0x0, 0x0, 0xb9, 0x0, 0x0, 0x0, 0x0, 0x22,
    0x22, 0x4a, 0x22, 0x22, 0x20, 0x3, 0xfb, 0xbb,
    0xbb, 0xbb, 0xbc, 0xf0, 0x3, 0xe0, 0x0, 0x0,
    0x0, 0x2, 0xf0, 0x0, 0xb, 0xff, 0xff, 0xff,
    0xf8, 0x0, 0x0, 0x0, 0x0, 0x1f, 0x0, 0x0,
    0x0, 0x0, 0x7, 0x80, 0x1f, 0x0, 0x0, 0x0,
    0x0, 0xb, 0x70, 0x1f, 0xee, 0xef, 0x0, 0x0,
    0x2f, 0x50, 0x1f, 0x0, 0x0, 0x0, 0x0, 0xac,
    0xe4, 0x1f, 0x0, 0x0, 0x0, 0x6, 0xf1, 0x3e,
    0xbf, 0x43, 0x23, 0x42, 0x1e, 0x50, 0x1, 0x7c,
    0xff, 0xff, 0xf4, 0x1, 0x0, 0x0, 0x0, 0x0,
    0x0, 0x0,

    /* U+5BC6 "密" */
    0x0, 0x0, 0x0, 0x32, 0x0, 0x0, 0x0, 0x0,
    0x0, 0x0, 0xca, 0x0, 0x0, 0x0, 0xe, 0xff,
    0xff, 0xff, 0xff, 0xff, 0xe0, 0xd, 0x40, 0x3,
    0xd2, 0x0, 0x4, 0xd0, 0x3, 0x20, 0x31, 0xab,
    0x3e, 0x20, 0x20, 0x1, 0xf3, 0xe4, 0x6, 0xf9,
    0xc, 0x40, 0x7, 0xc0, 0xe5, 0x9d, 0x40, 0x36,
    0xe1, 0x0, 0x12, 0xef, 0xb4, 0x38, 0xe0, 0x30,
    0x39, 0xdd, 0xab, 0xbb, 0xba, 0x40, 0x0, 0x5,
    0x54, 0x0, 0x5d, 0x0, 0x29, 0x0, 0x0, 0x88,
    0x0, 0x4d, 0x0, 0x2e, 0x0, 0x0, 0x88, 0x0,
    0x4d, 0x0, 0x2e, 0x0, 0x0, 0x8e, 0xee, 0xee,
    0xee, 0xef, 0x0,

    /* U+5BEB "寫" */
    0x0, 0x0, 0x0, 0x86, 0x0, 0x0, 0x0, 0x88,
    0x88, 0x8c, 0xd8, 0x88, 0x87, 0x1f, 0x66, 0x66,
    0x66, 0x66, 0x68, 0xe1, 0xf3, 0x8b, 0xf1, 0x8d,
    0xdd, 0x6e, 0x0, 0x4d, 0x20, 0x1, 0x11, 0xe2,
    0x0, 0x4, 0xfd, 0xd2, 0x8d, 0xdf, 0x20, 0x0,
    0x4d, 0x11, 0x1, 0x11, 0xe2, 0x0, 0x4, 0xdf,
    0xed, 0xdd, 0xdd, 0x20, 0x0, 0xa, 0xe2, 0x22,
    0x22, 0x22, 0x10, 0x3c, 0xeb, 0xbb, 0xbb, 0xbb,
    0xd9, 0x2f, 0x90, 0x0, 0x2, 0x27, 0xa, 0x70,
    0x17, 0x94, 0xa4, 0xd1, 0xf3, 0xb6, 0x2, 0xf3,
    0x1e, 0x9, 0x6, 0x8f, 0x40, 0x1, 0x0, 0x0,
    0x0, 0x2a, 0x60,

    /* U+5C06 "将" */
    0x0, 0x0, 0x0, 0x3, 0x20, 0x0, 0x0, 0x0,
    0xd, 0x30, 0xd, 0x70, 0x0, 0x0, 0x12, 0xd,
    0x30, 0x8e, 0xee, 0xef, 0x90, 0x7e, 0x1d, 0x36,
    0xe1, 0x0, 0x4f, 0x10, 0xc, 0xad, 0x3a, 0x36,
    0xc2, 0xe5, 0x0, 0x3, 0x9d, 0x30, 0x0, 0xdf,
    0x60, 0x0, 0x0, 0xd, 0x33, 0xae, 0xb2, 0x94,
    0x0, 0x0, 0x5f, 0x34, 0xa4, 0x22, 0xc6, 0x30,
    0x4, 0xee, 0x3b, 0xcc, 0xcc, 0xfd, 0xc1, 0x5f,
    0x4d, 0x30, 0x58, 0x0, 0xc5, 0x0, 0x13, 0xd,
    0x30, 0x1f, 0x40, 0xc5, 0x0, 0x0, 0xd, 0x30,
    0x3, 0x1, 0xd5, 0x0, 0x0, 0xd, 0x30, 0x0,
    0xe, 0xc1, 0x0, 0x0, 0x0, 0x0, 0x0, 0x0,
    0x0, 0x0,

    /* U+5C07 "將" */
    0x0, 0x0, 0x0, 0x0, 0x10, 0x0, 0x0, 0x0,
    0xe, 0x20, 0xd, 0x70, 0x0, 0xb, 0x50, 0xe1,
    0xc, 0xdd, 0xdf, 0x10, 0xb4, 0xe, 0x5d, 0x76,
    0x3b, 0x90, 0xb, 0xca, 0xf2, 0x29, 0x3f, 0xc0,
    0x0, 0x23, 0x3e, 0x10, 0x9f, 0xd1, 0x0, 0x0,
    0x0, 0xe3, 0x8f, 0xa0, 0xb2, 0x2, 0xaa, 0xaf,
    0x4c, 0x52, 0x2d, 0x42, 0x14, 0xf3, 0xe4, 0xcb,
    0xbb, 0xfc, 0xa0, 0x2d, 0xe, 0x12, 0xa0, 0xd,
    0x20, 0x6, 0x90, 0xe1, 0xb, 0x50, 0xd2, 0x1,
    0xe3, 0xe, 0x10, 0x1, 0x3e, 0x20, 0x48, 0x0,
    0xe2, 0x0, 0x1e, 0xb0, 0x0,

    /* U+5C0F "小" */
    0x0, 0x0, 0x5, 0xd0, 0x0, 0x0, 0x0, 0x0,
    0x0, 0x4d, 0x0, 0x0, 0x0, 0x0, 0x0, 0x4,
    0xd0, 0x0, 0x0, 0x0, 0x4, 0x30, 0x4d, 0x1,
    0x40, 0x0, 0x0, 0xc8, 0x4, 0xd0, 0x4f, 0x10,
    0x0, 0x1f, 0x20, 0x4d, 0x0, 0xb9, 0x0, 0x7,
    0xc0, 0x4, 0xd0, 0x3, 0xf1, 0x0, 0xd6, 0x0,
    0x4d, 0x0, 0xc, 0x90, 0x6f, 0x0, 0x4, 0xd0,
    0x0, 0x5d, 0x2, 0x50, 0x0, 0x4d, 0x0, 0x0,
    0x0, 0x0, 0x0, 0x4, 0xd0, 0x0, 0x0, 0x0,
    0x0, 0x9, 0xdb, 0x0, 0x0, 0x0, 0x0, 0x0,
    0x56, 0x10, 0x0, 0x0, 0x0,

    /* U+5C4F "屏" */
    0x0, 0xed, 0xdd, 0xdd, 0xdd, 0xdb, 0x0, 0xe,
    0x10, 0x0, 0x0, 0x3, 0xb0, 0x0, 0xed, 0xdd,
    0xdd, 0xdd, 0xdb, 0x0, 0xe, 0x10, 0x54, 0x0,
    0x63, 0x0, 0x0, 0xe1, 0x2, 0xd0, 0xd, 0x20,
    0x0, 0xf, 0x3e, 0xee, 0xee, 0xfe, 0xe4, 0x0,
    0xf0, 0x0, 0xe0, 0xe, 0x10, 0x0, 0x3d, 0x0,
    0xe, 0x0, 0xe1, 0x0, 0x6, 0xa7, 0xdd, 0xfd,
    0xdf, 0xdd, 0xa0, 0xc7, 0x0, 0x3c, 0x0, 0xe1,
    0x0, 0x4f, 0x10, 0x1d, 0x60, 0xe, 0x10, 0x0,
    0x30, 0x1d, 0x80, 0x0, 0xe2, 0x0, 0x0, 0x0,
    0x0, 0x0, 0x0, 0x0, 0x0,

    /* U+5DF2 "已" */
    0x22, 0x22, 0x22, 0x22, 0x22, 0x0, 0xbe, 0xdd,
    0xdd, 0xdd, 0xdf, 0x40, 0x0, 0x0, 0x0, 0x0,
    0xe, 0x40, 0x7, 0x10, 0x0, 0x0, 0xe, 0x40,
    0xf, 0x30, 0x0, 0x0, 0xe, 0x40, 0xf, 0xee,
    0xee, 0xee, 0xef, 0x40, 0xf, 0x20, 0x0, 0x0,
    0xe, 0x40, 0xf, 0x20, 0x0, 0x0, 0x0, 0x0,
    0xf, 0x20, 0x0, 0x0, 0x0, 0x0, 0xf, 0x20,
    0x0, 0x0, 0x0, 0x99, 0xf, 0x61, 0x11, 0x11,
    0x13, 0xe8, 0x8, 0xef, 0xff, 0xff, 0xfe, 0xc1,

    /* U+5E38 "常" */
    0x2, 0x80, 0xd, 0x40, 0xa, 0x10, 0x0, 0xb5,
    0xc, 0x40, 0x99, 0x0, 0xee, 0xee, 0xee, 0xee,
    0xfe, 0xee, 0xe1, 0x0, 0x0, 0x0, 0x0, 0x1e,
    0xc1, 0xfe, 0xee, 0xee, 0xee, 0x1b, 0x0, 0xf0,
    0x0, 0x0, 0x1e, 0x0, 0x0, 0xee, 0xef, 0xee,
    0xed, 0x0, 0x0, 0x0, 0xc, 0x40, 0x0, 0x0,
    0x1f, 0xee, 0xef, 0xee, 0xee, 0xf2, 0xf, 0x0,
    0xc, 0x40, 0x0, 0xf1, 0xf, 0x0, 0xc, 0x40,
    0x34, 0xf1, 0x9, 0x0, 0xd, 0x40, 0x9c, 0x60,

    /* U+5E76 "并" */
    0x0, 0x2, 0x20, 0x0, 0x46, 0x0, 0x0, 0x0,
    0xad, 0x0, 0xa, 0xb0, 0x0, 0x0, 0x1, 0xe5,
    0x0, 0xf4, 0x0, 0x0, 0x8d, 0xde, 0xdd, 0xdf,
    0xdd, 0xb0, 0x2, 0x32, 0xd5, 0x22, 0xd5, 0x22,
    0x0, 0x0, 0xd, 0x30, 0xd, 0x30, 0x0, 0x0,
    0x0, 0xd3, 0x0, 0xd3, 0x0, 0x7, 0xee, 0xef,
    0xee, 0xef, 0xee, 0xec, 0x12, 0x12, 0xf2, 0x11,
    0xd4, 0x12, 0x20, 0x0, 0x5d, 0x0, 0xd, 0x30,
    0x0, 0x0, 0x1d, 0x70, 0x0, 0xd3, 0x0, 0x0,
    0x2d, 0xc0, 0x0, 0xd, 0x30, 0x0, 0xc, 0xb0,
    0x0, 0x0, 0xe3, 0x0, 0x0, 0x0, 0x0, 0x0,
    0x0, 0x0, 0x0,

    /* U+5E8A "床" */
    0x0, 0x0, 0x0, 0x18, 0x0, 0x0, 0x0, 0x0,
    0x0, 0x0, 0xe, 0x50, 0x0, 0x0, 0x0, 0xee,
    0xee, 0xef, 0xfe, 0xef, 0xb0, 0x0, 0xf2, 0x0,
    0x2, 0x80, 0x0, 0x0, 0x0, 0xe2, 0x0, 0x4,
    0xe0, 0x0, 0x0, 0x0, 0xe2, 0x10, 0x4, 0xd0,
    0x1, 0x10, 0x0, 0xf1, 0xee, 0xef, 0xfe, 0xee,
    0xb0, 0x0, 0xf1, 0x0, 0x5f, 0xf9, 0x0, 0x0,
    0x1, 0xf0, 0x1, 0xe7, 0xdc, 0x60, 0x0, 0x4,
    0xd0, 0xc, 0x93, 0xd1, 0xe7, 0x0, 0x7, 0x91,
    0xcc, 0x3, 0xd0, 0x2d, 0xc2, 0xd, 0x46, 0xb0,
    0x4, 0xd0, 0x0, 0x70, 0x1b, 0x0, 0x0, 0x4,
    0xd0, 0x0, 0x0,

    /* U+5EA6 "度" */
    0x0, 0x0, 0x0, 0x24, 0x0, 0x0, 0x0, 0x0,
    0x0, 0x0, 0x5e, 0x0, 0x0, 0x0, 0x1, 0xfe,
    0xee, 0xef, 0xee, 0xee, 0x40, 0x0, 0xf0, 0x4,
    0x20, 0x5, 0x20, 0x0, 0x0, 0xf0, 0xb, 0x50,
    0xc, 0x40, 0x0, 0x0, 0xf7, 0xdf, 0xdd, 0xdf,
    0xdd, 0x40, 0x1, 0xf0, 0xb, 0x61, 0x1c, 0x40,
    0x0, 0x2, 0xe0, 0x7, 0xaa, 0xaa, 0x30, 0x0,
    0x3, 0xc3, 0xdd, 0xdd, 0xdd, 0xb0, 0x0, 0x5,
    0xa0, 0x8, 0x80, 0xd, 0x40, 0x0, 0x9, 0x70,
    0x0, 0xc7, 0xb7, 0x0, 0x0, 0xf, 0x20, 0x1,
    0x8f, 0xe5, 0x20, 0x0, 0x3a, 0x1b, 0xdc, 0x71,
    0x49, 0xdf, 0xd0, 0x0, 0x2, 0x0, 0x0, 0x0,
    0x0, 0x10,

    /* U+5F00 "开" */
    0x0, 0x0, 0x0, 0x0, 0x0, 0x0, 0x0, 0x4,
    0xff, 0xff, 0xff, 0xff, 0xff, 0x90, 0x0, 0x0,
    0x3f, 0x0, 0x3e, 0x0, 0x0, 0x0, 0x0, 0x3f,
    0x0, 0x3e, 0x0, 0x0, 0x0, 0x0, 0x3f, 0x0,
    0x3e, 0x0, 0x0, 0x0, 0x0, 0x3f, 0x0, 0x3e,
    0x0, 0x0, 0x3f, 0xee, 0xef, 0xee, 0xef, 0xee,
    0xf4, 0x2, 0x10, 0x5d, 0x0, 0x3e, 0x0, 0x10,
    0x0, 0x0, 0x99, 0x0, 0x3e, 0x0, 0x0, 0x0,
    0x1, 0xf4, 0x0, 0x3e, 0x0, 0x0, 0x0, 0xb,
    0xc0, 0x0, 0x3e, 0x0, 0x0, 0x2, 0xbe, 0x20,
    0x0, 0x3f, 0x0, 0x0, 0x4, 0xc2, 0x0, 0x0,
    0x4f, 0x0, 0x0,

    /* U+5F02 "异" */
    0x4, 0xfd, 0xdd, 0xdd, 0xdf, 0x70, 0x0, 0x4d,
    0x0, 0x0, 0x0, 0xa6, 0x0, 0x4, 0xfd, 0xdd,
    0xdd, 0xdf, 0x70, 0x0, 0x4d, 0x0, 0x0, 0x0,
    0x1, 0x30, 0x4, 0xe1, 0x0, 0x0, 0x0, 0x5c,
    0x0, 0x1c, 0xde, 0xee, 0xee, 0xed, 0x40, 0x0,
    0x2, 0x60, 0x0, 0x72, 0x0, 0x3, 0x32, 0x6d,
    0x22, 0x2e, 0x62, 0x31, 0xcc, 0xcd, 0xec, 0xcc,
    0xfc, 0xcc, 0x50, 0x0, 0xc5, 0x0, 0xd, 0x30,
    0x0, 0x3, 0xab, 0x0, 0x0, 0xd3, 0x0, 0x6,
    0xe6, 0x0, 0x0, 0xe, 0x40, 0x0, 0x0, 0x0,
    0x0, 0x0, 0x0, 0x0, 0x0,

    /* U+5F52 "归" */
    0x0, 0x0, 0xf3, 0x11, 0x0, 0x0, 0x0, 0xb3,
    0xe, 0x3a, 0xee, 0xee, 0xef, 0xd, 0x30, 0xe2,
    0x0, 0x0, 0x3, 0xe0, 0xd3, 0xe, 0x20, 0x0,
    0x0, 0x3e, 0xd, 0x30, 0xf1, 0x0, 0x0, 0x3,
    0xe0, 0xd3, 0xf, 0x10, 0xff, 0xee, 0xfe, 0xd,
    0x31, 0xf0, 0x0, 0x0, 0x3, 0xe0, 0xe4, 0x5c,
    0x0, 0x0, 0x0, 0x3e, 0x2, 0xb, 0x70, 0x0,
    0x0, 0x3, 0xe0, 0x5, 0xe1, 0x2f, 0xee, 0xee,
    0xfe, 0x5, 0xf5, 0x0, 0x0, 0x0, 0x3, 0xe0,
    0xd7, 0x0, 0x0, 0x0, 0x0, 0x2a, 0x0, 0x0,
    0x0, 0x0, 0x0, 0x0, 0x0,

    /* U+5F85 "待" */
    0x0, 0x5, 0x90, 0x0, 0xc4, 0x0, 0x0, 0x0,
    0x3d, 0x21, 0x22, 0xc5, 0x23, 0x0, 0x3, 0xd3,
    0x5, 0xcc, 0xfc, 0xbc, 0x20, 0x9, 0x21, 0xd0,
    0x0, 0xc4, 0x0, 0x0, 0x0, 0xb, 0x5f, 0xee,
    0xfe, 0xee, 0xe4, 0x0, 0x6e, 0x1, 0x0, 0x0,
    0xc3, 0x0, 0x4, 0xee, 0x1, 0x0, 0x0, 0xc4,
    0x10, 0x1e, 0x4e, 0x1e, 0xee, 0xee, 0xfe, 0xe1,
    0x1, 0x2e, 0x0, 0x83, 0x0, 0xc3, 0x0, 0x0,
    0x2e, 0x0, 0x7e, 0x10, 0xc3, 0x0, 0x0, 0x2e,
    0x0, 0x3, 0x14, 0xe3, 0x0, 0x0, 0x2f, 0x0,
    0x0, 0x1c, 0x80, 0x0,

    /* U+5F97 "得" */
    0x0, 0x1, 0x30, 0x0, 0x0, 0x0, 0x0, 0x0,
    0xa, 0xd0, 0xed, 0xdd, 0xde, 0x90, 0x0, 0x6f,
    0x20, 0xe1, 0x0, 0x6, 0x90, 0x5, 0xf4, 0x0,
    0xed, 0xdd, 0xde, 0x90, 0x3, 0x53, 0xe2, 0xe1,
    0x0, 0x6, 0x90, 0x0, 0xd, 0xa0, 0xce, 0xee,
    0xee, 0x80, 0x0, 0xbd, 0x2, 0x55, 0x55, 0x55,
    0x52, 0xc, 0xcc, 0x3, 0x65, 0x55, 0x6e, 0x62,
    0x3, 0x3c, 0x3c, 0xbb, 0xbb, 0xbf, 0xb9, 0x0,
    0x3c, 0x3, 0x62, 0x22, 0x3e, 0x22, 0x0, 0x3c,
    0x0, 0xd6, 0x0, 0x1e, 0x0, 0x0, 0x3c, 0x0,
    0x4b, 0x2, 0x6d, 0x0, 0x0, 0x3d, 0x0, 0x0,
    0xb, 0xe6, 0x0, 0x0, 0x0, 0x0, 0x0, 0x0,
    0x0, 0x0,

    /* U+6001 "态" */
    0x0, 0x0, 0x0, 0x20, 0x0, 0x0, 0x0, 0x0,
    0x0, 0x2, 0xf2, 0x0, 0x0, 0x0, 0x5, 0x44,
    0x47, 0xe4, 0x44, 0x44, 0x40, 0xc, 0xbb, 0xbf,
    0xdc, 0xfb, 0xbb, 0x90, 0x0, 0x0, 0x3f, 0x10,
    0xe2, 0x0, 0x0, 0x0, 0x2, 0xe9, 0x20, 0x5d,
    0x10, 0x0, 0x0, 0x6e, 0x77, 0xe3, 0x6, 0xe7,
    0x10, 0x1d, 0xd4, 0x0, 0x52, 0x0, 0x2b, 0xc0,
    0x3, 0x0, 0x0, 0x37, 0x0, 0x2, 0x0, 0x3,
    0xd0, 0xb8, 0x1f, 0x20, 0x5e, 0x10, 0x7, 0xa0,
    0xa7, 0x3, 0x2, 0x1a, 0xb0, 0xe, 0x40, 0xa9,
    0x0, 0x1a, 0xb1, 0xa0, 0x17, 0x0, 0x6e, 0xff,
    0xed, 0x30, 0x0,

    /* U+6025 "急" */
    0x0, 0x0, 0x24, 0x0, 0x0, 0x0, 0x0, 0x0,
    0x0, 0xda, 0x0, 0x0, 0x0, 0x0, 0x0, 0xa,
    0xdc, 0xcc, 0xdf, 0x70, 0x0, 0x0, 0x9d, 0x0,
    0x0, 0xb9, 0x0, 0x0, 0xa, 0xdb, 0xcc, 0xcc,
    0xcc, 0xcf, 0x0, 0x3, 0x10, 0x0, 0x0, 0x0,
    0x2e, 0x0, 0x0, 0x5d, 0xdd, 0xdd, 0xdd, 0xde,
    0x0, 0x0, 0x0, 0x0, 0x0, 0x0, 0x2e, 0x0,
    0x0, 0x9e, 0xee, 0xee, 0xee, 0xed, 0x0, 0x0,
    0x40, 0x81, 0x39, 0x0, 0x39, 0x0, 0x5, 0xd0,
    0xe2, 0xc, 0x40, 0xa, 0xa0, 0xb, 0x60, 0xe2,
    0x0, 0x5, 0xe0, 0xc4, 0x1c, 0x10, 0xad, 0xcc,
    0xce, 0x60, 0x0,

    /* U+606F "息" */
    0x0, 0x0, 0x2, 0x40, 0x0, 0x0, 0x0, 0x0,
    0x0, 0x8, 0xa0, 0x0, 0x0, 0x0, 0x0, 0x3e,
    0xcd, 0xcc, 0xcc, 0xcd, 0x0, 0x0, 0x3d, 0x0,
    0x0, 0x0, 0x2e, 0x0, 0x0, 0x3f, 0xcc, 0xcc,
    0xcc, 0xce, 0x0, 0x0, 0x3e, 0x55, 0x55, 0x55,
    0x6e, 0x0, 0x0, 0x3e, 0x55, 0x55, 0x55, 0x6e,
    0x0, 0x0, 0x4f, 0xcc, 0xcc, 0xcc, 0xcf, 0x0,
    0x0, 0x0, 0x0, 0x1, 0x0, 0x0, 0x0, 0x1,
    0x60, 0xb5, 0x1f, 0x20, 0xb, 0x40, 0x5, 0xb0,
    0xc5, 0x9, 0x50, 0x5, 0xf2, 0xc, 0x60, 0xc5,
    0x0, 0x3, 0xd0, 0x97, 0x6, 0x0, 0x8e, 0xdd,
    0xde, 0x80, 0x0,

    /* U+60C5 "情" */
    0x0, 0x3d, 0x0, 0x22, 0x3f, 0x22, 0x20, 0x0,
    0x2d, 0x4, 0xbb, 0xbf, 0xbb, 0xb2, 0x4, 0x5d,
    0x82, 0x99, 0x9f, 0x99, 0x70, 0xa, 0x7d, 0x97,
    0x33, 0x3f, 0x23, 0x20, 0xd, 0x4d, 0x18, 0xdd,
    0xdd, 0xdd, 0xd9, 0x1d, 0x2d, 0x0, 0x78, 0x88,
    0x88, 0x10, 0x0, 0x2d, 0x0, 0xe5, 0x44, 0x4d,
    0x30, 0x0, 0x2d, 0x0, 0xdd, 0xdd, 0xdf, 0x30,
    0x0, 0x2d, 0x0, 0xd2, 0x0, 0xc, 0x30, 0x0,
    0x2d, 0x0, 0xdd, 0xdd, 0xdf, 0x30, 0x0, 0x3d,
    0x0, 0xd2, 0x0, 0xc, 0x30, 0x0, 0x3d, 0x0,
    0xe2, 0x0, 0x5c, 0x10,

    /* U+614B "態" */
    0x0, 0x0, 0x0, 0x0, 0x0, 0x0, 0x0, 0x0,
    0x5c, 0x12, 0x2, 0xd2, 0x69, 0x0, 0x2c, 0xd7,
    0x7f, 0x72, 0xf8, 0x54, 0x20, 0x16, 0x54, 0x33,
    0x81, 0xfc, 0xcd, 0x40, 0xc, 0xcb, 0xbd, 0x81,
    0x70, 0x3, 0x0, 0xb, 0xdb, 0xbe, 0x82, 0xe8,
    0xdb, 0x30, 0xb, 0x85, 0x5b, 0x82, 0xe4, 0x0,
    0x10, 0xb, 0xb9, 0x9d, 0x82, 0xe0, 0x3, 0xe0,
    0xc, 0x40, 0x9e, 0x30, 0xcc, 0xcd, 0x50, 0x1,
    0x13, 0x70, 0x65, 0x0, 0x1, 0x0, 0x8, 0xb5,
    0xc0, 0x4f, 0x30, 0xe, 0x60, 0x1e, 0x45, 0xc0,
    0x4, 0x6, 0x75, 0xf1, 0x29, 0x2, 0xed, 0xdd,
    0xde, 0x30, 0x71,

    /* U+6210 "成" */
    0x0, 0x0, 0x0, 0x2, 0x80, 0x50, 0x0, 0x0,
    0x0, 0x0, 0x2, 0xf0, 0xac, 0x10, 0x0, 0x0,
    0x0, 0x2, 0xf0, 0x9, 0x20, 0x0, 0xfe, 0xee,
    0xee, 0xfe, 0xef, 0xf1, 0x0, 0xf1, 0x0, 0x0,
    0xf1, 0x0, 0x0, 0x0, 0xf1, 0x0, 0x0, 0xd2,
    0xb, 0x40, 0x0, 0xff, 0xff, 0x60, 0xb4, 0x2f,
    0x20, 0x0, 0xf1, 0xc, 0x40, 0x97, 0x99, 0x0,
    0x1, 0xf0, 0xd, 0x30, 0x5d, 0xf1, 0x0, 0x4,
    0xe0, 0xe, 0x20, 0x2f, 0x70, 0x0, 0x7, 0xb2,
    0x6f, 0x1, 0xce, 0xa0, 0x75, 0xd, 0x63, 0xc7,
    0x4e, 0x81, 0xe7, 0xc8, 0x4e, 0x0, 0xa, 0xe4,
    0x0, 0x4f, 0xf3, 0x0, 0x0, 0x2, 0x0, 0x0,
    0x1, 0x30,

    /* U+6216 "或" */
    0x0, 0x0, 0x0, 0x0, 0x0, 0x0, 0x0, 0x0,
    0x0, 0x3, 0xe1, 0xc2, 0x0, 0x0, 0x0, 0x0,
    0x3d, 0x4, 0x90, 0xb, 0xee, 0xee, 0xee, 0xfe,
    0xee, 0xf0, 0x0, 0x0, 0x0, 0x1e, 0x0, 0x0,
    0x1, 0xee, 0xee, 0x10, 0xf0, 0x7, 0x20, 0x1e,
    0x0, 0xe1, 0xe, 0x21, 0xf3, 0x1, 0xe0, 0xe,
    0x10, 0xb5, 0x8a, 0x0, 0x1f, 0xee, 0xf1, 0x7,
    0xce, 0x10, 0x0, 0x0, 0x0, 0x30, 0x2f, 0x70,
    0x0, 0x25, 0x8b, 0xec, 0x1b, 0xe9, 0x4, 0x1a,
    0xc7, 0x30, 0x5e, 0x81, 0xe5, 0xc7, 0x0, 0x0,
    0xac, 0x30, 0x4, 0xfe, 0x0, 0x0, 0x0, 0x0,
    0x0, 0x0, 0x0,

    /* U+6240 "所" */
    0x0, 0x0, 0x0, 0x0, 0x0, 0x0, 0x0, 0x4,
    0x7a, 0xe1, 0x45, 0x7a, 0xe4, 0x1, 0xf6, 0x42,
    0xe, 0x86, 0x53, 0x10, 0xf, 0x0, 0x0, 0xe1,
    0x0, 0x0, 0x0, 0xf9, 0x99, 0xe, 0x10, 0x0,
    0x0, 0xf, 0x44, 0xf0, 0xed, 0xdd, 0xdc, 0x0,
    0xf0, 0xe, 0xf, 0x10, 0xd3, 0x10, 0x1f, 0x0,
    0xe0, 0xf0, 0xd, 0x20, 0x2, 0xfe, 0xef, 0x1d,
    0x0, 0xd2, 0x0, 0x3e, 0x0, 0x4, 0xb0, 0xd,
    0x20, 0x7, 0xb0, 0x0, 0x96, 0x0, 0xd2, 0x0,
    0xc5, 0x0, 0x2e, 0x10, 0xe, 0x20, 0x1c, 0x0,
    0xb, 0x70, 0x0, 0xe3, 0x0, 0x0, 0x0, 0x0,
    0x0, 0x0, 0x0,

    /* U+6253 "打" */
    0x0, 0xf, 0x30, 0x0, 0x0, 0x0, 0x0, 0x0,
    0xf, 0x20, 0x5a, 0xaa, 0xaa, 0xa6, 0x3, 0x3f,
    0x53, 0x44, 0x48, 0xe4, 0x53, 0x1c, 0xbf, 0xcb,
    0x60, 0x5, 0xd0, 0x0, 0x0, 0xf, 0x20, 0x0,
    0x5, 0xd0, 0x0, 0x0, 0xf, 0x24, 0x20, 0x5,
    0xd0, 0x0, 0x0, 0x5f, 0xfb, 0x20, 0x5, 0xd0,
    0x0, 0x3f, 0xbf, 0x20, 0x0, 0x5, 0xd0, 0x0,
    0x1, 0xf, 0x20, 0x0, 0x5, 0xd0, 0x0, 0x0,
    0xf, 0x20, 0x0, 0x5, 0xd0, 0x0, 0x0, 0xf,
    0x20, 0x0, 0x5, 0xd0, 0x0, 0x5, 0xdf, 0x0,
    0x0, 0xae, 0xa0, 0x0, 0x1, 0x61, 0x0, 0x0,
    0x65, 0x0, 0x0,

    /* U+626B "扫" */
    0x0, 0xf, 0x20, 0x34, 0x44, 0x44, 0x40, 0x0,
    0xf2, 0x5, 0x88, 0x88, 0x9f, 0x4d, 0xdf, 0xdd,
    0x10, 0x0, 0x2, 0xe1, 0x32, 0xf4, 0x30, 0x0,
    0x0, 0x2e, 0x0, 0xf, 0x21, 0x0, 0x0, 0x2,
    0xe0, 0x0, 0xfa, 0xe0, 0xee, 0xee, 0xee, 0x2,
    0xaf, 0x80, 0x0, 0x0, 0x2, 0xe2, 0xf7, 0xf2,
    0x0, 0x0, 0x0, 0x2e, 0x1, 0xf, 0x20, 0x0,
    0x0, 0x2, 0xe0, 0x0, 0xf2, 0x2, 0x11, 0x11,
    0x3e, 0x0, 0xf, 0x20, 0xee, 0xee, 0xee, 0xf0,
    0x5c, 0xc0, 0x0, 0x0, 0x0, 0x2f, 0x0, 0x10,
    0x0, 0x0, 0x0, 0x0, 0x0,

    /* U+62BD "抽" */
    0x0, 0x0, 0x0, 0x0, 0x0, 0x0, 0x0, 0x0,
    0x1f, 0x0, 0x0, 0xf, 0x10, 0x0, 0x0, 0xe,
    0x0, 0x0, 0xf, 0x0, 0x0, 0x3, 0x3e, 0x31,
    0x44, 0x4f, 0x44, 0x40, 0xb, 0xaf, 0xb3, 0xf9,
    0x9f, 0x99, 0xf1, 0x0, 0xe, 0x0, 0xe0, 0xf,
    0x0, 0xf0, 0x0, 0xe, 0x53, 0xe0, 0xf, 0x0,
    0xf0, 0x5, 0xaf, 0xa2, 0xee, 0xef, 0xee, 0xf0,
    0xb, 0x6e, 0x0, 0xe0, 0xf, 0x0, 0xf0, 0x0,
    0xe, 0x0, 0xe0, 0xf, 0x0, 0xf0, 0x0, 0xe,
    0x0, 0xe0, 0xf, 0x0, 0xf0, 0x1, 0x4e, 0x0,
    0xee, 0xee, 0xdd, 0xf0, 0x6, 0xd6, 0x0, 0xf0,
    0x0, 0x0, 0xf1,

    /* U+6307 "指" */
    0x0, 0x2f, 0x0, 0xf2, 0x0, 0x1, 0x0, 0x0,
    0x1e, 0x0, 0xe3, 0x59, 0xea, 0x0, 0x1, 0x3e,
    0x10, 0xec, 0x85, 0x10, 0x0, 0xc, 0xcf, 0xc5,
    0xe1, 0x0, 0x1, 0x90, 0x0, 0x1e, 0x0, 0xd9,
    0x66, 0x6b, 0xc0, 0x0, 0x1e, 0x42, 0x37, 0x77,
    0x77, 0x20, 0x3, 0x8f, 0xb2, 0xde, 0xee, 0xee,
    0x20, 0x2e, 0x8e, 0x0, 0xe1, 0x0, 0xe, 0x20,
    0x0, 0x1e, 0x0, 0xed, 0xdd, 0xdf, 0x20, 0x0,
    0x1e, 0x0, 0xe1, 0x0, 0xe, 0x20, 0x2, 0x5e,
    0x0, 0xed, 0xdd, 0xdf, 0x20, 0x9, 0xe7, 0x0,
    0xf2, 0x11, 0x1e, 0x20,

    /* U+6324 "挤" */
    0x0, 0x0, 0x0, 0x0, 0x10, 0x0, 0x0, 0x0,
    0xd3, 0x0, 0x1, 0xf3, 0x0, 0x0, 0x0, 0xd2,
    0xb, 0xbb, 0xed, 0xbb, 0xa0, 0x7b, 0xfc, 0x80,
    0x89, 0x0, 0xd5, 0x0, 0x12, 0xd4, 0x10, 0xc,
    0x69, 0x90, 0x0, 0x0, 0xd7, 0x50, 0x4, 0xff,
    0x30, 0x0, 0x4, 0xeb, 0x46, 0xbd, 0x56, 0xde,
    0xb1, 0x7d, 0xe2, 0x3a, 0x79, 0x0, 0xa4, 0x40,
    0x1, 0xd2, 0x0, 0x4d, 0x0, 0xe2, 0x0, 0x0,
    0xd2, 0x0, 0x6b, 0x0, 0xe2, 0x0, 0x0, 0xd2,
    0x0, 0xc7, 0x0, 0xe2, 0x0, 0x6, 0xf2, 0x2b,
    0xd0, 0x0, 0xe2, 0x0, 0x7, 0x80, 0x5a, 0x10,
    0x0, 0xe3, 0x0,

    /* U+6362 "换" */
    0x0, 0x2e, 0x0, 0x7, 0x70, 0x0, 0x0, 0x0,
    0x1d, 0x0, 0x1e, 0xcc, 0xca, 0x0, 0x4, 0x5d,
    0x41, 0xa5, 0x1, 0xf3, 0x0, 0x1b, 0xbf, 0xbc,
    0xb1, 0x19, 0x91, 0x0, 0x0, 0x1d, 0x5, 0xfc,
    0xcf, 0xcd, 0xb0, 0x0, 0x1d, 0x61, 0xe0, 0x3c,
    0x3, 0xb0, 0x4, 0x9f, 0x60, 0xe0, 0x5b, 0x3,
    0xb0, 0xb, 0x6d, 0x2d, 0xfd, 0xef, 0xdd, 0xfc,
    0x0, 0x1d, 0x0, 0x0, 0xce, 0x60, 0x0, 0x0,
    0x1d, 0x0, 0x9, 0xc2, 0xe3, 0x0, 0x0, 0x3d,
    0x3, 0xbc, 0x10, 0x4e, 0x81, 0x6, 0xf7, 0x3e,
    0x70, 0x0, 0x3, 0xd8, 0x0, 0x0, 0x0, 0x0,
    0x0, 0x0, 0x0,

    /* U+6383 "掃" */
    0x0, 0x0, 0x0, 0x0, 0x0, 0x0, 0x0, 0x0,
    0x4c, 0x0, 0xcc, 0xcc, 0xcf, 0x40, 0x0, 0x4b,
    0x0, 0x23, 0x33, 0x3c, 0x40, 0x2, 0x6c, 0x20,
    0x6a, 0x99, 0x9e, 0x40, 0x3b, 0xce, 0xb2, 0x55,
    0x55, 0x5d, 0x40, 0x0, 0x4b, 0x0, 0x54, 0x44,
    0x44, 0x10, 0x0, 0x4b, 0x5f, 0xdd, 0xdf, 0xdd,
    0xe7, 0x4, 0xaf, 0x7e, 0x10, 0x1d, 0x0, 0x77,
    0x1d, 0x9b, 0x0, 0xcd, 0xdf, 0xdd, 0x60, 0x0,
    0x4b, 0x0, 0xe3, 0x1d, 0x9, 0x60, 0x0, 0x4b,
    0x0, 0xe3, 0x1d, 0x3c, 0x60, 0x0, 0x4b, 0x0,
    0xd3, 0x1d, 0x4a, 0x20, 0x4, 0xd5, 0x0, 0x0,
    0x1e, 0x0, 0x0, 0x0, 0x0, 0x0, 0x0, 0x0,
    0x0, 0x0,

    /* U+63A5 "接" */
    0x0, 0x0, 0x0, 0x0, 0x12, 0x0, 0x0, 0x0,
    0x3d, 0x0, 0x0, 0x7b, 0x0, 0x0, 0x0, 0x3c,
    0x6, 0xcb, 0xbb, 0xbb, 0xc0, 0x1e, 0xef, 0xd2,
    0x28, 0x0, 0x97, 0x0, 0x1, 0x4c, 0x10, 0x1f,
    0x30, 0xd3, 0x0, 0x0, 0x3c, 0x3, 0x49, 0x45,
    0xf3, 0x40, 0x0, 0x3c, 0x46, 0xaa, 0xba, 0xaa,
    0xa0, 0x2, 0x8f, 0xb1, 0x3, 0xf1, 0x0, 0x0,
    0x1f, 0xbc, 0xd, 0xef, 0xee, 0xfe, 0xe7, 0x1,
    0x3c, 0x0, 0x2d, 0x0, 0xd3, 0x0, 0x0, 0x3c,
    0x0, 0x4d, 0xb8, 0xa0, 0x0, 0x0, 0x3c, 0x0,
    0x1, 0xcf, 0xd5, 0x0, 0x7, 0xda, 0x6, 0xbe,
    0x80, 0x4d, 0xd1, 0x3, 0x60, 0x5, 0x50, 0x0,
    0x0, 0x40,

    /* U+63A7 "控" */
    0x0, 0x0, 0x0, 0x0, 0x0, 0x0, 0x0, 0xe,
    0x40, 0x0, 0x2f, 0x10, 0x0, 0x0, 0xd3, 0xa,
    0xaa, 0xfb, 0xaa, 0x91, 0x2d, 0x51, 0xf5, 0x44,
    0x44, 0x5f, 0x6b, 0xfd, 0x5a, 0x2b, 0x14, 0xa1,
    0xa0, 0xd, 0x30, 0xb, 0x90, 0xc, 0x90, 0x0,
    0xd4, 0x29, 0xc0, 0x0, 0x1e, 0x50, 0x3e, 0xf5,
    0x65, 0x33, 0x33, 0x60, 0x9e, 0xe4, 0x8, 0xaa,
    0xfb, 0xab, 0x1, 0xd, 0x30, 0x0, 0xd, 0x30,
    0x0, 0x0, 0xd3, 0x0, 0x0, 0xd3, 0x0, 0x0,
    0xd, 0x30, 0x0, 0xd, 0x30, 0x1, 0xa, 0xf1,
    0x6e, 0xee, 0xee, 0xee, 0xe0, 0x53, 0x0, 0x0,
    0x0, 0x0, 0x0,

    /* U+63CF "描" */
    0x0, 0x4c, 0x0, 0xb, 0x40, 0xa7, 0x0, 0x0,
    0x4c, 0x2, 0x2b, 0x52, 0xa7, 0x21, 0x0, 0x4c,
    0xa, 0xbe, 0xcb, 0xed, 0xb6, 0x2e, 0xef, 0xe2,
    0xb, 0x40, 0xa7, 0x0, 0x0, 0x4c, 0x0, 0x1,
    0x0, 0x10, 0x0, 0x0, 0x4d, 0x82, 0xfd, 0xdf,
    0xdd, 0xf0, 0x6, 0xcf, 0x71, 0xf0, 0x1e, 0x2,
    0xe0, 0xd, 0x9c, 0x1, 0xf0, 0x1e, 0x2, 0xe0,
    0x0, 0x4c, 0x1, 0xfd, 0xdf, 0xde, 0xe0, 0x0,
    0x4c, 0x1, 0xf0, 0x1e, 0x2, 0xe0, 0x0, 0x5c,
    0x1, 0xf2, 0x3e, 0x23, 0xe0, 0x3, 0xd6, 0x2,
    0xfb, 0xbb, 0xbb, 0xf0, 0x0, 0x0, 0x0, 0x0,
    0x0, 0x0, 0x0,

    /* U+63DB "換" */
    0x0, 0x0, 0x0, 0x0, 0x0, 0x0, 0x0, 0x0,
    0xc4, 0x0, 0x3d, 0x0, 0x0, 0x0, 0x0, 0xc2,
    0x2, 0xec, 0xce, 0xb0, 0x0, 0x0, 0xc3, 0x3e,
    0x70, 0xd, 0x20, 0x0, 0x7b, 0xec, 0x73, 0xdc,
    0xce, 0xcd, 0x20, 0x0, 0xc2, 0x0, 0xe2, 0x46,
    0x1c, 0x20, 0x0, 0xc7, 0x60, 0xea, 0x57, 0xbc,
    0x20, 0x3a, 0xf9, 0x10, 0xe8, 0x42, 0x5c, 0x20,
    0x68, 0xc2, 0x12, 0x22, 0xc5, 0x22, 0x20, 0x0,
    0xc2, 0x7b, 0xbb, 0xff, 0xbb, 0xb0, 0x0, 0xc2,
    0x0, 0x6, 0xcc, 0x50, 0x0, 0x0, 0xd2, 0x0,
    0x3e, 0x43, 0xf6, 0x0, 0xd, 0xe0, 0x3b, 0xe5,
    0x0, 0x4e, 0xd0, 0x3, 0x10, 0x6, 0x0, 0x0,
    0x0, 0x30,

    /* U+64E0 "擠" */
    0x0, 0x0, 0x0, 0x1, 0x40, 0x0, 0x0, 0x0,
    0xe0, 0x0, 0x2, 0xe1, 0x0, 0x0, 0x0, 0xe0,
    0x1d, 0xcc, 0xdc, 0xcc, 0xa0, 0x24, 0xe4, 0x0,
    0x5, 0x75, 0x70, 0x30, 0x48, 0xf8, 0x7d, 0xca,
    0x8c, 0x7c, 0xb0, 0x0, 0xe0, 0x8, 0x5c, 0x68,
    0xa6, 0x80, 0x0, 0xe1, 0x3e, 0x5c, 0x67, 0xb9,
    0xc4, 0x4, 0xfc, 0x65, 0x94, 0x78, 0xa8, 0x10,
    0x69, 0xe0, 0x1, 0xf5, 0x55, 0x6d, 0x0, 0x0,
    0xe0, 0x0, 0xe5, 0x55, 0x6d, 0x0, 0x0, 0xe0,
    0x2, 0xfc, 0xcc, 0xcd, 0x0, 0x1, 0xe0, 0xb,
    0x80, 0x0, 0x1d, 0x0, 0xe, 0xb0, 0xbb, 0x0,
    0x0, 0x1e, 0x0, 0x0, 0x0, 0x0, 0x0, 0x0,
    0x0, 0x0,

    /* U+653E "放" */
    0x0, 0x45, 0x0, 0x0, 0x64, 0x0, 0x0, 0x0,
    0x5d, 0x0, 0x0, 0xd6, 0x0, 0x0, 0x0, 0xa,
    0x10, 0x1, 0xf0, 0x0, 0x0, 0x6d, 0xdd, 0xdd,
    0x87, 0xec, 0xcc, 0xc0, 0x12, 0xb6, 0x22, 0x1d,
    0x52, 0x7c, 0x30, 0x0, 0xb5, 0x0, 0x5f, 0x70,
    0x6a, 0x0, 0x0, 0xbe, 0xee, 0x79, 0xc0, 0x88,
    0x0, 0x0, 0xc3, 0xc, 0x20, 0xf1, 0xb5, 0x0,
    0x0, 0xe1, 0xc, 0x20, 0xa6, 0xf1, 0x0, 0x2,
    0xe0, 0xd, 0x10, 0x4f, 0xc0, 0x0, 0x8, 0xa0,
    0xe, 0x0, 0x2f, 0x90, 0x0, 0x1e, 0x32, 0x6e,
    0x5, 0xe6, 0xd9, 0x10, 0x8a, 0x4, 0xc5, 0xad,
    0x30, 0x1b, 0xe0, 0x0, 0x0, 0x0, 0x10, 0x0,
    0x0, 0x20,

    /* U+6557 "敗" */
    0x0, 0x0, 0x0, 0x0, 0x57, 0x0, 0x0, 0xf,
    0xdd, 0xdf, 0x20, 0xbb, 0x0, 0x0, 0xe, 0x10,
    0xe, 0x10, 0xf4, 0x0, 0x0, 0xe, 0x32, 0x2e,
    0x14, 0xf6, 0x55, 0x60, 0xe, 0xba, 0xaf, 0x19,
    0xc8, 0x8f, 0x80, 0xe, 0x10, 0xe, 0x2f, 0x40,
    0x1e, 0x0, 0xe, 0xdd, 0xdf, 0x9d, 0xe0, 0x3c,
    0x0, 0xe, 0x10, 0xe, 0x52, 0xd2, 0x79, 0x0,
    0xf, 0xcc, 0xcf, 0x20, 0x88, 0xc5, 0x0, 0x1,
    0x50, 0x50, 0x0, 0x2f, 0xe0, 0x0, 0x7, 0xc0,
    0xc8, 0x0, 0x4f, 0xd1, 0x0, 0x3e, 0x20, 0x2e,
    0x27, 0xe4, 0x9d, 0x40, 0x45, 0x0, 0x2, 0xec,
    0x20, 0x7, 0xe2, 0x0, 0x0, 0x0, 0x20, 0x0,
    0x0, 0x0,

    /* U+6587 "文" */
    0x0, 0x0, 0x0, 0x10, 0x0, 0x0, 0x0, 0x0,
    0x0, 0x7, 0xb0, 0x0, 0x0, 0x0, 0x0, 0x0,
    0x0, 0xe5, 0x0, 0x0, 0x0, 0x15, 0x55, 0x55,
    0x97, 0x55, 0x55, 0x51, 0x2b, 0xae, 0xdb, 0xbb,
    0xbf, 0xbb, 0xc2, 0x0, 0x7, 0x90, 0x0, 0x3e,
    0x0, 0x0, 0x0, 0x2, 0xe0, 0x0, 0x8a, 0x0,
    0x0, 0x0, 0x0, 0xc4, 0x0, 0xe4, 0x0, 0x0,
    0x0, 0x0, 0x4d, 0x7, 0xc0, 0x0, 0x0, 0x0,
    0x0, 0xa, 0xcf, 0x30, 0x0, 0x0, 0x0, 0x0,
    0x5, 0xfd, 0x20, 0x0, 0x0, 0x0, 0x3, 0xad,
    0x36, 0xe9, 0x30, 0x0, 0x8, 0xde, 0x70, 0x0,
    0x19, 0xfe, 0xa0, 0x6, 0x40, 0x0, 0x0, 0x0,
    0x5, 0x50,

    /* U+6599 "料" */
    0x0, 0xf, 0x10, 0x0, 0x0, 0xb4, 0x0, 0x1c,
    0xe, 0x1a, 0x2a, 0x20, 0xc4, 0x0, 0xa, 0x7e,
    0x6b, 0x4, 0xe2, 0xc4, 0x0, 0x1, 0x2e, 0x52,
    0x0, 0x55, 0xc4, 0x0, 0x4f, 0xef, 0xef, 0x3c,
    0x10, 0xc4, 0x0, 0x0, 0x5f, 0x31, 0x9, 0xd1,
    0xc4, 0x0, 0x0, 0xdf, 0x8b, 0x0, 0x82, 0xc4,
    0x20, 0x8, 0xae, 0x19, 0x34, 0x69, 0xee, 0xc1,
    0x4e, 0x1e, 0x14, 0xeb, 0x85, 0xd4, 0x0, 0x14,
    0xe, 0x10, 0x0, 0x0, 0xc4, 0x0, 0x0, 0xe,
    0x10, 0x0, 0x0, 0xd4, 0x0, 0x0, 0xf, 0x10,
    0x0, 0x0, 0xd4, 0x0,

    /* U+65B0 "新" */
    0x0, 0x4, 0x90, 0x0, 0x1, 0x26, 0x80, 0x0,
    0x4, 0xe0, 0x0, 0xbf, 0xfe, 0xc2, 0xf, 0xff,
    0xff, 0xf5, 0xb6, 0x0, 0x0, 0x1, 0x80, 0x9,
    0x30, 0xb5, 0x0, 0x0, 0x0, 0xa3, 0x2d, 0x0,
    0xb8, 0x33, 0x31, 0x4e, 0xee, 0xef, 0xe8, 0xbc,
    0xaf, 0xb5, 0x1, 0x15, 0xc1, 0x11, 0xb5, 0xe,
    0x20, 0x2, 0x15, 0xc1, 0x21, 0xc4, 0xe, 0x20,
    0xe, 0xee, 0xfe, 0xe6, 0xd2, 0xe, 0x20, 0x0,
    0x95, 0xc5, 0x21, 0xf0, 0xe, 0x20, 0xa, 0xa4,
    0xc5, 0xd6, 0xc0, 0xe, 0x20, 0x3a, 0x16, 0xc0,
    0x3c, 0x70, 0xe, 0x20, 0x0, 0x4d, 0x50, 0x2d,
    0x0, 0xf, 0x20, 0x0, 0x0, 0x0, 0x0, 0x0,
    0x0, 0x0,

    /* U+65B9 "方" */
    0x0, 0x0, 0x2, 0x60, 0x0, 0x0, 0x0, 0x0,
    0x0, 0x3f, 0x20, 0x0, 0x0, 0x0, 0x0, 0x0,
    0x83, 0x0, 0x0, 0x4, 0xed, 0xdd, 0xdd, 0xdd,
    0xdd, 0xdd, 0x2, 0x22, 0xd6, 0x22, 0x22, 0x22,
    0x20, 0x0, 0xc, 0x40, 0x0, 0x0, 0x0, 0x0,
    0x0, 0xd7, 0x44, 0x44, 0x41, 0x0, 0x0, 0xf,
    0xcb, 0xbb, 0xbf, 0x40, 0x0, 0x2, 0xf0, 0x0,
    0x0, 0xf2, 0x0, 0x0, 0x7c, 0x0, 0x0, 0xf,
    0x10, 0x0, 0x1e, 0x60, 0x0, 0x2, 0xf0, 0x0,
    0xb, 0xc0, 0x0, 0x0, 0x5d, 0x0, 0xa, 0xd1,
    0x0, 0x8, 0xbf, 0x80, 0x0, 0x81, 0x0, 0x0,
    0x57, 0x30, 0x0,

    /* U+65E0 "无" */
    0x0, 0x12, 0x22, 0x22, 0x22, 0x21, 0x0, 0x0,
    0x8d, 0xdd, 0xfd, 0xdd, 0xd8, 0x0, 0x0, 0x0,
    0x2, 0xf0, 0x0, 0x0, 0x0, 0x0, 0x0, 0x2,
    0xe0, 0x0, 0x0, 0x0, 0x0, 0x0, 0x3, 0xe0,
    0x0, 0x0, 0x10, 0xa, 0xee, 0xee, 0xfe, 0xfe,
    0xee, 0xc0, 0x0, 0x0, 0x7, 0x95, 0xa0, 0x0,
    0x0, 0x0, 0x0, 0xc, 0x45, 0xa0, 0x0, 0x0,
    0x0, 0x0, 0x4e, 0x5, 0xa0, 0x0, 0x0, 0x0,
    0x2, 0xe5, 0x5, 0xa0, 0x0, 0x80, 0x0, 0x4e,
    0x90, 0x5, 0xc1, 0x4, 0xf0, 0xa, 0xf7, 0x0,
    0x1, 0xdf, 0xfe, 0x90, 0x3, 0x20, 0x0, 0x0,
    0x0, 0x0, 0x0,

    /* U+65F6 "时" */
    0x0, 0x0, 0x0, 0x0, 0x3, 0xf0, 0xf, 0xff,
    0xf4, 0x0, 0x0, 0x3f, 0x0, 0xe3, 0xd, 0x45,
    0x76, 0x68, 0xf6, 0x4e, 0x30, 0xd4, 0x57, 0x66,
    0x8f, 0x74, 0xec, 0xbf, 0x40, 0x0, 0x2, 0xe0,
    0xe, 0x53, 0xe4, 0xd, 0x40, 0x2e, 0x0, 0xe3,
    0xd, 0x40, 0x7d, 0x2, 0xe0, 0xe, 0x30, 0xd4,
    0x0, 0xb1, 0x2e, 0x0, 0xee, 0xef, 0x40, 0x0,
    0x2, 0xe0, 0xf, 0x30, 0xd4, 0x0, 0x0, 0x2e,
    0x0, 0xd2, 0x1, 0x0, 0x0, 0x3, 0xe0, 0x0,
    0x0, 0x0, 0x0, 0xa, 0xfa, 0x0, 0x0, 0x0,
    0x0, 0x0, 0x12, 0x0, 0x0,

    /* U+6642 "時" */
    0x0, 0x0, 0x0, 0x0, 0x3d, 0x0, 0x0, 0x2f,
    0xaa, 0xf1, 0x7b, 0xbe, 0xbb, 0x40, 0x2e, 0x0,
    0xe1, 0x22, 0x4d, 0x22, 0x10, 0x2e, 0x0, 0xe1,
    0x0, 0x3c, 0x0, 0x0, 0x2e, 0x0, 0xe8, 0xdc,
    0xdf, 0xcc, 0xd6, 0x2f, 0xee, 0xf1, 0x0, 0x0,
    0x79, 0x0, 0x2e, 0x0, 0xe1, 0x0, 0x0, 0x78,
    0x0, 0x2e, 0x0, 0xe3, 0xcc, 0xcc, 0xde, 0xc4,
    0x2e, 0x0, 0xe1, 0x8, 0x20, 0x78, 0x0, 0x2f,
    0xee, 0xf1, 0x8, 0xa0, 0x78, 0x0, 0x3e, 0x0,
    0x40, 0x2, 0x70, 0x78, 0x0, 0x0, 0x0, 0x0,
    0x0, 0x7, 0xf6, 0x0, 0x0, 0x0, 0x0, 0x0,
    0x2, 0x40, 0x0,

    /* U+6682 "暂" */
    0x0, 0x21, 0x0, 0x0, 0x0, 0x0, 0x0, 0xa6,
    0x0, 0x28, 0x9c, 0xe1, 0xad, 0xec, 0xcc, 0x4d,
    0x42, 0x10, 0xb, 0x48, 0x20, 0x3d, 0x55, 0x63,
    0x5f, 0xce, 0xcb, 0x4d, 0x7f, 0x74, 0x2, 0x2c,
    0x75, 0x78, 0xf, 0x0, 0xcc, 0xbe, 0x96, 0xe3,
    0xf, 0x0, 0x0, 0x7, 0x21, 0x60, 0x9, 0x0,
    0x4, 0xdd, 0xdd, 0xdd, 0xdd, 0x20, 0x5, 0xb0,
    0x0, 0x0, 0xe, 0x10, 0x5, 0xeb, 0xbb, 0xbb,
    0xbf, 0x10, 0x5, 0xb0, 0x0, 0x0, 0xe, 0x20,
    0x5, 0xeb, 0xbb, 0xbb, 0xbf, 0x20,

    /* U+66AB "暫" */
    0x39, 0x9e, 0xb9, 0x92, 0xaa, 0xaa, 0xa1, 0x4,
    0x4d, 0x64, 0x42, 0xc0, 0x0, 0x0, 0xd, 0x9e,
    0x98, 0xe2, 0xd7, 0x77, 0x73, 0xd, 0xbe, 0xba,
    0xe3, 0xd6, 0x9d, 0x63, 0xe, 0x8d, 0x87, 0xd4,
    0xb0, 0x5b, 0x0, 0x5, 0x5d, 0x75, 0x47, 0x90,
    0x5b, 0x0, 0x5a, 0xae, 0xba, 0x7e, 0x40, 0x6b,
    0x0, 0x0, 0x3c, 0x75, 0x58, 0x65, 0x50, 0x0,
    0x0, 0xa7, 0x55, 0x55, 0x55, 0xe1, 0x0, 0x0,
    0xac, 0xbb, 0xbb, 0xbb, 0xf1, 0x0, 0x0, 0xa3,
    0x0, 0x0, 0x0, 0xe1, 0x0, 0x0, 0xac, 0xbb,
    0xbb, 0xbb, 0xf1, 0x0,

    /* U+6709 "有" */
    0x0, 0x0, 0x0, 0x81, 0x0, 0x0, 0x0, 0x0,
    0x0, 0x4, 0xf0, 0x0, 0x0, 0x0, 0x9, 0xcb,
    0xbd, 0xfb, 0xbb, 0xbb, 0xc0, 0x2, 0x33, 0x4f,
    0x63, 0x33, 0x33, 0x30, 0x0, 0x0, 0xad, 0x0,
    0x0, 0x0, 0x0, 0x0, 0x6, 0xfe, 0xee, 0xee,
    0xee, 0x0, 0x0, 0x5f, 0xf0, 0x0, 0x0, 0x4d,
    0x0, 0x6, 0xf7, 0xfe, 0xee, 0xee, 0xed, 0x0,
    0x2d, 0x41, 0xf0, 0x0, 0x0, 0x4d, 0x0, 0x0,
    0x1, 0xfb, 0xbb, 0xbb, 0xcd, 0x0, 0x0, 0x1,
    0xf2, 0x22, 0x22, 0x5d, 0x0, 0x0, 0x1, 0xf0,
    0x0, 0x2, 0x7c, 0x0, 0x0, 0x2, 0xf0, 0x0,
    0x9, 0xe6, 0x0, 0x0, 0x0, 0x0, 0x0, 0x0,
    0x0, 0x0,

    /* U+672A "未" */
    0x0, 0x0, 0x0, 0xf3, 0x0, 0x0, 0x0, 0x0,
    0x0, 0x0, 0xe2, 0x0, 0x0, 0x0, 0x5, 0xee,
    0xee, 0xfe, 0xee, 0xe8, 0x0, 0x0, 0x0, 0x0,
    0xe2, 0x0, 0x0, 0x0, 0x0, 0x0, 0x0, 0xe2,
    0x0, 0x0, 0x0, 0x5e, 0xee, 0xef, 0xff, 0xee,
    0xee, 0x90, 0x0, 0x0, 0x4e, 0xfe, 0x50, 0x0,
    0x0, 0x0, 0x2, 0xe4, 0xe5, 0xe3, 0x0, 0x0,
    0x0, 0x3e, 0x60, 0xe2, 0x6f, 0x50, 0x0, 0x7,
    0xf6, 0x0, 0xe2, 0x5, 0xfc, 0x60, 0x4d, 0x30,
    0x0, 0xf2, 0x0, 0x2a, 0x90, 0x0, 0x0, 0x0,
    0xf3, 0x0, 0x0, 0x0,

    /* U+672C "本" */
    0x0, 0x0, 0x0, 0xc5, 0x0, 0x0, 0x0, 0x0,
    0x0, 0x0, 0xc5, 0x0, 0x0, 0x0, 0xc, 0xdd,
    0xdd, 0xfd, 0xdd, 0xdd, 0x70, 0x2, 0x22, 0x2e,
    0xff, 0x62, 0x22, 0x10, 0x0, 0x0, 0x4d, 0xca,
    0xa0, 0x0, 0x0, 0x0, 0x0, 0xb6, 0xc5, 0xe2,
    0x0, 0x0, 0x0, 0x5, 0xd0, 0xc5, 0x6c, 0x0,
    0x0, 0x0, 0x2e, 0x40, 0xc5, 0xb, 0x90, 0x0,
    0x1, 0xd7, 0x10, 0xc5, 0x2, 0xda, 0x0, 0x3e,
    0x93, 0xee, 0xfe, 0xec, 0x1c, 0xb0, 0x5, 0x0,
    0x0, 0xc5, 0x0, 0x0, 0x10, 0x0, 0x0, 0x0,
    0xc6, 0x0, 0x0, 0x0,

    /* U+673A "机" */
    0x0, 0x3f, 0x0, 0x3, 0x33, 0x30, 0x0, 0x0,
    0x2f, 0x0, 0xf, 0xbb, 0xf2, 0x0, 0x3, 0x5f,
    0x33, 0xf, 0x0, 0xf1, 0x0, 0x2b, 0xcf, 0xaa,
    0xf, 0x0, 0xf1, 0x0, 0x0, 0x8f, 0x0, 0xf,
    0x0, 0xf1, 0x0, 0x0, 0xdf, 0x81, 0x1f, 0x0,
    0xf1, 0x0, 0x4, 0xef, 0xab, 0x2e, 0x0, 0xf1,
    0x0, 0xc, 0x8f, 0x17, 0x3c, 0x0, 0xf1, 0x0,
    0x5e, 0x2f, 0x0, 0x6a, 0x0, 0xf1, 0x0, 0x2,
    0x2f, 0x0, 0xb5, 0x0, 0xf1, 0x10, 0x0, 0x2f,
    0x5, 0xe0, 0x0, 0xf2, 0xb6, 0x0, 0x3f, 0xd,
    0x40, 0x0, 0xce, 0xe2, 0x0, 0x0, 0x0, 0x0,
    0x0, 0x0, 0x0,

    /* U+67E5 "查" */
    0x0, 0x0, 0x0, 0x97, 0x0, 0x0, 0x0, 0x9,
    0xdc, 0xcc, 0xee, 0xcc, 0xcc, 0x90, 0x1, 0x22,
    0x7d, 0xa8, 0xe5, 0x22, 0x10, 0x0, 0x4, 0xe2,
    0x87, 0x3e, 0x60, 0x0, 0x1, 0x9e, 0x30, 0x87,
    0x3, 0xdd, 0x71, 0x1f, 0xab, 0xbb, 0xdd, 0xbb,
    0xa7, 0xb0, 0x1, 0xd, 0x53, 0x33, 0x35, 0xd0,
    0x0, 0x0, 0xd, 0xdd, 0xdd, 0xdd, 0xd0, 0x0,
    0x0, 0xd, 0x20, 0x0, 0x2, 0xd0, 0x0, 0x0,
    0xc, 0xee, 0xee, 0xee, 0xc0, 0x0, 0x0, 0x0,
    0x0, 0x0, 0x0, 0x0, 0x0, 0xd, 0xee, 0xee,
    0xee, 0xee, 0xee, 0xf0,

    /* U+6807 "标" */
    0x0, 0x1f, 0x0, 0x33, 0x33, 0x33, 0x20, 0x0,
    0x1e, 0x0, 0xbb, 0xbb, 0xbc, 0x80, 0x4, 0x4f,
    0x43, 0x0, 0x0, 0x0, 0x0, 0x19, 0xbf, 0x97,
    0x0, 0x0, 0x0, 0x0, 0x0, 0x8e, 0x8, 0xff,
    0xff, 0xff, 0xf3, 0x0, 0xdf, 0xe2, 0x0, 0x2e,
    0x0, 0x0, 0x4, 0xee, 0x9a, 0x23, 0x2e, 0x5,
    0x0, 0xd, 0x6e, 0x23, 0x9a, 0x2e, 0x2f, 0x40,
    0x5b, 0x1e, 0x0, 0xe3, 0x2e, 0x7, 0xd0, 0x0,
    0x1e, 0x8, 0xb0, 0x2e, 0x0, 0xe5, 0x0, 0x1e,
    0x5, 0x33, 0x7d, 0x0, 0x20, 0x0, 0x1f, 0x0,
    0x7, 0xc5, 0x0, 0x0,

    /* U+6848 "案" */
    0x0, 0x0, 0x0, 0x21, 0x0, 0x0, 0x0, 0x0,
    0x0, 0x0, 0x8a, 0x0, 0x0, 0x0, 0x0, 0xeb,
    0xbb, 0xbb, 0xbb, 0xbd, 0x70, 0x0, 0xa0, 0x8,
    0x90, 0x0, 0x5, 0x40, 0x2, 0xdc, 0xde, 0xcc,
    0xcd, 0xdc, 0x80, 0x0, 0x2, 0xe4, 0x0, 0x3c,
    0x10, 0x0, 0x0, 0x2, 0x69, 0xcd, 0xf7, 0x10,
    0x0, 0x0, 0x79, 0xac, 0xb6, 0x38, 0xdc, 0x40,
    0x0, 0x24, 0x20, 0x39, 0x0, 0x3, 0x30, 0x4,
    0xcc, 0xcd, 0xff, 0xfc, 0xcc, 0xc0, 0x0, 0x0,
    0x4d, 0x7b, 0x9a, 0x10, 0x0, 0x1, 0x6b, 0xa1,
    0x3b, 0x5, 0xda, 0x51, 0x9, 0x82, 0x0, 0x3b,
    0x0, 0x4, 0xa2,

    /* U+68C0 "检" */
    0x0, 0x0, 0x0, 0x0, 0x0, 0x0, 0x0, 0x0,
    0x1f, 0x0, 0x0, 0xd6, 0x0, 0x0, 0x0, 0x1e,
    0x0, 0x4, 0xdd, 0x10, 0x0, 0x6, 0x7f, 0x74,
    0xd, 0x46, 0xc0, 0x0, 0x6, 0x9f, 0x64, 0xa9,
    0x0, 0x8e, 0x60, 0x0, 0x7e, 0xc, 0xce, 0xee,
    0xc6, 0xf5, 0x0, 0xee, 0x45, 0x10, 0x10, 0x1,
    0x10, 0x5, 0xcf, 0xe4, 0x80, 0xf3, 0xe, 0x60,
    0xe, 0x5e, 0x55, 0xe4, 0x98, 0x2f, 0x10, 0x2a,
    0x1e, 0x0, 0x8a, 0x4e, 0x79, 0x0, 0x0, 0x1e,
    0x0, 0x3c, 0x1, 0xd3, 0x0, 0x0, 0x1e, 0x3,
    0x33, 0x35, 0xe3, 0x30, 0x0, 0x1f, 0xb, 0xbb,
    0xbb, 0xbb, 0xb3,

    /* U+6A19 "標" */
    0x0, 0x0, 0x0, 0x0, 0x0, 0x0, 0x0, 0x0,
    0xe, 0x4, 0xcc, 0xfc, 0xfc, 0xc1, 0x0, 0xd,
    0x0, 0x0, 0xd1, 0xc0, 0x0, 0xb, 0xbf, 0xb4,
    0xdb, 0xfc, 0xec, 0xa0, 0x1, 0x5f, 0x10, 0xd0,
    0xd1, 0xc2, 0xb0, 0x0, 0x8f, 0x60, 0xfb, 0xfb,
    0xec, 0xb0, 0x0, 0xde, 0xc4, 0x0, 0x0, 0x0,
    0x0, 0x4, 0xbd, 0x56, 0x8c, 0xbb, 0xbc, 0x50,
    0xc, 0x3d, 0x0, 0x0, 0x0, 0x0, 0x0, 0x4b,
    0xd, 0x7, 0xbb, 0xbf, 0xbb, 0xb0, 0x0, 0xd,
    0x0, 0x46, 0x1d, 0x5, 0x0, 0x0, 0xd, 0x2,
    0xe4, 0x1d, 0xa, 0x70, 0x0, 0xe, 0xc, 0x50,
    0xdb, 0x0, 0xa0, 0x0, 0x0, 0x0, 0x0, 0x20,
    0x0, 0x0,

    /* U+6A5F "機" */
    0x0, 0x1e, 0x0, 0x73, 0x59, 0x36, 0x0, 0x0,
    0xd, 0x0, 0xc4, 0x58, 0x85, 0x60, 0x2, 0x2e,
    0x26, 0xbd, 0x59, 0xea, 0x70, 0x9, 0xbf, 0xa5,
    0x86, 0x38, 0x5c, 0x10, 0x0, 0x7d, 0x12, 0xb9,
    0x89, 0x89, 0xd0, 0x0, 0xbe, 0xd7, 0xa7, 0xaa,
    0xbb, 0xa1, 0x2, 0xdd, 0x93, 0xc0, 0xb, 0xa,
    0x20, 0xb, 0x6d, 0xa, 0xfb, 0xbf, 0xbb, 0xb0,
    0x3d, 0xd, 0x0, 0xe5, 0xc, 0xa, 0x40, 0x0,
    0xd, 0x5, 0x8a, 0x58, 0xc8, 0x0, 0x0, 0xd,
    0x1c, 0x11, 0x6c, 0xd2, 0x81, 0x0, 0xe, 0x75,
    0xa, 0x70, 0x3e, 0xe0, 0x0, 0x0, 0x0, 0x0,
    0x0, 0x1, 0x20,

    /* U+6A94 "檔" */
    0x0, 0x1e, 0x0, 0x8, 0xf, 0x8, 0x20, 0x0,
    0xd, 0x0, 0x9, 0x2f, 0xd, 0x0, 0x3, 0x4e,
    0x43, 0xeb, 0xbb, 0xbb, 0xc8, 0x8, 0xbf, 0xa5,
    0xc0, 0x0, 0x0, 0x68, 0x0, 0x5d, 0x1, 0x87,
    0xdb, 0xbe, 0x23, 0x0, 0xae, 0xb1, 0x7, 0x84,
    0x4d, 0x0, 0x1, 0xcd, 0x99, 0x2, 0x66, 0x65,
    0x0, 0xa, 0x6d, 0x0, 0x8b, 0xbb, 0xbb, 0xb0,
    0x2d, 0xd, 0x0, 0xb2, 0xe, 0x0, 0xe0, 0x0,
    0xd, 0x0, 0xbc, 0xbf, 0xbb, 0xf0, 0x0, 0xe,
    0x0, 0xb2, 0xe, 0x0, 0xe0, 0x0, 0xc, 0x0,
    0xbc, 0xbb, 0xbb, 0xf0, 0x0, 0x0, 0x0, 0x10,
    0x0, 0x0, 0x0,

    /* U+6AA2 "檢" */
    0x0, 0xd, 0x0, 0x0, 0x6c, 0x0, 0x0, 0x0,
    0xc, 0x0, 0x0, 0xcb, 0x50, 0x0, 0xa, 0xcf,
    0xc5, 0xa, 0x70, 0xb9, 0x10, 0x0, 0x3d, 0x7,
    0xd9, 0x99, 0x9a, 0xf5, 0x0, 0x7d, 0x34, 0x21,
    0x33, 0x30, 0x10, 0x0, 0xce, 0xd1, 0xbb, 0x90,
    0xbb, 0xa0, 0x3, 0xcc, 0x74, 0xd0, 0xc0, 0xc0,
    0xd0, 0xc, 0x5c, 0x0, 0xeb, 0xc1, 0xeb, 0xd0,
    0x19, 0xc, 0x0, 0x9, 0x0, 0xa, 0x0, 0x0,
    0xc, 0x0, 0x4e, 0x10, 0x4e, 0x0, 0x0, 0xc,
    0x2, 0xd6, 0xd1, 0xba, 0xc1, 0x0, 0xd, 0x1d,
    0x30, 0x2a, 0x90, 0x62, 0x0, 0x0, 0x0, 0x0,
    0x1, 0x0, 0x0,

    /* U+6B62 "止" */
    0x0, 0x0, 0x0, 0x2f, 0x0, 0x0, 0x0, 0x0,
    0x0, 0x0, 0x2f, 0x0, 0x0, 0x0, 0x0, 0x5,
    0x0, 0x1f, 0x0, 0x0, 0x0, 0x0, 0x2f, 0x10,
    0x1f, 0x11, 0x11, 0x0, 0x0, 0x1f, 0x0, 0x1f,
    0xee, 0xef, 0x30, 0x0, 0x1f, 0x0, 0x1f, 0x0,
    0x0, 0x0, 0x0, 0x1f, 0x0, 0x1f, 0x0, 0x0,
    0x0, 0x0, 0x1f, 0x0, 0x1f, 0x0, 0x0, 0x0,
    0x0, 0x1f, 0x0, 0x1f, 0x0, 0x0, 0x0, 0x0,
    0x1f, 0x0, 0x1f, 0x0, 0x0, 0x0, 0x3c, 0xcf,
    0xcc, 0xcf, 0xcc, 0xcc, 0xc3, 0x14, 0x33, 0x33,
    0x33, 0x33, 0x33, 0x41,

    /* U+6B63 "正" */
    0x0, 0x11, 0x11, 0x11, 0x11, 0x11, 0x10, 0x3e,
    0xee, 0xee, 0xfe, 0xee, 0xe7, 0x0, 0x0, 0x0,
    0x2e, 0x0, 0x0, 0x0, 0x0, 0x0, 0x2, 0xe0,
    0x0, 0x0, 0x0, 0x1a, 0x0, 0x2e, 0x0, 0x0,
    0x0, 0x1, 0xf0, 0x2, 0xfe, 0xee, 0xe3, 0x0,
    0x1f, 0x0, 0x2e, 0x0, 0x0, 0x0, 0x1, 0xf0,
    0x2, 0xe0, 0x0, 0x0, 0x0, 0x1f, 0x0, 0x2e,
    0x0, 0x0, 0x0, 0x1, 0xf0, 0x2, 0xe0, 0x0,
    0x0, 0x2, 0x3f, 0x22, 0x4e, 0x22, 0x22, 0x22,
    0xed, 0xdd, 0xdd, 0xdd, 0xdd, 0xde,

    /* U+6B78 "歸" */
    0x0, 0x41, 0x0, 0x0, 0x0, 0x0, 0x0, 0xc,
    0x10, 0x6, 0xcc, 0xcc, 0xf0, 0xe, 0xcc, 0xd7,
    0x3, 0x33, 0x3e, 0x0, 0xe8, 0x8c, 0x70, 0x88,
    0x88, 0xf0, 0xe, 0x44, 0x42, 0x6c, 0xbb, 0xbe,
    0x0, 0xee, 0xee, 0xa0, 0x0, 0x0, 0x0, 0xe,
    0x22, 0x7a, 0xde, 0xee, 0xee, 0xc0, 0x9a, 0xfa,
    0x6c, 0x0, 0xe0, 0xc, 0x5, 0x2d, 0x0, 0x9d,
    0xcf, 0xce, 0x40, 0xa4, 0xdb, 0x59, 0x40, 0xe0,
    0xa4, 0xa, 0x4d, 0x0, 0x94, 0xe, 0xa, 0x41,
    0xb8, 0xeb, 0x89, 0x40, 0xe4, 0xf2, 0x39, 0x63,
    0x0, 0x20, 0xf, 0x12, 0x0,

    /* U+6C38 "永" */
    0x0, 0x0, 0x5, 0x70, 0x0, 0x0, 0x0, 0x0,
    0x0, 0x4, 0xcf, 0x80, 0x0, 0x0, 0x0, 0x0,
    0x0, 0x4, 0xb0, 0x0, 0x0, 0x0, 0xd, 0xee,
    0xee, 0x0, 0x0, 0x0, 0x0, 0x0, 0x0, 0x2f,
    0x0, 0x4, 0x0, 0x0, 0x0, 0x0, 0x2f, 0x30,
    0x4f, 0x70, 0xb, 0xdd, 0xdd, 0x2f, 0xa5, 0xe6,
    0x0, 0x0, 0x0, 0x7b, 0x2f, 0xde, 0x30, 0x0,
    0x0, 0x0, 0xd6, 0x2f, 0x4e, 0x10, 0x0, 0x0,
    0x7, 0xe0, 0x2f, 0x9, 0xc1, 0x0, 0x0, 0x6f,
    0x40, 0x2f, 0x0, 0xae, 0x40, 0xa, 0xf6, 0x0,
    0x3e, 0x0, 0x8, 0xf2, 0x4, 0x40, 0xb, 0xfa,
    0x0, 0x0, 0x10, 0x0, 0x0, 0x2, 0x20, 0x0,
    0x0, 0x0,

    /* U+6C92 "沒" */
    0x0, 0x0, 0x0, 0x4, 0x0, 0x0, 0x0, 0x2,
    0xa2, 0x0, 0x3f, 0x10, 0x0, 0x0, 0x0, 0x8f,
    0x50, 0x9f, 0xee, 0xee, 0x0, 0x0, 0x4, 0x21,
    0xf3, 0x0, 0x4d, 0x0, 0x1a, 0x40, 0xb, 0xa0,
    0x4, 0xa9, 0x0, 0x6, 0xeb, 0x2b, 0x10, 0xa,
    0xa2, 0x0, 0x0, 0x4, 0x9, 0xdd, 0xdd, 0xdd,
    0x50, 0x0, 0x4, 0x20, 0x69, 0x0, 0x3f, 0x10,
    0x0, 0xd, 0x50, 0x1e, 0x0, 0xa8, 0x0, 0x0,
    0x5c, 0x0, 0x9, 0x95, 0xe0, 0x0, 0x0, 0xe4,
    0x0, 0x0, 0xef, 0x30, 0x0, 0xa, 0xc0, 0x0,
    0x5c, 0xcc, 0xc5, 0x10, 0x8, 0x40, 0x2f, 0xc5,
    0x0, 0x5c, 0xe2, 0x0, 0x0, 0x1, 0x0, 0x0,
    0x0, 0x0,

    /* U+6CA1 "没" */
    0x0, 0x50, 0x0, 0x0, 0x0, 0x0, 0x0, 0x0,
    0xcd, 0x10, 0xde, 0xee, 0xf0, 0x0, 0x0, 0xa,
    0xc0, 0xd2, 0x1, 0xf0, 0x0, 0x1, 0x0, 0x20,
    0xf0, 0x1, 0xf0, 0x0, 0xe, 0x80, 0x4, 0xc0,
    0x1, 0xf1, 0x0, 0x3, 0xea, 0x3e, 0x40, 0x0,
    0xce, 0xe0, 0x0, 0x25, 0x16, 0x0, 0x0, 0x0,
    0x0, 0x0, 0x0, 0x9, 0xfd, 0xdd, 0xeb, 0x0,
    0x0, 0xc, 0x40, 0xa7, 0x0, 0xd3, 0x0, 0x0,
    0x3e, 0x0, 0x2e, 0x27, 0xa0, 0x0, 0x0, 0xc6,
    0x0, 0x5, 0xed, 0x10, 0x0, 0x5, 0xe0, 0x0,
    0x3b, 0xce, 0x81, 0x0, 0xc, 0x70, 0x7e, 0xd6,
    0x1, 0xaf, 0xb0, 0x0, 0x0, 0x24, 0x0, 0x0,
    0x2, 0x40,

    /* U+6CD5 "法" */
    0x0, 0x50, 0x0, 0x0, 0xf3, 0x0, 0x0, 0x2,
    0xdb, 0x20, 0x0, 0xe2, 0x0, 0x0, 0x0, 0x7,
    0x1e, 0xee, 0xfe, 0xee, 0x70, 0x6, 0x0, 0x0,
    0x0, 0xe2, 0x0, 0x0, 0x1b, 0xd3, 0x0, 0x0,
    0xe2, 0x0, 0x0, 0x0, 0x85, 0x9b, 0xbb, 0xfb,
    0xbb, 0xb1, 0x0, 0x0, 0x23, 0x3a, 0xb3, 0x33,
    0x30, 0x0, 0x9, 0x30, 0xe, 0x40, 0x0, 0x0,
    0x0, 0x4e, 0x10, 0x7a, 0x2, 0xd1, 0x0, 0x0,
    0xd5, 0x3, 0xd1, 0x0, 0x9c, 0x0, 0xa, 0xb0,
    0x3e, 0xb8, 0x9a, 0xbf, 0x80, 0x2d, 0x20, 0x1a,
    0x76, 0x43, 0x23, 0xd0, 0x0, 0x0, 0x0, 0x0,
    0x0, 0x0, 0x0,

    /* U+6D88 "消" */
    0x4, 0x20, 0x4, 0x0, 0xe5, 0x0, 0x50, 0x8,
    0xf4, 0x3f, 0x40, 0xe5, 0x6, 0xe2, 0x0, 0x77,
    0x7, 0xb0, 0xe5, 0x2f, 0x40, 0x0, 0x0, 0x1,
    0x21, 0xe6, 0x13, 0x10, 0x6e, 0x50, 0xe, 0xdd,
    0xdd, 0xde, 0xd0, 0x5, 0xc1, 0xd, 0x30, 0x0,
    0x5, 0xc0, 0x0, 0x0, 0xd, 0xff, 0xff, 0xff,
    0xc0, 0x0, 0xa5, 0xd, 0x40, 0x0, 0x5, 0xc0,
    0x0, 0xf2, 0xd, 0xcb, 0xbb, 0xbc, 0xc0, 0x7,
    0xc0, 0xd, 0x64, 0x44, 0x48, 0xc0, 0x1e, 0x70,
    0xd, 0x30, 0x0, 0x17, 0xc0, 0x2b, 0x20, 0xe,
    0x30, 0x0, 0x8f, 0x70, 0x0, 0x0, 0x0, 0x0,
    0x0, 0x0, 0x0,

    /* U+6E29 "温" */
    0x1, 0x0, 0x0, 0x0, 0x0, 0x0, 0x0, 0xa,
    0xa0, 0x4f, 0xff, 0xff, 0xf7, 0x0, 0x0, 0x98,
    0x3a, 0x0, 0x0, 0x77, 0x0, 0x0, 0x0, 0x3e,
    0xdd, 0xdd, 0xe7, 0x0, 0x4c, 0x10, 0x3b, 0x22,
    0x22, 0x87, 0x0, 0x9, 0xc0, 0x3b, 0x33, 0x33,
    0x97, 0x0, 0x0, 0x50, 0x2b, 0xbb, 0xbb, 0xb4,
    0x0, 0x0, 0x10, 0x0, 0x0, 0x0, 0x0, 0x0,
    0x0, 0xe0, 0xef, 0xff, 0xff, 0xff, 0x10, 0x4,
    0xc0, 0xd3, 0xb2, 0x1e, 0xf, 0x0, 0xa, 0x60,
    0xd3, 0xb2, 0x1e, 0xf, 0x0, 0x2f, 0x10, 0xd3,
    0xb2, 0x1e, 0xf, 0x0, 0x5b, 0x2f, 0xfe, 0xee,
    0xee, 0xef, 0xe2, 0x0, 0x0, 0x0, 0x0, 0x0,
    0x0, 0x0,

    /* U+6EAB "溫" */
    0x0, 0x0, 0x0, 0x0, 0x0, 0x0, 0x0, 0x7,
    0xc2, 0x7, 0xed, 0xdd, 0xdf, 0x20, 0x0, 0x7d,
    0x6, 0x80, 0xc0, 0x1f, 0x20, 0x0, 0x0, 0x6,
    0x82, 0xd0, 0x1f, 0x20, 0x28, 0x0, 0x6, 0x8b,
    0xac, 0x3f, 0x20, 0x19, 0xe5, 0x6, 0xa7, 0x4,
    0x3f, 0x20, 0x0, 0x33, 0x7, 0xfe, 0xee, 0xef,
    0x20, 0x0, 0x0, 0x0, 0x0, 0x0, 0x0, 0x0,
    0x0, 0x4a, 0xe, 0xde, 0xde, 0xdd, 0xc0, 0x0,
    0xb5, 0xf, 0xd, 0x1d, 0x22, 0xc0, 0x2, 0xe0,
    0xf, 0xd, 0x1d, 0x22, 0xc0, 0xa, 0x80, 0xf,
    0xd, 0x1d, 0x22, 0xc0, 0x2f, 0x24, 0xde, 0xde,
    0xde, 0xdd, 0xeb, 0x3, 0x0, 0x0, 0x0, 0x0,
    0x0, 0x0,

    /* U+70B9 "点" */
    0x0, 0x0, 0x0, 0xf3, 0x0, 0x0, 0x0, 0x0,
    0x0, 0x0, 0xed, 0xcc, 0xcd, 0x70, 0x0, 0x0,
    0x0, 0xe5, 0x22, 0x22, 0x10, 0x0, 0x0, 0x0,
    0xe3, 0x0, 0x0, 0x0, 0x0, 0x4f, 0xff, 0xff,
    0xff, 0xf5, 0x0, 0x0, 0x4e, 0x0, 0x0, 0x0,
    0xc5, 0x0, 0x0, 0x3e, 0x0, 0x0, 0x0, 0xc4,
    0x0, 0x0, 0x4f, 0xbb, 0xbb, 0xbb, 0xf5, 0x0,
    0x0, 0x23, 0x33, 0x33, 0x33, 0x31, 0x0, 0x1,
    0xf3, 0x47, 0x4, 0x90, 0x2d, 0x10, 0x8, 0xc0,
    0x3e, 0x1, 0xf2, 0xb, 0xa0, 0xd, 0x40, 0xc,
    0x20, 0x96, 0x2, 0xe1, 0x0, 0x0, 0x0, 0x0,
    0x0, 0x0, 0x0,

    /* U+70ED "热" */
    0x0, 0x0, 0x0, 0x0, 0x10, 0x0, 0x0, 0x0,
    0xf, 0x0, 0x3, 0xe0, 0x0, 0x0, 0x0, 0xe,
    0x0, 0x3, 0xd1, 0x20, 0x0, 0xd, 0xdf, 0xd8,
    0xac, 0xfb, 0xf2, 0x0, 0x0, 0xe, 0x0, 0x3,
    0xb0, 0xe0, 0x0, 0x0, 0x3f, 0xa8, 0xba, 0x90,
    0xe0, 0x0, 0x1f, 0xbf, 0x30, 0x2e, 0xb0, 0xd0,
    0x0, 0x0, 0xe, 0x0, 0x3e, 0x9d, 0xb4, 0x93,
    0x1, 0x5e, 0x1, 0xd6, 0x3, 0x6c, 0xe1, 0x1,
    0xb5, 0x8, 0x90, 0x0, 0x7, 0x50, 0x1, 0x90,
    0x22, 0x3, 0x50, 0x4c, 0x0, 0x8, 0xa0, 0x6a,
    0x3, 0xe0, 0xc, 0x50, 0x2f, 0x20, 0xf, 0x0,
    0xd4, 0x4, 0xc0, 0x3, 0x0, 0x1, 0x0, 0x0,
    0x0, 0x0,

    /* U+7121 "無" */
    0x0, 0x6, 0x10, 0x0, 0x0, 0x0, 0x0, 0x0,
    0x2f, 0x20, 0x0, 0x0, 0x0, 0x0, 0x0, 0xcf,
    0xdd, 0xdd, 0xdd, 0xdd, 0x90, 0x1b, 0x9e, 0x1d,
    0x24, 0xb1, 0xe0, 0x0, 0x27, 0xe, 0x1d, 0x24,
    0xb1, 0xe0, 0x0, 0x9, 0xef, 0xef, 0xee, 0xfe,
    0xfe, 0xe0, 0x0, 0xe, 0x1d, 0x24, 0xb1, 0xe0,
    0x0, 0x0, 0xe, 0x1d, 0x24, 0xb1, 0xe0, 0x0,
    0x5c, 0xcf, 0xcf, 0xdd, 0xfc, 0xfc, 0xc8, 0x1,
    0x51, 0x0, 0x0, 0x30, 0x4, 0x10, 0x2, 0xf4,
    0x68, 0x0, 0xf2, 0xd, 0x60, 0xb, 0x90, 0x3e,
    0x0, 0x99, 0x4, 0xf1, 0x4e, 0x10, 0x9, 0x0,
    0x21, 0x0, 0x82, 0x0, 0x0, 0x0, 0x0, 0x0,
    0x0, 0x0,

    /* U+7184 "熄" */
    0x0, 0x0, 0x0, 0x0, 0x30, 0x0, 0x0, 0x0,
    0x6b, 0x0, 0x2, 0xe0, 0x0, 0x0, 0x0, 0x6a,
    0x0, 0xfc, 0xcc, 0xcf, 0x0, 0x0, 0x5a, 0x20,
    0xf5, 0x55, 0x5f, 0x0, 0xd, 0x5c, 0xd4, 0xf5,
    0x55, 0x5f, 0x0, 0x1d, 0x5e, 0x20, 0xfc, 0xcc,
    0xcf, 0x0, 0x2c, 0x5a, 0x0, 0xf0, 0x0, 0xf,
    0x0, 0x38, 0x69, 0x0, 0xdc, 0xcc, 0xcd, 0x0,
    0x0, 0x8b, 0x0, 0x0, 0x17, 0x0, 0x0, 0x0,
    0xbc, 0xa5, 0x4b, 0x3e, 0x26, 0x80, 0x1, 0xe0,
    0xab, 0x5d, 0x22, 0x2, 0xe0, 0x8, 0x90, 0xe,
    0x1d, 0x20, 0x4a, 0xc5, 0x3f, 0x10, 0x29, 0x9,
    0xed, 0xe8, 0x0, 0x3, 0x0, 0x0, 0x0, 0x0,
    0x0, 0x0,

    /* U+71B1 "熱" */
    0x0, 0x0, 0x0, 0x0, 0x0, 0x0, 0x0, 0x0,
    0xd, 0x20, 0x0, 0x4c, 0x0, 0x0, 0x9, 0xcf,
    0xcd, 0x11, 0x5c, 0x21, 0x0, 0x2, 0x2d, 0x32,
    0x29, 0xff, 0xfc, 0x0, 0x2a, 0xa9, 0x9a, 0x60,
    0x49, 0x3b, 0x0, 0x5, 0xd1, 0x3d, 0x34, 0x88,
    0x3a, 0x0, 0x9, 0x1d, 0x24, 0x25, 0xea, 0x3b,
    0x0, 0xb, 0xcf, 0xcc, 0x0, 0xed, 0x5e, 0x21,
    0x0, 0xd, 0x45, 0xb, 0x90, 0xb, 0xcb, 0x3d,
    0xdb, 0x97, 0x5b, 0x0, 0x1, 0xa4, 0x1, 0xa3,
    0x15, 0x0, 0x90, 0x9, 0x20, 0x4, 0xe0, 0x1f,
    0x0, 0xb7, 0x6, 0xc0, 0x1e, 0x60, 0xd, 0x40,
    0x59, 0x0, 0xd5, 0x16, 0x0, 0x0, 0x0, 0x0,
    0x0, 0x10,

    /* U+7248 "版" */
    0x0, 0xa0, 0xe1, 0x2, 0x24, 0x6a, 0xb0, 0x0,
    0xe0, 0xd1, 0xf, 0xba, 0x87, 0x50, 0x0, 0xe0,
    0xd1, 0xe, 0x0, 0x0, 0x0, 0x0, 0xe0, 0xd1,
    0xe, 0x44, 0x44, 0x20, 0x0, 0xfd, 0xdd, 0x3e,
    0xdb, 0x8c, 0x80, 0x0, 0xe0, 0x0, 0xe, 0x87,
    0x9, 0x60, 0x0, 0xfc, 0xc4, 0xe, 0x59, 0xc,
    0x30, 0x1, 0xd1, 0x95, 0x1d, 0x1d, 0x1e, 0x0,
    0x3, 0xb0, 0x95, 0x5a, 0xb, 0xaa, 0x0, 0x5,
    0xa0, 0x95, 0xa6, 0x5, 0xf3, 0x0, 0xa, 0x60,
    0x97, 0xf1, 0x2e, 0xdc, 0x20, 0xd, 0x20, 0xa7,
    0x65, 0xf8, 0x8, 0xf3, 0x0, 0x0, 0x0, 0x0,
    0x30, 0x0, 0x30,

    /* U+72B6 "状" */
    0x0, 0x3, 0xf0, 0x0, 0xb7, 0x0, 0x0, 0x1,
    0x2, 0xe0, 0x0, 0xb6, 0x8a, 0x0, 0x1e, 0x22,
    0xe0, 0x0, 0xb6, 0xb, 0x60, 0x6, 0xd3, 0xe0,
    0x0, 0xb6, 0x0, 0x0, 0x0, 0x32, 0xe9, 0xee,
    0xff, 0xee, 0xf0, 0x0, 0x4, 0xe0, 0x0, 0xda,
    0x0, 0x0, 0x0, 0x2e, 0xe0, 0x0, 0xfe, 0x0,
    0x0, 0x3, 0xe6, 0xe0, 0x5, 0xbc, 0x30, 0x0,
    0x1e, 0x52, 0xe0, 0xb, 0x56, 0xb0, 0x0, 0x0,
    0x2, 0xe0, 0x4d, 0x0, 0xd7, 0x0, 0x0, 0x3,
    0xf2, 0xe3, 0x0, 0x3f, 0xa0, 0x0, 0x3, 0xfa,
    0x60, 0x0, 0x3, 0x70,

    /* U+72C0 "狀" */
    0x4, 0x10, 0xf1, 0x0, 0x1e, 0x17, 0x0, 0xd,
    0x30, 0xf0, 0x0, 0x1e, 0xe, 0x30, 0xd, 0x30,
    0xf0, 0x0, 0x1e, 0x6, 0x30, 0xd, 0x64, 0xf0,
    0x11, 0x2e, 0x11, 0x10, 0x8, 0x99, 0xf3, 0xdd,
    0xdf, 0xdd, 0xd7, 0x0, 0x0, 0xf0, 0x0, 0x4f,
    0x10, 0x0, 0x5f, 0xfe, 0xf0, 0x0, 0x8f, 0x50,
    0x0, 0x6, 0x80, 0xf0, 0x0, 0xc7, 0xa0, 0x0,
    0x8, 0x60, 0xf0, 0x3, 0xd0, 0xd2, 0x0, 0xc,
    0x20, 0xf0, 0xb, 0x60, 0x6c, 0x0, 0x4c, 0x0,
    0xf0, 0x7d, 0x0, 0xb, 0xc2, 0x12, 0x0, 0xf1,
    0xb3, 0x0, 0x0, 0x81,

    /* U+73B0 "现" */
    0x1, 0x0, 0x0, 0x3f, 0xee, 0xee, 0xe0, 0xc,
    0xef, 0xeb, 0x2d, 0x0, 0x1, 0xe0, 0x0, 0x1e,
    0x0, 0x2d, 0x5, 0x21, 0xe0, 0x0, 0x1e, 0x0,
    0x2d, 0xc, 0x51, 0xe0, 0x1, 0x2e, 0x10, 0x2d,
    0xc, 0x31, 0xe0, 0xb, 0xef, 0xe7, 0x2d, 0xd,
    0x11, 0xe0, 0x0, 0x1e, 0x0, 0x3d, 0xe, 0x1,
    0xe0, 0x0, 0x1e, 0x0, 0x3, 0x4d, 0xe0, 0x30,
    0x0, 0x1e, 0x68, 0x0, 0xb7, 0xe0, 0x0, 0x1a,
    0xde, 0x94, 0x6, 0xc2, 0xe0, 0x23, 0x9, 0x30,
    0x0, 0x8d, 0x11, 0xf0, 0x8b, 0x0, 0x0, 0x1d,
    0xa1, 0x0, 0xde, 0xe3, 0x0, 0x0, 0x0, 0x0,
    0x0, 0x0, 0x0,

    /* U+73FE "現" */
    0x7, 0x77, 0x74, 0xee, 0xee, 0xef, 0x80, 0x8,
    0x9e, 0x85, 0xe1, 0x0, 0x8, 0x80, 0x0, 0x2d,
    0x0, 0xec, 0xcc, 0xce, 0x80, 0x0, 0x2d, 0x0,
    0xe4, 0x22, 0x29, 0x80, 0x2, 0x5d, 0x31, 0xe4,
    0x33, 0x39, 0x80, 0xa, 0xcf, 0xc3, 0xec, 0xcc,
    0xce, 0x80, 0x0, 0x2d, 0x0, 0xe2, 0x0, 0x8,
    0x80, 0x0, 0x2d, 0x0, 0xce, 0xfe, 0xfe, 0x70,
    0x0, 0x2d, 0x45, 0x5, 0xb1, 0xe0, 0x0, 0x18,
    0xcd, 0x82, 0xa, 0x81, 0xe0, 0x0, 0x7, 0x20,
    0x36, 0xbe, 0x21, 0xe0, 0x4c, 0x0, 0x0, 0xbd,
    0x70, 0x0, 0xdf, 0xe7, 0x0, 0x0, 0x0, 0x0,
    0x0, 0x0, 0x0,

    /* U+7528 "用" */
    0x0, 0xee, 0xee, 0xfe, 0xee, 0xef, 0x0, 0xe2,
    0x0, 0xe3, 0x0, 0x2e, 0x0, 0xe2, 0x0, 0xe3,
    0x0, 0x2e, 0x0, 0xed, 0xdd, 0xfd, 0xdd, 0xde,
    0x0, 0xe2, 0x0, 0xe3, 0x0, 0x2e, 0x0, 0xe2,
    0x0, 0xe3, 0x0, 0x2e, 0x0, 0xec, 0xbb, 0xfc,
    0xbb, 0xce, 0x0, 0xf4, 0x22, 0xe5, 0x22, 0x5e,
    0x2, 0xf0, 0x0, 0xe3, 0x0, 0x2e, 0x6, 0xb0,
    0x0, 0xe3, 0x0, 0x2e, 0xd, 0x50, 0x0, 0xe4,
    0x5, 0xad, 0x2b, 0x0, 0x0, 0x72, 0x5, 0x92,

    /* U+7559 "留" */
    0x1, 0x25, 0xa1, 0x0, 0x0, 0x0, 0x5, 0xfc,
    0xa7, 0x3b, 0xef, 0xee, 0xf0, 0x4c, 0x2, 0x30,
    0x2, 0xe0, 0x3d, 0x4, 0xc0, 0x5d, 0x0, 0x7a,
    0x4, 0xc0, 0x5c, 0x2a, 0xf8, 0x1e, 0x30, 0x7a,
    0x8, 0xfd, 0x63, 0x4d, 0x90, 0xcf, 0x50, 0x36,
    0x0, 0x0, 0x50, 0x2, 0x10, 0x0, 0x9f, 0xee,
    0xef, 0xee, 0xef, 0x30, 0x9, 0x80, 0x0, 0xf0,
    0x0, 0xe2, 0x0, 0x9f, 0xee, 0xef, 0xee, 0xef,
    0x20, 0x9, 0x80, 0x0, 0xf0, 0x0, 0xe2, 0x0,
    0x9e, 0xcc, 0xcf, 0xcc, 0xcf, 0x20, 0xa, 0x91,
    0x11, 0x11, 0x11, 0xe3, 0x0,

    /* U+7570 "異" */
    0x0, 0x6f, 0xff, 0xff, 0xff, 0xfe, 0x0, 0x0,
    0x5c, 0x0, 0x2e, 0x0, 0x2e, 0x0, 0x0, 0x5f,
    0xee, 0xef, 0xee, 0xee, 0x0, 0x0, 0x5c, 0x0,
    0x2e, 0x0, 0x2e, 0x0, 0x0, 0x7f, 0xff, 0xff,
    0xff, 0xfd, 0x0, 0x0, 0x0, 0x6, 0x0, 0x25,
    0x0, 0x0, 0x0, 0x33, 0x3f, 0x43, 0x7d, 0x33,
    0x0, 0x0, 0x8a, 0xaf, 0xba, 0xce, 0xa9, 0x0,
    0x0, 0x0, 0xf, 0x10, 0x5d, 0x0, 0x0, 0x7e,
    0xee, 0xee, 0xee, 0xee, 0xee, 0xe4, 0x0, 0x0,
    0x8a, 0x0, 0x2c, 0x50, 0x0, 0x1, 0x7e, 0xb3,
    0x0, 0x5, 0xdd, 0x30, 0x0, 0x83, 0x0, 0x0,
    0x0, 0x6, 0x0,

    /* U+767C "發" */
    0x0, 0x0, 0x0, 0x5, 0x0, 0x40, 0x0, 0x0,
    0xac, 0xcf, 0x7b, 0x8c, 0x92, 0x20, 0x4, 0xa0,
    0x6c, 0x1, 0xea, 0x3d, 0x60, 0x0, 0x9a, 0xd1,
    0x0, 0x1d, 0xf6, 0x0, 0x3, 0xcb, 0x10, 0x2,
    0x34, 0xbe, 0xe3, 0x3d, 0x5b, 0xcc, 0xc, 0xba,
    0xe0, 0x30, 0x0, 0x0, 0x1e, 0xc, 0x31, 0xe0,
    0x0, 0x1, 0xbb, 0xbf, 0x4d, 0x0, 0xfb, 0xb2,
    0x3, 0xe0, 0x0, 0x97, 0x77, 0x89, 0x10, 0x4,
    0xfd, 0xd8, 0x6, 0x54, 0xa9, 0x0, 0x0, 0x0,
    0x78, 0x8, 0xe8, 0xe1, 0x0, 0x0, 0x0, 0xa7,
    0x0, 0x6f, 0xe4, 0x0, 0x0, 0x8d, 0xe2, 0x7c,
    0xb2, 0x4e, 0x80, 0x0, 0x22, 0x0, 0x53, 0x0,
    0x1, 0x10,

    /* U+7684 "的" */
    0x0, 0x50, 0x0, 0x5, 0x0, 0x0, 0x0, 0xf2,
    0x0, 0xf, 0x20, 0x0, 0x3, 0xc0, 0x0, 0x4c,
    0x11, 0x10, 0xce, 0xfd, 0xd0, 0xae, 0xee, 0xf5,
    0xd3, 0x11, 0xf1, 0xe1, 0x0, 0xb5, 0xd3, 0x0,
    0xf9, 0x90, 0x0, 0xb4, 0xd3, 0x0, 0xf3, 0x48,
    0x0, 0xb4, 0xdf, 0xff, 0xf0, 0xf, 0x20, 0xc3,
    0xd3, 0x0, 0xf0, 0x9, 0x90, 0xc3, 0xd3, 0x0,
    0xf0, 0x3, 0x70, 0xd2, 0xd3, 0x0, 0xf0, 0x0,
    0x0, 0xe1, 0xdf, 0xff, 0xf0, 0x0, 0x1, 0xf0,
    0xa2, 0x0, 0xa0, 0x2, 0xdc, 0x50, 0x0, 0x0,
    0x0, 0x0, 0x0, 0x0,

    /* U+76EE "目" */
    0xee, 0xee, 0xee, 0xee, 0xf5, 0xe3, 0x0, 0x0,
    0x0, 0xe4, 0xd3, 0x0, 0x0, 0x0, 0xe4, 0xdb,
    0xaa, 0xaa, 0xaa, 0xf4, 0xd6, 0x33, 0x33, 0x33,
    0xe4, 0xd3, 0x0, 0x0, 0x0, 0xe4, 0xd3, 0x0,
    0x0, 0x0, 0xe4, 0xde, 0xee, 0xee, 0xee, 0xf4,
    0xd3, 0x0, 0x0, 0x0, 0xe4, 0xd3, 0x0, 0x0,
    0x0, 0xe4, 0xee, 0xee, 0xee, 0xee, 0xf4, 0xd3,
    0x0, 0x0, 0x0, 0xe4,

    /* U+7801 "码" */
    0x0, 0x0, 0x0, 0x0, 0x0, 0x0, 0x0, 0x3,
    0x22, 0x23, 0x7d, 0xdd, 0xdf, 0x0, 0x2a, 0xce,
    0xaa, 0x0, 0x0, 0x2d, 0x0, 0x0, 0x69, 0x0,
    0x9, 0x50, 0x4b, 0x0, 0x0, 0xa5, 0x0, 0xc,
    0x40, 0x69, 0x0, 0x0, 0xf8, 0x74, 0xe, 0x10,
    0x87, 0x0, 0x6, 0xf7, 0x9a, 0xf, 0x11, 0xa6,
    0x10, 0xd, 0xf1, 0x4a, 0x1c, 0xcc, 0xcc, 0xf0,
    0x5a, 0xe1, 0x4a, 0x0, 0x0, 0x2, 0xe0, 0x1,
    0xe1, 0x4a, 0x9b, 0xbb, 0xb9, 0xc0, 0x0, 0xee,
    0xea, 0x22, 0x22, 0x26, 0xb0, 0x0, 0xf1, 0x37,
    0x0, 0x0, 0x7, 0x90, 0x0, 0x70, 0x0, 0x0,
    0x4, 0xae, 0x40, 0x0, 0x0, 0x0, 0x0, 0x2,
    0x84, 0x0,

    /* U+786E "确" */
    0x0, 0x0, 0x0, 0x1, 0x60, 0x0, 0x0, 0x21,
    0x11, 0x10, 0x8a, 0x0, 0x0, 0xb, 0xdf, 0xc8,
    0x4f, 0xcc, 0xf5, 0x0, 0x6, 0xa0, 0x3e, 0x50,
    0x5c, 0x0, 0x0, 0xa4, 0x3, 0x6b, 0xbe, 0xdb,
    0xa0, 0x1f, 0x98, 0x41, 0xc0, 0xe1, 0x1e, 0x9,
    0xe6, 0xb6, 0x1c, 0xe, 0x1, 0xe5, 0xee, 0x8,
    0x61, 0xfc, 0xfc, 0xce, 0x4, 0xe0, 0x86, 0x2c,
    0xe, 0x1, 0xe0, 0xe, 0x8, 0x63, 0xfc, 0xfc,
    0xce, 0x0, 0xfd, 0xe6, 0x7b, 0xe, 0x1, 0xe0,
    0xe, 0x6, 0x6d, 0x50, 0xe0, 0x1e, 0x0, 0x90,
    0x8, 0xa0, 0x9, 0xa, 0xc0, 0x0, 0x0, 0x0,
    0x0, 0x0, 0x20,

    /* U+78BA "確" */
    0x0, 0x0, 0x0, 0x0, 0x30, 0x0, 0x0, 0x5,
    0x55, 0x51, 0x0, 0xc0, 0x0, 0x0, 0x18, 0xcb,
    0x88, 0xfd, 0xfd, 0xdd, 0xf0, 0x0, 0xc2, 0x6,
    0xc2, 0x91, 0x0, 0xe0, 0x0, 0xd0, 0x3, 0x78,
    0x4b, 0x70, 0x50, 0x6, 0xeb, 0xb1, 0x1f, 0xdd,
    0xed, 0x90, 0xd, 0xd1, 0xd1, 0xbb, 0xd, 0x20,
    0x0, 0x5e, 0xc0, 0xd8, 0xfb, 0x1d, 0x31, 0x10,
    0x17, 0xc0, 0xd3, 0x8e, 0xae, 0xba, 0x60, 0x2,
    0xc0, 0xd1, 0x3b, 0xd, 0x20, 0x0, 0x2, 0xe7,
    0xe1, 0x3e, 0xbf, 0xbb, 0x60, 0x2, 0xd4, 0xe2,
    0x4b, 0xd, 0x20, 0x0, 0x2, 0xc0, 0x0, 0x5e,
    0xbc, 0xbb, 0xc1,

    /* U+78BC "碼" */
    0x0, 0x0, 0x0, 0x0, 0x0, 0x0, 0x0, 0xc,
    0xed, 0xcb, 0x8d, 0xcc, 0xfc, 0xc4, 0x0, 0xb2,
    0x0, 0x86, 0x1, 0xe0, 0x0, 0x0, 0xe0, 0x0,
    0x8e, 0xdd, 0xfd, 0xd0, 0x2, 0xe0, 0x0, 0x86,
    0x1, 0xe0, 0x0, 0x5, 0xfd, 0xd5, 0x8d, 0xcc,
    0xfc, 0xc0, 0xa, 0xf0, 0x95, 0x86, 0x1, 0xe0,
    0x0, 0x1f, 0xe0, 0x95, 0x8d, 0xcc, 0xec, 0xc7,
    0x39, 0xe0, 0x95, 0x32, 0x0, 0x12, 0x78, 0x0,
    0xe0, 0x95, 0x74, 0x4b, 0x5c, 0x86, 0x0, 0xed,
    0xe6, 0xe4, 0xc8, 0x88, 0xb5, 0x0, 0xe0, 0x8a,
    0xc0, 0xb2, 0x20, 0xe2, 0x0, 0xa0, 0x0, 0x10,
    0x0, 0x7f, 0xb0, 0x0, 0x0, 0x0, 0x0, 0x0,
    0x1, 0x0,

    /* U+79BB "离" */
    0x0, 0x0, 0x3, 0x10, 0x0, 0x0, 0x0, 0x0,
    0x0, 0xb8, 0x0, 0x0, 0x0, 0xcc, 0xcc, 0xcc,
    0xcc, 0xcc, 0xcc, 0x0, 0x31, 0x7b, 0x64, 0xc9,
    0x4, 0x0, 0xb, 0x40, 0x6e, 0xed, 0x40, 0xf0,
    0x0, 0xb4, 0x99, 0x20, 0x4b, 0x2f, 0x0, 0xb,
    0xdd, 0xdd, 0xdd, 0xdd, 0xf1, 0x0, 0x0, 0x0,
    0xc3, 0x0, 0x0, 0x0, 0x7d, 0xdd, 0xdf, 0xdd,
    0xdd, 0xd9, 0x8, 0x70, 0x2d, 0x20, 0x36, 0x3,
    0xc0, 0x87, 0x2f, 0x96, 0x7a, 0xf4, 0x3c, 0x8,
    0x70, 0xb8, 0x53, 0x14, 0x45, 0xb0, 0x87, 0x0,
    0x0, 0x0, 0x9, 0xf7, 0x0, 0x0, 0x0, 0x0,
    0x0, 0x0, 0x0,

    /* U+79D2 "秒" */
    0x0, 0x0, 0x43, 0x0, 0x1f, 0x0, 0x0, 0x8,
    0xbe, 0xb6, 0x0, 0x1e, 0x0, 0x0, 0x3, 0x1d,
    0x20, 0x6, 0x2e, 0x18, 0x0, 0x1, 0x1d, 0x21,
    0x2f, 0x1e, 0xd, 0x80, 0x5e, 0xef, 0xec, 0x5d,
    0x1e, 0x2, 0xf3, 0x0, 0x4f, 0x20, 0x99, 0x1e,
    0x0, 0x40, 0x0, 0x9f, 0x68, 0xc6, 0x1e, 0x7,
    0x60, 0x1, 0xff, 0x4f, 0x10, 0x1f, 0x1f, 0x50,
    0xb, 0x9e, 0x27, 0x20, 0x6, 0xb9, 0x0, 0x5d,
    0x1e, 0x20, 0x0, 0xa, 0xa0, 0x0, 0x0, 0xe,
    0x21, 0x38, 0xd7, 0x0, 0x0, 0x0, 0xf, 0x28,
    0xb6, 0x0, 0x0, 0x0,

    /* U+79FB "移" */
    0x0, 0x0, 0x33, 0x0, 0x82, 0x0, 0x0, 0x1a,
    0xcf, 0xfa, 0x5, 0xf1, 0x0, 0x0, 0x9, 0x6e,
    0x20, 0xc, 0xed, 0xdd, 0x50, 0x0, 0xd, 0x20,
    0x9c, 0x30, 0x3d, 0x0, 0x5b, 0xbf, 0xcb, 0x62,
    0xb9, 0xd4, 0x0, 0x1, 0x3f, 0x31, 0x1, 0x8e,
    0x40, 0x0, 0x0, 0x8f, 0x83, 0xcf, 0xaf, 0x40,
    0x0, 0x1, 0xee, 0xbc, 0x52, 0x9f, 0xcc, 0xb0,
    0xb, 0x9d, 0x28, 0x18, 0xd2, 0x16, 0xb0, 0x5e,
    0x1d, 0x20, 0x6c, 0x49, 0xd, 0x30, 0x2, 0xd,
    0x20, 0x0, 0xb, 0xe8, 0x0, 0x0, 0xd, 0x20,
    0x1, 0x5d, 0x90, 0x0, 0x0, 0xd, 0x33, 0xef,
    0xb4, 0x0, 0x0, 0x0, 0x0, 0x0, 0x30, 0x0,
    0x0, 0x0,

    /* U+7A31 "稱" */
    0x0, 0x2, 0x52, 0x0, 0x0, 0x13, 0x51, 0xe,
    0xff, 0xc8, 0xee, 0xed, 0xcb, 0xa6, 0x1, 0x2e,
    0x0, 0x40, 0x1b, 0x0, 0xa4, 0x0, 0x1e, 0x0,
    0xba, 0xa, 0x58, 0xe1, 0x7, 0x7f, 0x75, 0x16,
    0xb, 0x42, 0x30, 0x7, 0xaf, 0x75, 0xad, 0xdf,
    0xdd, 0xe2, 0x0, 0x9e, 0x85, 0xb5, 0xc, 0x40,
    0xe2, 0x1, 0xee, 0x6b, 0xbe, 0xdf, 0xdd, 0xf2,
    0xc, 0x9e, 0x9, 0xb6, 0x1c, 0x41, 0xe2, 0x1c,
    0x2e, 0x0, 0xb6, 0x1d, 0x51, 0xe3, 0x0, 0x1e,
    0x5, 0xfe, 0xdd, 0xdd, 0xfc, 0x0, 0x1e, 0x0,
    0xb5, 0x0, 0x0, 0xe2, 0x0, 0x1e, 0x0, 0xc5,
    0x0, 0xd, 0xd0, 0x0, 0x0, 0x0, 0x0, 0x0,
    0x0, 0x0,

    /* U+7A7A "空" */
    0x0, 0x0, 0x1, 0xa1, 0x0, 0x0, 0x0, 0x0,
    0x0, 0x0, 0xd7, 0x0, 0x0, 0x0, 0xb, 0xcc,
    0xcc, 0xec, 0xcc, 0xcc, 0x30, 0xd, 0x63, 0x33,
    0x33, 0x33, 0x3e, 0x40, 0xb, 0x34, 0xe3, 0x1,
    0xb5, 0x9, 0x30, 0x0, 0x6f, 0x80, 0x0, 0x7f,
    0xd4, 0x0, 0x1c, 0xf5, 0x0, 0x0, 0x1, 0xbf,
    0x50, 0x8, 0x30, 0x0, 0x0, 0x0, 0x16, 0x0,
    0x0, 0xdf, 0xff, 0xff, 0xff, 0xf1, 0x0, 0x0,
    0x0, 0x0, 0xe4, 0x0, 0x0, 0x0, 0x0, 0x0,
    0x0, 0xe4, 0x0, 0x0, 0x0, 0x0, 0x0, 0x0,
    0xe4, 0x0, 0x0, 0x0, 0x8f, 0xff, 0xff, 0xff,
    0xff, 0xff, 0xf3, 0x0, 0x0, 0x0, 0x0, 0x0,
    0x0, 0x0,

    /* U+7ACB "立" */
    0x0, 0x0, 0x1, 0x60, 0x0, 0x0, 0x0, 0x0,
    0x0, 0x2, 0xf3, 0x0, 0x0, 0x0, 0x0, 0x0,
    0x0, 0x85, 0x0, 0x0, 0x0, 0x4, 0xed, 0xdd,
    0xdd, 0xdd, 0xde, 0x40, 0x0, 0x11, 0x11, 0x11,
    0x11, 0x11, 0x0, 0x0, 0x8, 0x0, 0x0, 0x4,
    0xc0, 0x0, 0x0, 0xe, 0x60, 0x0, 0x8, 0xc0,
    0x0, 0x0, 0x8, 0xd0, 0x0, 0xc, 0x60, 0x0,
    0x0, 0x1, 0xf4, 0x0, 0x1f, 0x10, 0x0, 0x0,
    0x0, 0xaa, 0x0, 0x6b, 0x0, 0x0, 0x0, 0x0,
    0x4f, 0x0, 0xc5, 0x0, 0x0, 0x1, 0x11, 0x15,
    0x13, 0xf2, 0x11, 0x10, 0x2f, 0xee, 0xee, 0xee,
    0xee, 0xee, 0xe3,

    /* U+7AEF "端" */
    0x0, 0x97, 0x0, 0xb5, 0xf, 0x2, 0xe0, 0x0,
    0x1a, 0x0, 0xa4, 0xf, 0x2, 0xd0, 0x8, 0x88,
    0x82, 0xbc, 0xaf, 0xab, 0xe0, 0x5, 0x55, 0x51,
    0x12, 0x22, 0x22, 0x20, 0x9, 0x3, 0xe2, 0xcc,
    0xcc, 0xcc, 0xc5, 0xd, 0x35, 0xb0, 0x11, 0x4d,
    0x11, 0x10, 0x9, 0x67, 0x70, 0x11, 0x6b, 0x11,
    0x10, 0x6, 0xaa, 0x41, 0xfb, 0xfb, 0xfb, 0xf3,
    0x2, 0x5d, 0x11, 0xd0, 0xd0, 0xe0, 0xc3, 0x1,
    0x5f, 0xd5, 0xd0, 0xd0, 0xe0, 0xc3, 0x4f, 0xa5,
    0x11, 0xd0, 0xe0, 0xe0, 0xc2, 0x1, 0x0, 0x2,
    0xd0, 0x40, 0x46, 0xc0, 0x0, 0x0, 0x0, 0x0,
    0x0, 0x1, 0x0,

    /* U+7B80 "简" */
    0x0, 0x2, 0x10, 0x0, 0x21, 0x0, 0x0, 0x0,
    0xd9, 0x12, 0xb, 0x70, 0x0, 0x0, 0x8d, 0xec,
    0xc3, 0xed, 0xfd, 0xc0, 0x9c, 0x5, 0xb0, 0xc4,
    0xe, 0x20, 0x5, 0x9, 0x25, 0x15, 0x0, 0x41,
    0x0, 0x7, 0x6e, 0x9d, 0xdd, 0xdd, 0xf0, 0x0,
    0xf0, 0x30, 0x0, 0x0, 0xe, 0x0, 0xe, 0x2,
    0xfc, 0xcf, 0x20, 0xe0, 0x0, 0xe0, 0x2d, 0x22,
    0xd2, 0xe, 0x0, 0xe, 0x2, 0xfb, 0xbf, 0x20,
    0xe0, 0x0, 0xe0, 0x2c, 0x0, 0xc2, 0xe, 0x0,
    0xf, 0x2, 0xcc, 0xcc, 0x20, 0xe0, 0x0, 0xf0,
    0x0, 0x0, 0x4, 0xb9, 0x0, 0x0, 0x0, 0x0,
    0x0, 0x0, 0x0,

    /* U+7DB2 "網" */
    0x0, 0x6, 0x0, 0x0, 0x0, 0x0, 0x0, 0x0,
    0x6d, 0x0, 0xed, 0xdd, 0xdd, 0xf2, 0x0, 0xb5,
    0x0, 0xe0, 0x10, 0x30, 0xe1, 0x2, 0xd0, 0xa5,
    0xe3, 0xb2, 0xd0, 0xe1, 0xb, 0x53, 0xe1, 0xe1,
    0x57, 0x70, 0xe1, 0x4e, 0xcf, 0x50, 0xe8, 0xcc,
    0xc7, 0xe1, 0x0, 0x69, 0x0, 0xe0, 0x3b, 0x0,
    0xe1, 0x2, 0xc1, 0xc0, 0xe8, 0xef, 0xe7, 0xe1,
    0x2e, 0xa9, 0xe5, 0xe0, 0xd1, 0x0, 0xe1, 0x1c,
    0x74, 0x68, 0xe0, 0xd1, 0x0, 0xe1, 0x6, 0x23,
    0x61, 0xe0, 0xbc, 0xd2, 0xe1, 0x1d, 0x49, 0x86,
    0xe0, 0x0, 0x0, 0xe1, 0x68, 0x2b, 0x58, 0xe0,
    0x0, 0x2b, 0xc0, 0x0, 0x0, 0x0, 0x0, 0x0,
    0x1, 0x0,

    /* U+7DDA "線" */
    0x0, 0x0, 0x0, 0x0, 0x24, 0x0, 0x0, 0x0,
    0xe, 0x30, 0x0, 0x99, 0x0, 0x0, 0x0, 0x5a,
    0x0, 0x9d, 0xfd, 0xdd, 0x20, 0x0, 0xb1, 0x40,
    0xa4, 0x0, 0xc, 0x20, 0x6, 0x71, 0xe2, 0xad,
    0xcc, 0xcf, 0x20, 0xf, 0xce, 0x40, 0xa4, 0x0,
    0xc, 0x20, 0x0, 0x39, 0x0, 0x9d, 0xdf, 0xdd,
    0x20, 0x1, 0xb0, 0xa3, 0x0, 0xe, 0x2, 0x10,
    0xd, 0xcb, 0xd8, 0xed, 0x8f, 0x7c, 0x60, 0x6,
    0x32, 0x53, 0xb, 0x5e, 0xc3, 0x0, 0xc, 0x4d,
    0x66, 0x3e, 0xe, 0x3c, 0x10, 0xe, 0xe, 0x38,
    0xd4, 0xe, 0x5, 0xe2, 0x3a, 0x1, 0x3, 0x55,
    0xdc, 0x0, 0x20, 0x0, 0x0, 0x0, 0x1, 0x40,
    0x0, 0x0,

    /* U+7E41 "繁" */
    0x0, 0x20, 0x0, 0x0, 0x1, 0x0, 0x0, 0x0,
    0xe8, 0x66, 0x63, 0x3e, 0x10, 0x10, 0x9, 0xa5,
    0x55, 0x53, 0xac, 0xbf, 0xb0, 0x8, 0xea, 0xfa,
    0xf6, 0xf2, 0x2e, 0x0, 0x18, 0xe7, 0xd7, 0xf7,
    0x5b, 0x87, 0x0, 0x3, 0xd3, 0xb2, 0xe2, 0xb,
    0xf0, 0x0, 0x2, 0xba, 0xbb, 0xf7, 0xbc, 0x9d,
    0x70, 0x0, 0x3, 0xc8, 0x11, 0xc6, 0x1, 0x30,
    0x0, 0x8e, 0xba, 0xde, 0x94, 0x70, 0x0, 0x0,
    0x14, 0x8c, 0x83, 0x36, 0xfb, 0x0, 0x1, 0xfe,
    0xdb, 0xce, 0x76, 0x4b, 0x30, 0x0, 0x19, 0xa0,
    0x4c, 0xc, 0x93, 0x0, 0x5, 0xe7, 0x4, 0xba,
    0x1, 0x6e, 0x30, 0x0, 0x0, 0x1, 0x40, 0x0,
    0x0, 0x0,

    /* U+7E7C "繼" */
    0x0, 0x0, 0x0, 0x0, 0x0, 0x0, 0x0, 0x0,
    0xe, 0x50, 0xe0, 0x84, 0x6, 0x20, 0x0, 0x5b,
    0x0, 0xe4, 0x77, 0x4b, 0x46, 0x0, 0xb2, 0x42,
    0xec, 0x9a, 0x89, 0xb1, 0x7, 0x71, 0xd5, 0xe4,
    0x96, 0x2a, 0x62, 0xf, 0xce, 0x70, 0xea, 0x8b,
    0x79, 0x86, 0x0, 0x2a, 0x0, 0xfb, 0xbb, 0xbb,
    0xb5, 0x1, 0xb1, 0x86, 0xe0, 0xa0, 0x7, 0x30,
    0xd, 0xca, 0xc9, 0xe7, 0x69, 0x58, 0x56, 0x7,
    0x41, 0x17, 0xea, 0xb7, 0x5a, 0xa0, 0x7, 0x38,
    0x74, 0xe6, 0xaa, 0x4c, 0x75, 0xc, 0x1c, 0x77,
    0xe6, 0x68, 0x56, 0x45, 0xe, 0xe, 0x48, 0xec,
    0xcc, 0xcc, 0xc6, 0x0, 0x0, 0x0, 0x0, 0x0,
    0x0, 0x0,

    /* U+7E8C "續" */
    0x0, 0x1c, 0x5, 0x99, 0x9f, 0x99, 0x91, 0x0,
    0x75, 0x1, 0x44, 0x4e, 0x44, 0x40, 0x0, 0xa0,
    0x40, 0x7a, 0xaa, 0xab, 0x60, 0x7, 0x43, 0xe2,
    0xaa, 0xaa, 0xaa, 0xa2, 0x3f, 0xde, 0x21, 0xe0,
    0xe0, 0xe0, 0xd2, 0x1, 0x46, 0x1, 0xaa, 0xaa,
    0xaa, 0xa2, 0x1, 0xa0, 0xb0, 0x8c, 0xaa, 0xab,
    0xa0, 0x2d, 0xbb, 0xe2, 0x8b, 0x88, 0x89, 0xb0,
    0x18, 0x30, 0x51, 0x88, 0x44, 0x46, 0xb0, 0x9,
    0x3b, 0x94, 0x89, 0x66, 0x67, 0xb0, 0xe, 0x1d,
    0x78, 0x5c, 0xca, 0xab, 0x70, 0x2e, 0x8, 0x14,
    0x8e, 0x60, 0x4d, 0x81, 0x0, 0x0, 0x2, 0x71,
    0x0, 0x0, 0x60,

    /* U+7EBF "线" */
    0x0, 0x0, 0x0, 0x0, 0x0, 0x0, 0x0, 0x0,
    0x1f, 0x20, 0x6, 0xe0, 0x60, 0x0, 0x0, 0x89,
    0x0, 0x4, 0xc0, 0xb6, 0x0, 0x2, 0xd0, 0x75,
    0x4, 0xc0, 0x25, 0x50, 0x1c, 0x51, 0xe5, 0x5a,
    0xfd, 0xb9, 0x50, 0x2f, 0xde, 0x93, 0x97, 0xe0,
    0x0, 0x21, 0x0, 0x1d, 0x0, 0x3, 0xf7, 0xae,
    0xd3, 0x0, 0xb5, 0x3, 0xec, 0xe8, 0x34, 0x0,
    0xb, 0xfa, 0xb4, 0x0, 0xa5, 0x4f, 0x50, 0x6,
    0x64, 0x20, 0x0, 0x6d, 0xf4, 0x0, 0x1, 0x35,
    0x99, 0x0, 0x8f, 0x80, 0x10, 0x1e, 0xe9, 0x52,
    0x3c, 0xc5, 0xe3, 0xa8, 0x1, 0x0, 0x6, 0xf7,
    0x0, 0x5f, 0xf2, 0x0, 0x0, 0x0, 0x10, 0x0,
    0x2, 0x20,

    /* U+7EDC "络" */
    0x0, 0x0, 0x0, 0x2, 0x40, 0x0, 0x0, 0x0,
    0x2d, 0x0, 0x8, 0xb0, 0x0, 0x0, 0x0, 0x89,
    0x0, 0xe, 0xee, 0xee, 0x70, 0x0, 0xe1, 0x63,
    0x6f, 0x60, 0x3e, 0x10, 0x8, 0x80, 0xe6, 0xe5,
    0xe1, 0xc6, 0x0, 0x2f, 0xdd, 0xa2, 0x50, 0x8e,
    0xa0, 0x0, 0x3, 0x1d, 0x10, 0x4, 0xdd, 0xd5,
    0x0, 0x0, 0x87, 0x5, 0xdd, 0x40, 0x5d, 0xf6,
    0x6, 0xfa, 0xc5, 0x7e, 0xee, 0xee, 0x62, 0x6,
    0x96, 0x40, 0x1e, 0x0, 0xe, 0x10, 0x0, 0x2,
    0x75, 0x1e, 0x0, 0xe, 0x10, 0x8, 0xec, 0x72,
    0x1f, 0xbb, 0xbf, 0x10, 0x3, 0x20, 0x0, 0x2e,
    0x22, 0x2e, 0x10, 0x0, 0x0, 0x0, 0x1, 0x0,
    0x0, 0x0,

    /* U+7EE7 "继" */
    0x0, 0x0, 0x0, 0x0, 0x0, 0x30, 0x0, 0x0,
    0x8a, 0x0, 0x0, 0x12, 0xf0, 0x20, 0x0, 0xd4,
    0x3, 0xd6, 0xb1, 0xe0, 0xf1, 0x4, 0xb0, 0x53,
    0xd0, 0xf3, 0xe6, 0xb0, 0x1d, 0x66, 0xf6, 0xd0,
    0x31, 0xe1, 0x20, 0x1c, 0xaf, 0x73, 0xd6, 0xcc,
    0xfb, 0xc4, 0x0, 0x6b, 0x3, 0xd2, 0x3b, 0xf3,
    0x31, 0x3, 0xe1, 0x3, 0xd0, 0x1f, 0xeb, 0x10,
    0xd, 0xdc, 0xa3, 0xd0, 0xb8, 0xe7, 0xb0, 0x4,
    0x42, 0x3, 0xd8, 0xd2, 0xe0, 0xc1, 0x0, 0x0,
    0x33, 0xd4, 0x32, 0xf0, 0x0, 0x1c, 0xef, 0xa3,
    0xd0, 0x0, 0x50, 0x0, 0x5, 0x20, 0x3, 0xfe,
    0xee, 0xee, 0xea,

    /* U+7EED "续" */
    0x0, 0x78, 0x0, 0x0, 0x3d, 0x0, 0x0, 0x0,
    0xe3, 0x2, 0xed, 0xdf, 0xdd, 0xe1, 0x6, 0xb0,
    0xa1, 0x0, 0x3c, 0x0, 0x0, 0x1e, 0x35, 0xb2,
    0xdd, 0xdd, 0xdd, 0xc0, 0x6f, 0xdf, 0x20, 0x37,
    0x8, 0x28, 0x70, 0x0, 0x79, 0x0, 0x2c, 0x8d,
    0x23, 0x10, 0x2, 0xe1, 0x2, 0xe4, 0xd, 0x10,
    0x0, 0xe, 0xed, 0xa0, 0x37, 0xe, 0x10, 0x0,
    0x4, 0x30, 0x5, 0xed, 0xdf, 0xdd, 0xe2, 0x1,
    0x35, 0x70, 0x0, 0x99, 0x30, 0x0, 0x2f, 0xd9,
    0x60, 0x4b, 0xc1, 0xcd, 0x40, 0x1, 0x0, 0xd,
    0xd7, 0x0, 0x5, 0xe2, 0x0, 0x0, 0x1, 0x0,
    0x0, 0x0, 0x0,

    /* U+7F51 "网" */
    0xf, 0xee, 0xee, 0xee, 0xee, 0xef, 0x50, 0xe3,
    0x0, 0x0, 0x0, 0x0, 0xc5, 0xe, 0x45, 0x7,
    0xa0, 0x9, 0x7c, 0x50, 0xe4, 0xe2, 0xb7, 0xc0,
    0xd4, 0xc5, 0xe, 0x36, 0xbe, 0xa, 0x9e, 0xc,
    0x50, 0xe3, 0xc, 0xa0, 0x2f, 0x90, 0xc5, 0xe,
    0x30, 0xdd, 0x0, 0xe8, 0xc, 0x50, 0xe3, 0x5b,
    0xc7, 0x8b, 0xf1, 0xc5, 0xe, 0x4e, 0x33, 0x5f,
    0x1a, 0x9c, 0x50, 0xe8, 0x80, 0xa, 0x60, 0x0,
    0xc5, 0xe, 0x30, 0x0, 0x0, 0x1, 0x3e, 0x40,
    0xf3, 0x0, 0x0, 0x0, 0x2e, 0xb1,

    /* U+7F6E "置" */
    0x3, 0xfb, 0xbe, 0xbb, 0xeb, 0xbf, 0x0, 0x3,
    0xd0, 0x1b, 0x2, 0xc0, 0x1e, 0x0, 0x2, 0xbb,
    0xbb, 0xbb, 0xbb, 0xbb, 0x0, 0x4, 0x54, 0x44,
    0xca, 0x44, 0x45, 0x10, 0x6, 0x88, 0x88, 0xe9,
    0x88, 0x88, 0x10, 0x0, 0x1c, 0xcc, 0xfc, 0xcc,
    0x80, 0x0, 0x0, 0xd, 0x33, 0x33, 0x36, 0xa0,
    0x0, 0x0, 0xe, 0x77, 0x77, 0x79, 0xa0, 0x0,
    0x0, 0xf, 0xdd, 0xdd, 0xdd, 0xa0, 0x0, 0x0,
    0xe, 0x77, 0x77, 0x78, 0xa0, 0x0, 0x0, 0xe,
    0x55, 0x55, 0x57, 0xa0, 0x0, 0x1c, 0xbc, 0xbb,
    0xbb, 0xbb, 0xcb, 0xc2,

    /* U+80CC "背" */
    0x0, 0x0, 0x1e, 0x0, 0xf0, 0x3, 0x0, 0xa,
    0xdd, 0xde, 0x0, 0xfb, 0xca, 0x10, 0x0, 0x0,
    0x1e, 0x0, 0xf1, 0x0, 0x0, 0x2a, 0xbc, 0xce,
    0x0, 0xe4, 0x24, 0xe0, 0x5, 0x20, 0x8, 0x0,
    0x59, 0x99, 0x40, 0x0, 0x1c, 0xcc, 0xcc, 0xcc,
    0xc3, 0x0, 0x0, 0x1f, 0x11, 0x11, 0x11, 0xd3,
    0x0, 0x0, 0x1f, 0xcc, 0xcc, 0xcc, 0xf3, 0x0,
    0x0, 0x1f, 0x22, 0x22, 0x22, 0xd3, 0x0, 0x0,
    0x1f, 0xdd, 0xdd, 0xdd, 0xf3, 0x0, 0x0, 0x1f,
    0x0, 0x0, 0x0, 0xd3, 0x0, 0x0, 0x2f, 0x0,
    0x0, 0x1e, 0xa0, 0x0,

    /* U+81EA "自" */
    0x0, 0x1, 0x0, 0x0, 0x0, 0x0, 0xa, 0xa0,
    0x0, 0x0, 0x0, 0xc, 0x60, 0x0, 0x0, 0xee,
    0xee, 0xee, 0xee, 0xec, 0xd2, 0x0, 0x0, 0x0,
    0x4c, 0xdc, 0xbb, 0xbb, 0xbb, 0xcc, 0xd4, 0x22,
    0x22, 0x22, 0x6c, 0xd2, 0x0, 0x0, 0x0, 0x4c,
    0xde, 0xee, 0xee, 0xee, 0xec, 0xd2, 0x0, 0x0,
    0x0, 0x4c, 0xd2, 0x0, 0x0, 0x0, 0x4c, 0xde,
    0xee, 0xee, 0xee, 0xec, 0xe2, 0x0, 0x0, 0x0,
    0x4c,

    /* U+8207 "與" */
    0x0, 0x0, 0x0, 0x0, 0x0, 0x0, 0x0, 0x1,
    0xab, 0xd2, 0xe2, 0x5, 0xef, 0x0, 0x2, 0xf0,
    0x0, 0xed, 0xb0, 0xe, 0x0, 0x1, 0xf0, 0x0,
    0xe1, 0x0, 0xe, 0x0, 0x0, 0xfd, 0xb0, 0xed,
    0x98, 0xce, 0x0, 0x0, 0xf0, 0x0, 0x2, 0xb0,
    0xe, 0x0, 0x0, 0xf3, 0x23, 0xd2, 0xb2, 0x4d,
    0x0, 0x0, 0xfa, 0x63, 0xd2, 0xb6, 0xbd, 0x0,
    0x0, 0xe0, 0x3, 0xd2, 0xb0, 0x2d, 0x0, 0x6d,
    0xdd, 0xdd, 0xdd, 0xdd, 0xdd, 0xd7, 0x0, 0x0,
    0x3b, 0x10, 0x3b, 0x30, 0x0, 0x0, 0x29, 0xf8,
    0x10, 0x6, 0xea, 0x10, 0xc, 0xfa, 0x20, 0x0,
    0x0, 0x1b, 0xf3, 0x5, 0x10, 0x0, 0x0, 0x0,
    0x0, 0x50,

    /* U+83B7 "获" */
    0x0, 0x0, 0x0, 0x0, 0x0, 0x0, 0x0, 0x0,
    0x0, 0x4d, 0x0, 0x4d, 0x0, 0x0, 0x8, 0xee,
    0xef, 0xee, 0xef, 0xee, 0xf2, 0x0, 0x0, 0x4d,
    0x0, 0x4d, 0x0, 0x0, 0x0, 0x71, 0x45, 0x0,
    0x25, 0x3, 0x0, 0x0, 0x8e, 0xe5, 0x0, 0x4c,
    0x2e, 0x20, 0x0, 0x7e, 0xa0, 0x0, 0x4c, 0x6,
    0x50, 0xa, 0x91, 0xf1, 0xde, 0xef, 0xee, 0xe2,
    0x0, 0x9, 0xe5, 0x0, 0x8f, 0x0, 0x0, 0x1,
    0xb8, 0x87, 0x0, 0xeb, 0x70, 0x0, 0xa, 0x60,
    0x96, 0x8, 0xb2, 0xe2, 0x0, 0x0, 0x1, 0xe2,
    0x6e, 0x10, 0x6e, 0x30, 0x0, 0x9e, 0x78, 0xf4,
    0x0, 0x7, 0xe1, 0x0, 0x41, 0x1, 0x30, 0x0,
    0x0, 0x10,

    /* U+83DC "菜" */
    0x0, 0x0, 0x0, 0x0, 0x0, 0x0, 0x0, 0x1,
    0x0, 0x5d, 0x0, 0x3e, 0x0, 0x1, 0xe, 0xee,
    0xef, 0xee, 0xef, 0xee, 0xea, 0x0, 0x0, 0x39,
    0x0, 0x2b, 0x13, 0x0, 0x1, 0xbc, 0xcc, 0xdd,
    0xdd, 0xcc, 0x50, 0x0, 0x49, 0x10, 0x78, 0x0,
    0x4c, 0x0, 0x0, 0x1e, 0x50, 0x3d, 0x0, 0xd6,
    0x0, 0x0, 0x4, 0x40, 0x3e, 0x0, 0x60, 0x0,
    0x1d, 0xdd, 0xdd, 0xdf, 0xdd, 0xdd, 0xda, 0x2,
    0x11, 0x4e, 0x6e, 0x8d, 0x21, 0x11, 0x0, 0x5,
    0xe3, 0x3e, 0x7, 0xe6, 0x0, 0x4, 0xcc, 0x20,
    0x3e, 0x0, 0x4d, 0xe6, 0x7, 0x60, 0x0, 0x3e,
    0x0, 0x0, 0x50,

    /* U+8868 "表" */
    0x0, 0x0, 0x0, 0x5d, 0x0, 0x0, 0x0, 0x2,
    0xee, 0xee, 0xef, 0xee, 0xee, 0xa0, 0x0, 0x10,
    0x0, 0x5c, 0x0, 0x0, 0x10, 0x0, 0x7e, 0xee,
    0xef, 0xee, 0xee, 0x20, 0x0, 0x0, 0x0, 0x5c,
    0x0, 0x0, 0x0, 0x3e, 0xee, 0xee, 0xef, 0xee,
    0xee, 0xe7, 0x1, 0x0, 0x1d, 0x87, 0x10, 0x3,
    0x0, 0x0, 0x3, 0xdc, 0x8, 0x90, 0x8e, 0x10,
    0x1, 0x8f, 0xac, 0x1, 0xea, 0xd1, 0x0, 0xd,
    0xb2, 0x4c, 0x8, 0x5f, 0x60, 0x0, 0x0, 0x0,
    0x5e, 0xdc, 0x14, 0xee, 0xa4, 0x0, 0x0, 0x6e,
    0x50, 0x0, 0x5, 0xb2, 0x0, 0x0, 0x1, 0x0,
    0x0, 0x0, 0x0,

    /* U+88C5 "装" */
    0x0, 0x0, 0x0, 0x0, 0x0, 0x0, 0x0, 0x0,
    0x0, 0x3c, 0x0, 0x1e, 0x0, 0x0, 0x1, 0xe4,
    0x2c, 0x49, 0x9f, 0x99, 0x60, 0x0, 0x48, 0x2c,
    0x24, 0x4e, 0x33, 0x20, 0x0, 0x5, 0xcc, 0x1,
    0x2e, 0x11, 0x0, 0x6, 0xe9, 0x5c, 0xb, 0xcc,
    0xcc, 0x10, 0x2, 0x10, 0x28, 0x93, 0x0, 0x0,
    0x0, 0x1, 0x0, 0x0, 0x68, 0x0, 0x0, 0x0,
    0x8, 0xdd, 0xdd, 0xfe, 0xdd, 0xdd, 0xd0, 0x0,
    0x0, 0x1c, 0x7d, 0x20, 0x36, 0x0, 0x0, 0x17,
    0xf8, 0x4, 0xd6, 0xd5, 0x0, 0x8, 0xe7, 0x78,
    0x73, 0x6f, 0x50, 0x0, 0x1, 0x0, 0xbf, 0x91,
    0x4, 0xce, 0x90, 0x0, 0x0, 0x21, 0x0, 0x0,
    0x1, 0x20,

    /* U+8A00 "言" */
    0x0, 0x0, 0x17, 0x0, 0x0, 0x0, 0x0, 0x0,
    0xe, 0x40, 0x0, 0x0, 0xde, 0xee, 0xef, 0xee,
    0xee, 0xeb, 0x0, 0x0, 0x0, 0x0, 0x0, 0x0,
    0x4, 0xbb, 0xbb, 0xbb, 0xbb, 0x20, 0x0, 0x21,
    0x11, 0x11, 0x12, 0x0, 0x1, 0x22, 0x22, 0x22,
    0x22, 0x0, 0x5, 0xba, 0xaa, 0xaa, 0xab, 0x10,
    0x0, 0x11, 0x11, 0x11, 0x11, 0x0, 0x5, 0xfc,
    0xcc, 0xcc, 0xcf, 0x30, 0x4, 0xc0, 0x0, 0x0,
    0xe, 0x30, 0x4, 0xeb, 0xbb, 0xbb, 0xbf, 0x30,
    0x5, 0xc2, 0x22, 0x22, 0x2e, 0x30,

    /* U+8A2D "設" */
    0x0, 0x14, 0x0, 0x0, 0x0, 0x0, 0x0, 0x0,
    0x2e, 0x10, 0xb, 0xee, 0xed, 0x0, 0x6, 0x59,
    0x54, 0xb, 0x40, 0x2d, 0x0, 0x7, 0x66, 0x65,
    0xd, 0x30, 0x2d, 0x0, 0x7, 0xaa, 0xa2, 0x7d,
    0x0, 0x1f, 0xc8, 0x2, 0x33, 0x30, 0x22, 0x0,
    0x1, 0x21, 0x8, 0xcc, 0xc2, 0x6e, 0xee, 0xee,
    0xa0, 0x1, 0x11, 0x20, 0xb, 0x50, 0xc, 0x70,
    0xa, 0xee, 0xe3, 0x6, 0xb0, 0x2f, 0x10, 0xb,
    0x40, 0xb4, 0x0, 0xe4, 0xb9, 0x0, 0xb, 0x40,
    0xb4, 0x0, 0x6f, 0xe1, 0x0, 0xb, 0xee, 0xf4,
    0x4, 0xcf, 0xe6, 0x10, 0x9, 0x30, 0x85, 0xed,
    0x60, 0x4c, 0xf8, 0x0, 0x0, 0x0, 0x10, 0x0,
    0x0, 0x11,

    /* U+8A66 "試" */
    0x0, 0x0, 0x0, 0x0, 0x0, 0x0, 0x0, 0x0,
    0xc4, 0x0, 0x0, 0xf, 0x23, 0x0, 0x34, 0x87,
    0x50, 0x0, 0xe, 0x3e, 0x20, 0x46, 0x66, 0x62,
    0x22, 0x2e, 0x24, 0x20, 0x2a, 0xaa, 0x77, 0xa9,
    0x9f, 0xa9, 0xa0, 0x2, 0x22, 0x20, 0x0, 0xe,
    0x10, 0x0, 0x2c, 0xcc, 0x83, 0x99, 0x9e, 0x20,
    0x0, 0x2, 0x22, 0x11, 0x5e, 0x5c, 0x30, 0x0,
    0x3b, 0xbb, 0x80, 0x1e, 0xa, 0x60, 0x0, 0x4b,
    0x16, 0xb0, 0x1e, 0x7, 0x90, 0x0, 0x4b, 0x5,
    0xb0, 0x1e, 0x63, 0xd0, 0x20, 0x4f, 0xde, 0xb7,
    0xdd, 0x80, 0xc8, 0xf2, 0x5b, 0x5, 0xb3, 0x30,
    0x0, 0x2d, 0xe0, 0x0, 0x0, 0x0, 0x0, 0x0,
    0x0, 0x0,

    /* U+8A73 "詳" */
    0x0, 0x13, 0x0, 0x2, 0x10, 0x5, 0x10, 0x0,
    0x3e, 0x10, 0x7, 0xb0, 0x1f, 0x20, 0x27, 0x78,
    0x76, 0x0, 0x91, 0x89, 0x0, 0x16, 0x66, 0x65,
    0xbe, 0xef, 0xee, 0xe5, 0x7, 0x88, 0x94, 0x0,
    0xd, 0x30, 0x0, 0x2, 0x22, 0x31, 0x23, 0x3d,
    0x63, 0x30, 0xb, 0xdc, 0xd5, 0x5a, 0xae, 0xba,
    0xa0, 0x0, 0x0, 0x0, 0x0, 0xd, 0x30, 0x0,
    0x9, 0xaa, 0xa5, 0x0, 0xd, 0x30, 0x0, 0xe,
    0x54, 0xa9, 0xfe, 0xef, 0xee, 0xe6, 0xe, 0x20,
    0x97, 0x0, 0xd, 0x30, 0x0, 0xe, 0xdd, 0xe7,
    0x0, 0xd, 0x30, 0x0, 0xf, 0x20, 0x98, 0x0,
    0xe, 0x40, 0x0,

    /* U+8A8D "認" */
    0x0, 0x25, 0x0, 0x0, 0x0, 0x0, 0x0, 0x0,
    0x2e, 0x0, 0x3d, 0xdf, 0xdd, 0xf0, 0x9, 0x9a,
    0x96, 0x3, 0xf, 0x1, 0xe0, 0x2, 0x22, 0x21,
    0x5b, 0x2d, 0x2, 0xc0, 0x7, 0xaa, 0xa1, 0xb6,
    0x7a, 0x4, 0xb0, 0x1, 0x21, 0x20, 0x2, 0xe3,
    0x4b, 0x80, 0x7, 0xbb, 0xc1, 0xb, 0x60, 0x58,
    0x10, 0x0, 0x0, 0x0, 0x0, 0x8, 0x0, 0x0,
    0x8, 0xbb, 0xb1, 0x33, 0x8a, 0x69, 0x50, 0xc,
    0x40, 0xc2, 0xc8, 0xc2, 0x82, 0xe1, 0xc, 0x30,
    0xc2, 0xf5, 0xc0, 0x2, 0x98, 0xc, 0xdc, 0xf7,
    0xe2, 0xd0, 0xe, 0x30, 0xc, 0x30, 0xc3, 0x10,
    0xef, 0xfb, 0x0,

    /* U+8A9E "語" */
    0x0, 0xa1, 0x0, 0x0, 0x0, 0x0, 0x0, 0x0,
    0x86, 0x3, 0xdd, 0xfd, 0xdd, 0x90, 0x8b, 0xaa,
    0xb2, 0x0, 0xf2, 0x0, 0x0, 0x23, 0x33, 0x31,
    0xcc, 0xfc, 0xcc, 0x10, 0x3b, 0xbb, 0x90, 0x18,
    0xb1, 0x2f, 0x0, 0x14, 0x44, 0x40, 0xa, 0x80,
    0x3e, 0x0, 0x18, 0x88, 0x67, 0xde, 0xed, 0xdf,
    0xe3, 0x4, 0x44, 0x30, 0x0, 0x0, 0x0, 0x0,
    0x5c, 0xcc, 0xb0, 0xbe, 0xee, 0xee, 0x10, 0x6a,
    0x13, 0xe0, 0xb4, 0x0, 0xe, 0x10, 0x69, 0x2,
    0xe0, 0xb4, 0x0, 0xe, 0x10, 0x6e, 0xcc, 0xe0,
    0xbc, 0xaa, 0xaf, 0x10, 0x69, 0x1, 0xe0, 0xa5,
    0x22, 0x2e, 0x10, 0x1, 0x0, 0x0, 0x0, 0x0,
    0x0, 0x0,

    /* U+8AA4 "誤" */
    0x0, 0x24, 0x0, 0x0, 0x0, 0x0, 0x0, 0x0,
    0x3e, 0x0, 0x2f, 0xdd, 0xdd, 0xe0, 0x15, 0x57,
    0x54, 0x1d, 0x0, 0x2, 0xd0, 0x19, 0x99, 0x96,
    0x2d, 0x0, 0x2, 0xd0, 0x3, 0x44, 0x41, 0x1d,
    0xdd, 0xdd, 0xb0, 0x5, 0x77, 0x71, 0x0, 0x0,
    0x0, 0x0, 0x6, 0x77, 0x72, 0x6d, 0xdf, 0xdd,
    0xc0, 0x3, 0x44, 0x41, 0x0, 0xe, 0x10, 0x0,
    0x8, 0xaa, 0xa4, 0xba, 0xaf, 0xba, 0xb5, 0xc,
    0x52, 0xa5, 0x22, 0x7f, 0xc2, 0x21, 0xc, 0x30,
    0xa5, 0x1, 0xd4, 0xd5, 0x0, 0xc, 0xdd, 0xe5,
    0x2d, 0x70, 0x3e, 0x50, 0xd, 0x30, 0xa8, 0xe5,
    0x0, 0x4, 0xe5, 0x0, 0x0, 0x0, 0x0, 0x0,
    0x0, 0x0,

    /* U+8ACB "請" */
    0x0, 0xa2, 0x0, 0x0, 0x2e, 0x0, 0x0, 0x0,
    0x53, 0x0, 0x99, 0x9f, 0x99, 0x80, 0x8b, 0xbb,
    0xb2, 0x22, 0x3e, 0x22, 0x20, 0x0, 0x0, 0x0,
    0x8d, 0xcf, 0xcd, 0x70, 0x3a, 0xaa, 0x81, 0x32,
    0x3e, 0x22, 0x31, 0x5, 0x44, 0x33, 0x98, 0x88,
    0x88, 0x93, 0x15, 0x55, 0x40, 0x1c, 0xcc, 0xcc,
    0x30, 0x14, 0x44, 0x30, 0x1e, 0x0, 0xe, 0x10,
    0x4d, 0x78, 0xc0, 0x1f, 0xcc, 0xcf, 0x10, 0x4b,
    0x3, 0xc0, 0x1f, 0x66, 0x6f, 0x10, 0x4e, 0xbc,
    0xc0, 0x1f, 0x44, 0x4e, 0x10, 0x5b, 0x3, 0xc0,
    0x1e, 0x0, 0x7d, 0x0, 0x0, 0x0, 0x0, 0x0,
    0x0, 0x0, 0x0,

    /* U+8BA4 "认" */
    0x0, 0x0, 0x0, 0x0, 0x0, 0x0, 0x0, 0x0,
    0x4a, 0x0, 0x0, 0xd6, 0x0, 0x0, 0x0, 0xb,
    0xb0, 0x0, 0xd5, 0x0, 0x0, 0x0, 0x0, 0x70,
    0x0, 0xd5, 0x0, 0x0, 0x0, 0x0, 0x0, 0x0,
    0xd6, 0x0, 0x0, 0xf, 0xfe, 0x0, 0x0, 0xe8,
    0x0, 0x0, 0x0, 0x3e, 0x0, 0x0, 0xfb, 0x0,
    0x0, 0x0, 0x3e, 0x0, 0x4, 0xce, 0x0, 0x0,
    0x0, 0x3e, 0x6, 0xa, 0x6b, 0x50, 0x0, 0x0,
    0x3e, 0x9c, 0x2e, 0x15, 0xd0, 0x0, 0x0, 0x3f,
    0xd1, 0xc7, 0x0, 0xd7, 0x0, 0x0, 0x5e, 0x1a,
    0xc0, 0x0, 0x3f, 0x50, 0x0, 0x1, 0x8d, 0x10,
    0x0, 0x6, 0xf3, 0x0, 0x0, 0x1, 0x0, 0x0,
    0x0, 0x10,

    /* U+8BBE "设" */
    0x0, 0x40, 0x0, 0x0, 0x0, 0x0, 0x0, 0x0,
    0xd8, 0x0, 0xce, 0xee, 0xf0, 0x0, 0x0, 0x1e,
    0x40, 0xd3, 0x2, 0xe0, 0x0, 0x0, 0x2, 0x0,
    0xf1, 0x2, 0xe0, 0x0, 0x5, 0x43, 0x7, 0xc0,
    0x2, 0xf5, 0x51, 0x1a, 0xcc, 0x1d, 0x20, 0x0,
    0x9b, 0xb3, 0x0, 0x4c, 0xa, 0xbb, 0xbb, 0xba,
    0x0, 0x0, 0x4c, 0x2, 0xe5, 0x33, 0xaa, 0x0,
    0x0, 0x4c, 0x0, 0x79, 0x1, 0xf3, 0x0, 0x0,
    0x4c, 0x83, 0xe, 0x6b, 0x90, 0x0, 0x0, 0x4f,
    0xe2, 0x4, 0xfe, 0x0, 0x0, 0x0, 0x8e, 0x20,
    0x5d, 0xad, 0xb5, 0x10, 0x0, 0x13, 0x6e, 0xa3,
    0x0, 0x5b, 0xf6, 0x0, 0x0, 0x1, 0x0, 0x0,
    0x0, 0x0,

    /* U+8BD5 "试" */
    0x0, 0x0, 0x0, 0x0, 0x10, 0x0, 0x0, 0x52,
    0x0, 0x0, 0xc, 0x59, 0x70, 0x7, 0xd0, 0x0,
    0x0, 0xc5, 0x2f, 0x20, 0x8, 0x32, 0x22, 0x2c,
    0x62, 0x41, 0x0, 0x3, 0xcb, 0xbb, 0xed, 0xbb,
    0x56, 0xcd, 0x10, 0x0, 0x9, 0x70, 0x0, 0x0,
    0xe1, 0x4f, 0xff, 0x99, 0x0, 0x0, 0xe, 0x10,
    0xf, 0x5, 0xb0, 0x0, 0x0, 0xe1, 0x0, 0xf0,
    0x1f, 0x0, 0x0, 0xe, 0x28, 0xf, 0x0, 0xe4,
    0x0, 0x0, 0xee, 0x82, 0xfa, 0x48, 0x93, 0x90,
    0x2f, 0x68, 0xe9, 0x40, 0x1f, 0xac, 0x0, 0x40,
    0x0, 0x0, 0x0, 0x6f, 0x60, 0x0, 0x0, 0x0,
    0x0, 0x0, 0x10,

    /* U+8BE6 "详" */
    0x0, 0x0, 0x0, 0x60, 0x0, 0x81, 0x0, 0x4,
    0xc0, 0x0, 0xb7, 0x4, 0xd0, 0x0, 0x0, 0xc8,
    0x0, 0x38, 0xa, 0x60, 0x0, 0x0, 0x21, 0x2f,
    0xee, 0xef, 0xee, 0xc0, 0x34, 0x40, 0x0, 0x0,
    0xe3, 0x0, 0x0, 0x79, 0xf2, 0x0, 0x0, 0xe3,
    0x0, 0x0, 0x0, 0xe2, 0xc, 0xee, 0xfe, 0xee,
    0x70, 0x0, 0xe2, 0x0, 0x0, 0xe3, 0x0, 0x0,
    0x0, 0xe2, 0x0, 0x0, 0xe3, 0x0, 0x0, 0x0,
    0xe3, 0x1c, 0xbb, 0xfc, 0xbb, 0xc2, 0x0, 0xed,
    0x42, 0x22, 0xe5, 0x22, 0x20, 0x2, 0xf6, 0x0,
    0x0, 0xe3, 0x0, 0x0, 0x0, 0x30, 0x0, 0x0,
    0xe4, 0x0, 0x0,

    /* U+8BED "语" */
    0x0, 0x0, 0x0, 0x0, 0x0, 0x0, 0x0, 0x0,
    0xd3, 0xb, 0xcc, 0xfd, 0xcc, 0xc1, 0x0, 0x5e,
    0x0, 0x0, 0xf1, 0x0, 0x0, 0x0, 0x2, 0x4,
    0xaa, 0xf9, 0x99, 0x30, 0x1, 0x0, 0x2, 0x48,
    0xc4, 0x4e, 0x30, 0x4e, 0xed, 0x0, 0x9, 0x70,
    0xf, 0x20, 0x0, 0x4c, 0x29, 0x9e, 0xb9, 0xaf,
    0xa6, 0x0, 0x4c, 0x1, 0x11, 0x11, 0x11, 0x11,
    0x0, 0x4c, 0x0, 0xbd, 0xdd, 0xdd, 0x60, 0x0,
    0x4c, 0xb3, 0xd4, 0x11, 0x1a, 0x60, 0x0, 0x4f,
    0xc0, 0xd3, 0x0, 0xa, 0x60, 0x0, 0x6e, 0x10,
    0xd4, 0x11, 0x1a, 0x60, 0x0, 0x84, 0x0, 0xdd,
    0xcc, 0xce, 0x70, 0x0, 0x0, 0x0, 0x0, 0x0,
    0x0, 0x0,

    /* U+8BF7 "请" */
    0x3, 0x40, 0x0, 0x0, 0xf2, 0x0, 0x0, 0x2,
    0xe5, 0x2c, 0xcc, 0xfc, 0xcc, 0x70, 0x0, 0x39,
    0x6, 0x77, 0xf8, 0x77, 0x10, 0x0, 0x0, 0x3,
    0x33, 0xe4, 0x33, 0x0, 0x8e, 0xe1, 0x8c, 0xcc,
    0xec, 0xcc, 0xd0, 0x0, 0xe1, 0x1, 0x66, 0x66,
    0x66, 0x0, 0x0, 0xe1, 0x2, 0xf5, 0x55, 0x7f,
    0x0, 0x0, 0xe1, 0x2, 0xfc, 0xcc, 0xce, 0x0,
    0x0, 0xe2, 0x62, 0xe0, 0x0, 0x2e, 0x0, 0x0,
    0xed, 0x72, 0xfc, 0xcc, 0xce, 0x0, 0x3, 0xf5,
    0x2, 0xe0, 0x0, 0x2e, 0x0, 0x0, 0x30, 0x2,
    0xe0, 0x0, 0xdb, 0x0, 0x0, 0x0, 0x0, 0x0,
    0x0, 0x0, 0x0,

    /* U+8D25 "败" */
    0x0, 0x0, 0x0, 0x0, 0x24, 0x0, 0x0, 0x4,
    0x55, 0x55, 0x40, 0x6b, 0x0, 0x0, 0xd, 0x97,
    0x79, 0xc0, 0x95, 0x0, 0x0, 0xc, 0x35, 0x13,
    0xb0, 0xec, 0xcc, 0xc1, 0xc, 0x3d, 0x33, 0xb4,
    0xb1, 0x3d, 0x10, 0xc, 0x3d, 0x13, 0xbb, 0xc0,
    0x3b, 0x0, 0xc, 0x3d, 0x13, 0xc8, 0xc0, 0x59,
    0x0, 0xc, 0x3e, 0x3, 0xb0, 0xb2, 0x76, 0x0,
    0xd, 0x3e, 0x3, 0xc0, 0x67, 0xb2, 0x0, 0x5,
    0x5b, 0x21, 0x40, 0x1d, 0xd0, 0x0, 0x0, 0xb5,
    0xca, 0x0, 0xd, 0x90, 0x0, 0x9, 0xa0, 0xb,
    0xa1, 0xb9, 0xd7, 0x0, 0x6b, 0x0, 0x0, 0x7e,
    0x60, 0x1c, 0xc0, 0x0, 0x0, 0x0, 0x12, 0x0,
    0x0, 0x30,

    /* U+8D85 "超" */
    0x0, 0x0, 0x0, 0x0, 0x0, 0x0, 0x0, 0x0,
    0x4, 0xc0, 0x8, 0xef, 0xee, 0xf1, 0x1, 0x46,
    0xd4, 0x10, 0x1e, 0x0, 0xf0, 0x4, 0xbc, 0xeb,
    0x40, 0x6a, 0x1, 0xf0, 0x0, 0x3, 0xc0, 0x2,
    0xe4, 0x2, 0xe0, 0xb, 0xee, 0xfe, 0xce, 0xa0,
    0x9f, 0x70, 0x0, 0x0, 0xf0, 0x3, 0x55, 0x76,
    0x50, 0x1, 0xc1, 0xf1, 0x1, 0xfa, 0xaa, 0xf0,
    0x2, 0xe0, 0xfe, 0x81, 0xe0, 0x0, 0xf0, 0x5,
    0xe0, 0xf0, 0x1, 0xe0, 0x0, 0xf0, 0x8, 0xea,
    0xf0, 0x1, 0xff, 0xff, 0xf0, 0xe, 0x47, 0xf9,
    0x53, 0x22, 0x22, 0x43, 0x1a, 0x0, 0x17, 0xbe,
    0xff, 0xff, 0xf6,

    /* U+8DEF "路" */
    0x0, 0x0, 0x0, 0x0, 0x30, 0x0, 0x0, 0x1,
    0x66, 0x66, 0x1, 0xe1, 0x0, 0x0, 0x2, 0xe6,
    0x6f, 0x7, 0xed, 0xde, 0x50, 0x2, 0xc0, 0xf,
    0xe, 0x50, 0x2e, 0x0, 0x2, 0xd1, 0x1f, 0x99,
    0xd1, 0xa6, 0x0, 0x1, 0xbd, 0xdb, 0x10, 0x4d,
    0xc0, 0x0, 0x0, 0x6, 0x80, 0x1, 0x9c, 0xd7,
    0x10, 0x4, 0xb6, 0xc7, 0x9d, 0x60, 0x8, 0xe4,
    0x4, 0xb6, 0xb5, 0x1d, 0xee, 0xee, 0x20, 0x4,
    0xb6, 0x80, 0xd, 0x10, 0xe, 0x10, 0x4, 0xb6,
    0xb9, 0x7d, 0x10, 0xe, 0x10, 0xa, 0xfe, 0x94,
    0xd, 0xdd, 0xdf, 0x10, 0x7, 0x30, 0x0, 0xd,
    0x10, 0xe, 0x10, 0x0, 0x0, 0x0, 0x0, 0x0,
    0x0, 0x0,

    /* U+8EF8 "軸" */
    0x0, 0x1, 0x0, 0x0, 0x0, 0x0, 0x0, 0x0,
    0xd, 0x10, 0x0, 0x1, 0xe0, 0x0, 0x5c, 0xcf,
    0xcc, 0x80, 0x0, 0xe0, 0x0, 0x0, 0xd, 0x10,
    0x5, 0x67, 0xf6, 0x61, 0x1d, 0xcf, 0xcd, 0x2c,
    0x86, 0xf6, 0xe2, 0x1d, 0xd, 0x1c, 0x2c, 0x30,
    0xe0, 0xd2, 0x1f, 0xcf, 0xcf, 0x2c, 0x30, 0xe0,
    0xd2, 0x1d, 0xd, 0x1c, 0x2c, 0xba, 0xfa, 0xe2,
    0x1c, 0xcf, 0xcc, 0x2c, 0x52, 0xe1, 0xd2, 0x0,
    0xd, 0x10, 0xc, 0x30, 0xe0, 0xd2, 0x6c, 0xbf,
    0xcc, 0xac, 0x30, 0xe0, 0xd2, 0x0, 0xd, 0x10,
    0xc, 0xdd, 0xfd, 0xf2, 0x0, 0xe, 0x10, 0xc,
    0x30, 0x0, 0xd2, 0x0, 0x0, 0x0, 0x0, 0x0,
    0x0, 0x0,

    /* U+8F09 "載" */
    0x0, 0x0, 0x0, 0x0, 0x0, 0x0, 0x0, 0x0,
    0x3, 0xc0, 0x0, 0xf0, 0x63, 0x0, 0xa, 0xbc,
    0xeb, 0xa0, 0xe0, 0x2c, 0x0, 0x0, 0x2, 0xc0,
    0x0, 0xe0, 0x0, 0x0, 0x3b, 0xbb, 0xbb, 0xbb,
    0xfb, 0xbb, 0xc0, 0x0, 0x3, 0xa0, 0x0, 0xe0,
    0x0, 0x0, 0x2b, 0xbc, 0xeb, 0xb6, 0xd1, 0x49,
    0x0, 0xa, 0x8a, 0xd8, 0xb0, 0xb4, 0x87, 0x0,
    0xd, 0x9b, 0xe9, 0xe0, 0x79, 0xe2, 0x0, 0xd,
    0x67, 0xc5, 0xe0, 0x2f, 0xa0, 0x0, 0x4, 0x57,
    0xc5, 0x50, 0x2f, 0x70, 0x0, 0x4b, 0xab, 0xea,
    0xb8, 0xe7, 0xe2, 0xb1, 0x0, 0x4, 0xb0, 0x5d,
    0x30, 0x5e, 0xd0, 0x0, 0x0, 0x0, 0x0, 0x0,
    0x3, 0x20,

    /* U+8F74 "轴" */
    0x0, 0x0, 0x0, 0x0, 0x0, 0x0, 0x0, 0x0,
    0x3e, 0x0, 0x0, 0xe, 0x30, 0x0, 0x28, 0xbd,
    0x88, 0x0, 0xe, 0x20, 0x0, 0x13, 0xe4, 0x33,
    0x6c, 0xcf, 0xcc, 0xb0, 0x3, 0xc3, 0x40, 0x88,
    0x2e, 0x53, 0xf0, 0x9, 0x68, 0x90, 0x87, 0xe,
    0x21, 0xf0, 0x2f, 0x8b, 0xb5, 0x77, 0xe, 0x21,
    0xf0, 0x8, 0x7b, 0xc5, 0x7e, 0xef, 0xee, 0xf0,
    0x0, 0x8, 0x80, 0x77, 0xe, 0x21, 0xf0, 0x15,
    0x8d, 0xee, 0x87, 0xe, 0x21, 0xf0, 0x2c, 0x8b,
    0x91, 0x77, 0xe, 0x21, 0xf0, 0x0, 0x8, 0x90,
    0x8f, 0xff, 0xff, 0xf0, 0x0, 0x8, 0x90, 0x87,
    0x0, 0x1, 0xf0, 0x0, 0x0, 0x0, 0x0, 0x0,
    0x0, 0x0,

    /* U+8F7D "载" */
    0x0, 0x0, 0x0, 0x0, 0x0, 0x0, 0x0, 0x0,
    0x4, 0xc0, 0x0, 0xf0, 0x74, 0x0, 0x9, 0xdd,
    0xfd, 0xd1, 0xf0, 0x2d, 0x10, 0x1, 0x5, 0xc0,
    0x0, 0xe1, 0x1, 0x10, 0x5c, 0xcd, 0xcc, 0xcc,
    0xfc, 0xcc, 0xc4, 0x0, 0xb, 0x80, 0x0, 0xc2,
    0x4, 0x0, 0xe, 0xff, 0xee, 0xe4, 0xa4, 0x3f,
    0x0, 0x2, 0xd1, 0xb1, 0x0, 0x77, 0x88, 0x0,
    0xb, 0xec, 0xfc, 0xd2, 0x3c, 0xe1, 0x0, 0x1,
    0x10, 0xe2, 0x10, 0xe, 0x90, 0x0, 0x16, 0x79,
    0xfd, 0xd3, 0x5f, 0xa0, 0x41, 0xa, 0x74, 0xe1,
    0x6, 0xe2, 0xd7, 0xf2, 0x0, 0x0, 0xf2, 0x5b,
    0x10, 0x2e, 0x90, 0x0, 0x0, 0x0, 0x0, 0x0,
    0x1, 0x0,

    /* U+8FC7 "过" */
    0x1, 0x80, 0x0, 0x0, 0x3, 0xf0, 0x0, 0x1,
    0xd9, 0x0, 0x0, 0x2, 0xf0, 0x0, 0x0, 0x3c,
    0xe, 0xee, 0xee, 0xfe, 0xf0, 0x0, 0x0, 0x0,
    0x0, 0x2, 0xf0, 0x0, 0x2, 0x21, 0x0, 0x70,
    0x2, 0xf0, 0x0, 0x1d, 0xdf, 0x1, 0xf4, 0x2,
    0xf0, 0x0, 0x0, 0x2e, 0x0, 0x9c, 0x2, 0xf0,
    0x0, 0x0, 0x2e, 0x0, 0x24, 0x2, 0xf0, 0x0,
    0x0, 0x2e, 0x0, 0x0, 0x3, 0xf0, 0x0, 0x0,
    0x5f, 0x10, 0x0, 0xcf, 0xb0, 0x0, 0x7, 0xd8,
    0xd9, 0x52, 0x55, 0x22, 0x31, 0x2d, 0x20, 0x18,
    0xde, 0xff, 0xff, 0xf2, 0x0, 0x0, 0x0, 0x0,
    0x0, 0x0, 0x0,

    /* U+8FD0 "运" */
    0x1, 0x80, 0x0, 0x22, 0x22, 0x22, 0x0, 0x0,
    0xc8, 0x4, 0xdd, 0xdd, 0xdc, 0x0, 0x0, 0x1a,
    0x0, 0x0, 0x0, 0x0, 0x0, 0x0, 0x0, 0x47,
    0x77, 0x77, 0x77, 0x60, 0xd, 0xdd, 0x36, 0x5c,
    0xa5, 0x56, 0x50, 0x1, 0x2f, 0x0, 0xe, 0x20,
    0x30, 0x0, 0x0, 0xf, 0x0, 0x5b, 0x2, 0xe2,
    0x0, 0x0, 0xf, 0x1, 0xd2, 0x1, 0x9c, 0x0,
    0x0, 0xf, 0x8, 0xff, 0xec, 0xae, 0x60, 0x0,
    0x2f, 0x21, 0x30, 0x0, 0x3, 0x10, 0x7, 0xea,
    0xe8, 0x41, 0x11, 0x12, 0x31, 0xc, 0x30, 0x18,
    0xce, 0xff, 0xff, 0xf0, 0x0, 0x0, 0x0, 0x0,
    0x0, 0x0, 0x0,

    /* U+8FDE "连" */
    0x0, 0x0, 0x0, 0x5, 0x20, 0x0, 0x0, 0xb,
    0x40, 0x0, 0xf, 0x30, 0x0, 0x0, 0x6, 0xe0,
    0xbb, 0xcf, 0xbb, 0xbb, 0x60, 0x0, 0xc6, 0x22,
    0xe4, 0x53, 0x22, 0x10, 0x0, 0x10, 0x5, 0xb0,
    0xc3, 0x0, 0x0, 0x13, 0x31, 0x2e, 0x63, 0xd5,
    0x33, 0x0, 0x4b, 0xf4, 0x2c, 0xbb, 0xec, 0xbb,
    0x10, 0x0, 0xd4, 0x0, 0x0, 0xc3, 0x0, 0x0,
    0x0, 0xd4, 0xde, 0xee, 0xfe, 0xee, 0xe0, 0x0,
    0xd4, 0x0, 0x0, 0xc3, 0x0, 0x0, 0x0, 0xd6,
    0x0, 0x0, 0xc3, 0x0, 0x0, 0xa, 0xcc, 0xa5,
    0x21, 0x93, 0x1, 0x11, 0x4a, 0x0, 0x49, 0xce,
    0xff, 0xff, 0xf4,

    /* U+9000 "退" */
    0x5, 0xb0, 0xf, 0xff, 0xff, 0xfe, 0x0, 0x1,
    0xf2, 0xf, 0x20, 0x0, 0x2e, 0x0, 0x0, 0x94,
    0xf, 0xff, 0xff, 0xfe, 0x0, 0x0, 0x0, 0xf,
    0x20, 0x0, 0x2e, 0x0, 0x25, 0x41, 0xf, 0xba,
    0xaa, 0xbe, 0x0, 0x5c, 0xf2, 0xf, 0x75, 0x55,
    0x58, 0x0, 0x0, 0xe2, 0xf, 0x2b, 0x91, 0x5e,
    0x40, 0x0, 0xe2, 0xf, 0x21, 0xae, 0xe1, 0x0,
    0x0, 0xe2, 0xf, 0x6c, 0x45, 0xeb, 0x10, 0x0,
    0xe3, 0x4f, 0xc5, 0x0, 0x1c, 0x80, 0x1b, 0xee,
    0xb9, 0x32, 0x22, 0x34, 0x63, 0x6b, 0x0, 0x5a,
    0xde, 0xff, 0xfe, 0xd2, 0x0, 0x0, 0x0, 0x0,
    0x0, 0x0, 0x0,

    /* U+9001 "送" */
    0x0, 0x0, 0x0, 0x20, 0x0, 0x30, 0x0, 0x1,
    0xb0, 0x1, 0xe3, 0x1, 0xf3, 0x0, 0x0, 0xaa,
    0x0, 0x5b, 0x7, 0x90, 0x0, 0x0, 0xa, 0xb,
    0xcd, 0xcf, 0xdc, 0x70, 0x0, 0x0, 0x2, 0x22,
    0xe3, 0x22, 0x10, 0x7, 0x86, 0x0, 0x0, 0xf0,
    0x0, 0x0, 0x7, 0x9c, 0x4e, 0xee, 0xfe, 0xee,
    0xd0, 0x0, 0x4c, 0x0, 0x5, 0xf4, 0x0, 0x0,
    0x0, 0x4c, 0x0, 0xd, 0x8e, 0x80, 0x0, 0x0,
    0x4c, 0x1, 0xca, 0x1, 0xcb, 0x10, 0x0, 0x4d,
    0xc, 0xa0, 0x0, 0xb, 0x20, 0x3, 0xed, 0xc6,
    0x10, 0x0, 0x1, 0x31, 0xa, 0x50, 0x5b, 0xef,
    0xff, 0xff, 0xe0, 0x0, 0x0, 0x0, 0x0, 0x0,
    0x0, 0x0,

    /* U+9023 "連" */
    0x5, 0x60, 0x11, 0x12, 0xf1, 0x11, 0x0, 0x2,
    0xe3, 0x8c, 0xcc, 0xfc, 0xcc, 0x50, 0x0, 0x74,
    0x5, 0x66, 0xf6, 0x61, 0x0, 0x0, 0x0, 0xe,
    0x76, 0xf5, 0xe3, 0x0, 0x6e, 0xe1, 0xd, 0xbb,
    0xfa, 0xf3, 0x0, 0x0, 0xe1, 0xe, 0x33, 0xe2,
    0xd3, 0x0, 0x0, 0xe1, 0xd, 0xdd, 0xfd, 0xe3,
    0x0, 0x0, 0xe1, 0x0, 0x1, 0xe0, 0x0, 0x0,
    0x0, 0xe1, 0xce, 0xee, 0xfe, 0xee, 0x90, 0x0,
    0xe2, 0x0, 0x1, 0xe0, 0x0, 0x0, 0xa, 0xbb,
    0xa6, 0x33, 0xa1, 0x12, 0x21, 0x2a, 0x0, 0x39,
    0xce, 0xff, 0xff, 0xf5,

    /* U+9032 "進" */
    0x0, 0x0, 0x0, 0x0, 0x10, 0x0, 0x0, 0x6,
    0x70, 0x6, 0xa0, 0xc5, 0x0, 0x0, 0x2, 0xf2,
    0xc, 0x70, 0x55, 0x1, 0x0, 0x0, 0x75, 0x4f,
    0xdc, 0xfd, 0xcd, 0x40, 0x0, 0x1, 0xdf, 0x31,
    0xd4, 0x11, 0x0, 0x6e, 0xe3, 0x6d, 0xcc, 0xfd,
    0xc9, 0x0, 0x0, 0xe1, 0xd, 0x20, 0xc4, 0x0,
    0x0, 0x0, 0xe1, 0xd, 0xee, 0xfe, 0xec, 0x0,
    0x0, 0xe1, 0xd, 0x20, 0xc4, 0x0, 0x0, 0x0,
    0xe1, 0xd, 0xdc, 0xfd, 0xcd, 0x70, 0x0, 0xf4,
    0xe, 0x31, 0x11, 0x11, 0x10, 0xb, 0xbd, 0xc8,
    0x42, 0x22, 0x23, 0x41, 0x2a, 0x0, 0x49, 0xce,
    0xff, 0xff, 0xf0,

    /* U+903E "逾" */
    0x0, 0x0, 0x0, 0x8, 0x40, 0x0, 0x0, 0x5,
    0x0, 0x0, 0x4e, 0xb2, 0x0, 0x0, 0x9, 0xb0,
    0x3, 0xd2, 0x1c, 0x81, 0x0, 0x0, 0x92, 0x8d,
    0xbe, 0xee, 0x7e, 0xc0, 0x0, 0x5, 0x90, 0x0,
    0x0, 0x1, 0x30, 0x12, 0x20, 0x8a, 0xaa, 0x42,
    0xe, 0x20, 0x3a, 0xf1, 0xc6, 0x3a, 0x7b, 0x2e,
    0x10, 0x0, 0xd1, 0xcd, 0xce, 0x7b, 0x2e, 0x10,
    0x0, 0xd1, 0xc5, 0x29, 0x7b, 0x2e, 0x10, 0x0,
    0xd1, 0xcb, 0xad, 0x7b, 0x2e, 0x10, 0x0, 0xe3,
    0xd3, 0x4e, 0x50, 0x9f, 0x0, 0x9, 0xcd, 0xc5,
    0x45, 0x11, 0x43, 0x30, 0x2c, 0x0, 0x5a, 0xde,
    0xff, 0xff, 0xe0, 0x0, 0x0, 0x0, 0x0, 0x0,
    0x0, 0x0,

    /* U+904E "過" */
    0x0, 0x0, 0x0, 0x0, 0x0, 0x0, 0x0, 0x7,
    0x90, 0x1, 0xfd, 0xdd, 0xf2, 0x0, 0x1, 0xf5,
    0x0, 0xe0, 0x0, 0xd1, 0x0, 0x0, 0x64, 0x0,
    0xfe, 0xf1, 0xd1, 0x0, 0x0, 0x0, 0x0, 0xe0,
    0xb1, 0xd1, 0x0, 0x6d, 0xd0, 0x3b, 0xfb, 0xeb,
    0xfb, 0x30, 0x1, 0xe0, 0x4c, 0x11, 0x11, 0x1c,
    0x40, 0x0, 0xe0, 0x3c, 0x1f, 0xcf, 0xb, 0x40,
    0x0, 0xe0, 0x3c, 0x1e, 0xe, 0xb, 0x40, 0x0,
    0xe0, 0x3c, 0x1f, 0xcf, 0xc, 0x40, 0x0, 0xe1,
    0x4c, 0x0, 0x0, 0xdf, 0x20, 0xa, 0xbc, 0xa8,
    0x42, 0x11, 0x54, 0x20, 0x29, 0x0, 0x48, 0xce,
    0xff, 0xff, 0xf0, 0x0, 0x0, 0x0, 0x0, 0x0,
    0x0, 0x0,

    /* U+9078 "選" */
    0x5, 0x60, 0x3f, 0xc9, 0xbc, 0xbf, 0x0, 0x2,
    0xe4, 0x3f, 0xc9, 0xbc, 0xbf, 0x0, 0x0, 0x53,
    0x3c, 0x4, 0xb5, 0x4, 0x20, 0x0, 0x0, 0x1e,
    0xb9, 0x7d, 0xcc, 0x20, 0x5c, 0xc0, 0x0, 0x42,
    0x19, 0x0, 0x0, 0x1, 0xe0, 0x2b, 0xdc, 0xbf,
    0xba, 0x0, 0x0, 0xe0, 0x0, 0x74, 0x2f, 0x0,
    0x0, 0x0, 0xe0, 0xcb, 0xbb, 0xbb, 0xbb, 0x90,
    0x0, 0xe0, 0x4, 0xc1, 0x1c, 0x60, 0x0, 0x0,
    0xe2, 0x8a, 0x20, 0x1, 0x9c, 0x0, 0xa, 0xcc,
    0xa5, 0x21, 0x11, 0x13, 0x32, 0x2a, 0x0, 0x48,
    0xce, 0xff, 0xff, 0xf4,

    /* U+90E8 "部" */
    0x0, 0x4, 0x60, 0x0, 0x0, 0x0, 0x0, 0x0,
    0x2, 0xf2, 0x0, 0x49, 0x99, 0x80, 0xa, 0xdd,
    0xfd, 0xd9, 0x7c, 0x6a, 0xc0, 0x1, 0x92, 0x15,
    0xd1, 0x6a, 0xb, 0x70, 0x0, 0xb9, 0x8, 0xa0,
    0x6a, 0xf, 0x20, 0x0, 0x4c, 0xd, 0x30, 0x6a,
    0x3d, 0x0, 0x1f, 0xee, 0xee, 0xef, 0x7a, 0x6c,
    0x0, 0x0, 0x0, 0x0, 0x0, 0x6a, 0xb, 0x90,
    0x1, 0xee, 0xee, 0xe0, 0x6a, 0x1, 0xf3, 0x0,
    0xf0, 0x0, 0xf0, 0x6a, 0x0, 0xd6, 0x0, 0xf0,
    0x0, 0xf0, 0x6a, 0x7d, 0xf2, 0x0, 0xfe, 0xee,
    0xf0, 0x6a, 0x36, 0x10, 0x1, 0xe0, 0x0, 0xe0,
    0x7a, 0x0, 0x0,

    /* U+914D "配" */
    0x0, 0x0, 0x0, 0x0, 0x11, 0x11, 0x0, 0x6f,
    0xff, 0xfe, 0xf2, 0xee, 0xee, 0xd0, 0x0, 0x56,
    0xc1, 0x0, 0x0, 0x3, 0xc0, 0x2, 0x68, 0xd3,
    0x20, 0x0, 0x3, 0xc0, 0xf, 0xcc, 0xea, 0xf1,
    0x0, 0x3, 0xc0, 0xe, 0x56, 0xc0, 0xe1, 0x1,
    0x14, 0xd0, 0xe, 0x75, 0xc0, 0xe1, 0xad, 0xcc,
    0xa0, 0xe, 0xb2, 0xba, 0xf1, 0xa5, 0x0, 0x0,
    0xf, 0x70, 0x14, 0xf1, 0xa5, 0x0, 0x0, 0xf,
    0xcc, 0xcc, 0xf1, 0xa5, 0x0, 0x0, 0xe, 0x0,
    0x0, 0xe1, 0xa5, 0x0, 0x32, 0xf, 0xee, 0xee,
    0xf1, 0x96, 0x0, 0x98, 0xe, 0x0, 0x0, 0xe1,
    0x7f, 0xee, 0xf2, 0x0, 0x0, 0x0, 0x0, 0x0,
    0x11, 0x0,

    /* U+91CD "重" */
    0x0, 0x0, 0x0, 0x0, 0x3, 0x0, 0x0, 0x57,
    0x89, 0xac, 0xef, 0xd3, 0x0, 0x3, 0x65, 0x46,
    0xd1, 0x0, 0x0, 0x9, 0xbb, 0xbb, 0xcf, 0xbb,
    0xbb, 0xb5, 0x22, 0x22, 0x26, 0xd2, 0x22, 0x23,
    0x10, 0x1c, 0xcc, 0xdf, 0xcc, 0xc1, 0x0, 0x2,
    0xe2, 0x26, 0xd2, 0x2e, 0x20, 0x0, 0x1f, 0xee,
    0xef, 0xee, 0xf2, 0x0, 0x2, 0xf7, 0x79, 0xe7,
    0x7f, 0x20, 0x0, 0x5, 0x55, 0x8d, 0x55, 0x50,
    0x0, 0x8, 0xdc, 0xcd, 0xfc, 0xcc, 0xd4, 0x0,
    0x0, 0x0, 0x4d, 0x0, 0x0, 0x0, 0xad, 0xdd,
    0xdd, 0xed, 0xdd, 0xde, 0x50,

    /* U+932F "錯" */
    0x0, 0x3, 0x0, 0x0, 0x0, 0x0, 0x0, 0x0,
    0xe, 0x50, 0x0, 0xc0, 0x93, 0x0, 0x0, 0x8c,
    0xe4, 0x0, 0xd0, 0xb4, 0x0, 0x3, 0xe1, 0x4e,
    0x5b, 0xfb, 0xec, 0x70, 0x2e, 0x40, 0x1, 0x0,
    0xd0, 0xb3, 0x0, 0x57, 0xcf, 0xc9, 0x58, 0xe8,
    0xd9, 0x80, 0x0, 0xe, 0x0, 0x23, 0x33, 0x33,
    0x40, 0xb, 0xdf, 0xdc, 0xc, 0xdd, 0xdd, 0x40,
    0x0, 0xe, 0x2, 0xe, 0x0, 0x9, 0x50, 0xc,
    0x1e, 0x3e, 0xe, 0x22, 0x2a, 0x50, 0x8, 0x6e,
    0x88, 0xe, 0xaa, 0xad, 0x50, 0x1, 0x3e, 0x9b,
    0x7e, 0x22, 0x2a, 0x50, 0x3b, 0x86, 0x31, 0xf,
    0xaa, 0xad, 0x50,

    /* U+9418 "鐘" */
    0x0, 0x4, 0x10, 0x0, 0x4, 0x0, 0x0, 0x0,
    0x1f, 0x40, 0x0, 0xb, 0x20, 0x0, 0x0, 0x9c,
    0xd3, 0x8b, 0xcb, 0xcb, 0xb0, 0x4, 0xd1, 0x3c,
    0x3, 0xa0, 0x94, 0x0, 0x3e, 0x63, 0x32, 0xaa,
    0xaa, 0xaa, 0xa6, 0x25, 0x7f, 0x84, 0x4b, 0xbb,
    0xbb, 0x90, 0x0, 0xe, 0x0, 0x57, 0xd, 0x2,
    0xc0, 0x9, 0xcf, 0xcb, 0x5c, 0xaf, 0xaa, 0xc0,
    0x0, 0xe, 0x3, 0x69, 0x4e, 0x45, 0xc0, 0x8,
    0x3e, 0x4a, 0x26, 0x6e, 0x66, 0x50, 0x4, 0x6e,
    0x68, 0x6a, 0xaf, 0xaa, 0x90, 0x19, 0xce, 0xb6,
    0x12, 0x2e, 0x22, 0x20, 0x7, 0x30, 0x0, 0xbb,
    0xbf, 0xbb, 0xb3, 0x0, 0x0, 0x0, 0x0, 0x0,
    0x0, 0x0,

    /* U+949F "钟" */
    0x0, 0x4c, 0x10, 0x0, 0x1f, 0x10, 0x0, 0xa,
    0xa0, 0x0, 0x0, 0xf0, 0x0, 0x4, 0xfe, 0xe8,
    0x55, 0x5f, 0x55, 0x52, 0xf5, 0x0, 0xe, 0x87,
    0xf7, 0x8f, 0x15, 0xde, 0xd4, 0xe2, 0xf, 0x1,
    0xe0, 0x2, 0xe0, 0xe, 0x20, 0xf0, 0x1e, 0x5,
    0x8f, 0x75, 0xe2, 0xf, 0x1, 0xe0, 0x58, 0xf7,
    0x5e, 0xee, 0xfe, 0xee, 0x0, 0x2e, 0x0, 0xe2,
    0xf, 0x1, 0xe0, 0x2, 0xe7, 0x70, 0x0, 0xf0,
    0x0, 0x0, 0x5f, 0xa1, 0x0, 0xf, 0x0, 0x0,
    0x2, 0x70, 0x0, 0x1, 0xf1, 0x0,

    /* U+9519 "错" */
    0x0, 0x1, 0x0, 0x0, 0x10, 0x0, 0x0, 0x0,
    0x3f, 0x20, 0x4, 0xa0, 0xc5, 0x0, 0x0, 0xb9,
    0x0, 0x36, 0xa2, 0xc7, 0x20, 0x6, 0xfe, 0xe5,
    0xbc, 0xeb, 0xed, 0xa0, 0x2e, 0x51, 0x10, 0x3,
    0x90, 0xb5, 0x0, 0x2, 0xcf, 0xb6, 0xdd, 0xed,
    0xfe, 0xd5, 0x0, 0x3d, 0x0, 0x0, 0x0, 0x0,
    0x0, 0x9, 0xcf, 0xb8, 0x1b, 0xbb, 0xbb, 0x20,
    0x2, 0x4d, 0x21, 0x1e, 0x11, 0x1c, 0x30, 0x0,
    0x3d, 0x2, 0x1f, 0xaa, 0xae, 0x30, 0x0, 0x3d,
    0xa8, 0x1e, 0x33, 0x3d, 0x30, 0x0, 0x5f, 0x80,
    0x2e, 0x22, 0x2c, 0x30, 0x0, 0x67, 0x0, 0x2f,
    0xbb, 0xbe, 0x30,

    /* U+9589 "閉" */
    0xed, 0xdd, 0xf2, 0x3f, 0xdd, 0xdf, 0xe, 0x54,
    0x4e, 0x13, 0xd4, 0x44, 0xe0, 0xe6, 0x55, 0xe1,
    0x3d, 0x55, 0x5e, 0xe, 0xcc, 0xcf, 0x23, 0xfc,
    0xcc, 0xe0, 0xe1, 0x0, 0x0, 0x0, 0x0, 0xe,
    0xe, 0x10, 0x0, 0x5, 0xa0, 0x0, 0xe0, 0xe1,
    0x4d, 0xcc, 0xde, 0xcd, 0x1e, 0xe, 0x10, 0x1,
    0xdd, 0xa0, 0x0, 0xe0, 0xe1, 0x4, 0xd9, 0x5a,
    0x0, 0xe, 0xe, 0x17, 0xd5, 0x5, 0xa0, 0x0,
    0xe0, 0xe1, 0x0, 0xb, 0xe5, 0x0, 0x3e, 0xe,
    0x20, 0x0, 0x0, 0x0, 0xd, 0x70,

    /* U+958B "開" */
    0xec, 0xcc, 0xf2, 0x3f, 0xcc, 0xcf, 0xe, 0x55,
    0x5e, 0x13, 0xd5, 0x55, 0xe0, 0xe5, 0x55, 0xe1,
    0x3d, 0x55, 0x5e, 0xd, 0xcc, 0xcf, 0x23, 0xfc,
    0xcc, 0xe0, 0xd1, 0x0, 0x0, 0x0, 0x0, 0xe,
    0xd, 0x13, 0xdd, 0xcc, 0xdc, 0x50, 0xe0, 0xd1,
    0x0, 0xe1, 0xe, 0x0, 0xe, 0xd, 0x12, 0x2e,
    0x22, 0xe2, 0x20, 0xe0, 0xd1, 0xaa, 0xfa, 0xaf,
    0xaa, 0xe, 0xe, 0x10, 0x4b, 0x0, 0xd0, 0x0,
    0xe0, 0xe1, 0x6e, 0x30, 0xd, 0x0, 0xe, 0xe,
    0x15, 0x30, 0x0, 0x90, 0x2a, 0x70,

    /* U+95DC "關" */
    0xf9, 0x99, 0xf1, 0x9c, 0x99, 0x9e, 0xe8, 0x88,
    0xf1, 0x9b, 0x88, 0x8e, 0xea, 0xaa, 0xf1, 0x9c,
    0xaa, 0xae, 0xe0, 0x5, 0x40, 0x8, 0x50, 0xe,
    0xe0, 0x78, 0x66, 0x8a, 0x7a, 0xe, 0xe0, 0x9d,
    0x91, 0x7c, 0x91, 0xe, 0xe0, 0xdb, 0xa9, 0xaa,
    0x6d, 0xe, 0xe0, 0x61, 0x34, 0x96, 0x38, 0x1e,
    0xe0, 0xc0, 0xa4, 0xb3, 0xc, 0xe, 0xe0, 0xda,
    0xe1, 0xbb, 0xad, 0xe, 0xe1, 0x68, 0xb0, 0xb3,
    0x0, 0x4d, 0xf0, 0x85, 0x0, 0x51, 0x0, 0xd8,

    /* U+95ED "闭" */
    0x6, 0x40, 0x0, 0x0, 0x0, 0x0, 0x6, 0xf3,
    0xf, 0xff, 0xff, 0xfe, 0x0, 0xa4, 0x0, 0x0,
    0x0, 0x4d, 0xa3, 0x0, 0x0, 0xc6, 0x0, 0x4d,
    0xe3, 0x0, 0x0, 0xc5, 0x0, 0x4d, 0xd5, 0xff,
    0xff, 0xff, 0xf6, 0x4d, 0xd3, 0x10, 0xa, 0xf5,
    0x10, 0x4d, 0xd3, 0x0, 0x4c, 0xc5, 0x0, 0x4d,
    0xd3, 0x3, 0xe2, 0xc5, 0x0, 0x4d, 0xd4, 0x7f,
    0x50, 0xc5, 0x0, 0x4d, 0xd7, 0xd4, 0x0, 0xd5,
    0x0, 0x4d, 0xe3, 0x0, 0xd, 0xf2, 0x12, 0x7c,
    0xe3, 0x0, 0x3, 0x10, 0x1f, 0xd5, 0x0, 0x0,
    0x0, 0x0, 0x0, 0x0,

    /* U+95F2 "闲" */
    0x8, 0x40, 0x0, 0x0, 0x0, 0x0, 0x6, 0xe0,
    0xbf, 0xff, 0xff, 0xf3, 0x0, 0xa0, 0x0, 0x0,
    0x0, 0xe2, 0xc3, 0x0, 0xb, 0x20, 0x0, 0xe2,
    0xd4, 0x0, 0xe, 0x20, 0x0, 0xe2, 0xd4, 0xcf,
    0xff, 0xff, 0xf3, 0xe2, 0xd4, 0x11, 0x8f, 0x30,
    0x10, 0xe2, 0xd4, 0x1, 0xef, 0x6b, 0x0, 0xe2,
    0xd4, 0xa, 0x7e, 0x3b, 0xb0, 0xe2, 0xd4, 0x8c,
    0xe, 0x21, 0xe5, 0xe2, 0xd5, 0xd2, 0xf, 0x20,
    0x20, 0xe2, 0xe4, 0x0, 0xe, 0x30, 0x2, 0xf2,
    0xe3, 0x0, 0x0, 0x0, 0x4f, 0xd0, 0x0, 0x0,
    0x0, 0x0, 0x2, 0x0,

    /* U+9664 "除" */
    0x0, 0x0, 0x0, 0x1c, 0x10, 0x0, 0xe, 0xee,
    0xf0, 0x7, 0xf5, 0x0, 0x0, 0xe2, 0x3b, 0x0,
    0xd3, 0xd1, 0x0, 0xd, 0x27, 0x70, 0x88, 0x7,
    0xc1, 0x0, 0xd2, 0xc2, 0x4d, 0x0, 0xa, 0xe5,
    0xd, 0x4e, 0x1e, 0xbf, 0xff, 0xd8, 0xc0, 0xd2,
    0xa6, 0x0, 0xd, 0x20, 0x0, 0xd, 0x21, 0xda,
    0xdd, 0xfd, 0xdd, 0x20, 0xd2, 0x2f, 0x11, 0x1d,
    0x21, 0x10, 0xd, 0x5f, 0x90, 0xc1, 0xd2, 0xb2,
    0x0, 0xd2, 0x10, 0x99, 0xd, 0x25, 0xe2, 0xe,
    0x20, 0x2b, 0x3, 0xe1, 0x8, 0x90, 0xe2, 0x0,
    0x0, 0xeb, 0x0, 0x0, 0x0, 0x0, 0x0, 0x0,
    0x0, 0x0, 0x0,

    /* U+96E2 "離" */
    0x0, 0x6, 0x0, 0x0, 0x20, 0x20, 0x0, 0x1,
    0x1b, 0x61, 0x10, 0xa7, 0xb7, 0x0, 0x3b, 0xaa,
    0xaa, 0xa0, 0xe1, 0x27, 0x0, 0x9, 0x56, 0xb4,
    0x57, 0xec, 0xfc, 0xc1, 0xe, 0x2f, 0x95, 0xae,
    0xa0, 0xc2, 0x0, 0xe, 0x65, 0xa6, 0x97, 0xc5,
    0xd6, 0x50, 0xe, 0xcc, 0xcd, 0x82, 0xc6, 0xe7,
    0x60, 0x1, 0x19, 0x71, 0x2, 0xa0, 0xc2, 0x0,
    0x3e, 0xbf, 0xbb, 0xe2, 0xfd, 0xfd, 0xc0, 0x39,
    0x59, 0x70, 0xd2, 0xa0, 0xc2, 0x0, 0x39, 0xdc,
    0xe7, 0xd2, 0xa0, 0xc2, 0x0, 0x39, 0x42, 0x14,
    0xd2, 0xec, 0xfc, 0xc4, 0x39, 0x0, 0xc, 0x92,
    0xa0, 0x0, 0x0,

    /* U+9700 "需" */
    0x0, 0x0, 0x0, 0x0, 0x0, 0x0, 0x0, 0xa,
    0xdd, 0xde, 0xed, 0xdd, 0xd0, 0x2, 0x22, 0x22,
    0x8a, 0x22, 0x22, 0x20, 0xfb, 0xbb, 0xbd, 0xeb,
    0xbb, 0xbf, 0xf, 0x17, 0x73, 0x79, 0x58, 0x70,
    0xf0, 0x60, 0x44, 0x17, 0x93, 0x54, 0x6, 0x0,
    0x3c, 0xc5, 0x68, 0x6a, 0x90, 0x0, 0x78, 0x88,
    0x88, 0x88, 0x88, 0x88, 0x3, 0x43, 0x33, 0xc7,
    0x33, 0x33, 0x40, 0xd, 0xdd, 0xdf, 0xdd, 0xdd,
    0xd2, 0x0, 0xf0, 0xf, 0x10, 0xf0, 0xe, 0x20,
    0xf, 0x0, 0xf1, 0xf, 0x0, 0xe1, 0x1, 0xf0,
    0xc, 0x0, 0xc0, 0xbc, 0x0, 0x0, 0x0, 0x0,
    0x0, 0x0, 0x0,

    /* U+984C "題" */
    0x0, 0x0, 0x0, 0x0, 0x0, 0x0, 0x0, 0x2,
    0xfc, 0xcf, 0x2c, 0xcd, 0xec, 0xc4, 0x2, 0xc0,
    0xe, 0x0, 0x5, 0x90, 0x0, 0x2, 0xfc, 0xcf,
    0x3, 0xdd, 0xdc, 0xb0, 0x2, 0xc0, 0xe, 0x2,
    0xb1, 0x12, 0xc0, 0x2, 0xdc, 0xcd, 0x2, 0xeb,
    0xbb, 0xc0, 0x1, 0x0, 0x0, 0x2, 0xb0, 0x2,
    0xc0, 0x1c, 0xbc, 0xeb, 0x82, 0xeb, 0xbc, 0xc0,
    0x4, 0x54, 0x90, 0x3, 0xd7, 0x78, 0xd0, 0x9,
    0xa4, 0xed, 0x91, 0x76, 0x38, 0x60, 0xc, 0xf8,
    0x90, 0x17, 0xeb, 0x19, 0xd2, 0x1f, 0x5c, 0xc4,
    0x26, 0x30, 0x1, 0x53, 0x4a, 0x0, 0x48, 0xbd,
    0xef, 0xff, 0xfc, 0x0, 0x0, 0x0, 0x0, 0x0,
    0x0, 0x0,

    /* U+9898 "题" */
    0x0, 0x0, 0x0, 0x0, 0x0, 0x0, 0x0, 0xd,
    0xee, 0xe9, 0x3e, 0xef, 0xee, 0xd0, 0xd, 0x30,
    0x78, 0x0, 0xe, 0x0, 0x0, 0xc, 0xee, 0xe8,
    0x3, 0x4f, 0x44, 0x10, 0xd, 0x30, 0x78, 0xc,
    0x98, 0x8d, 0x40, 0xc, 0xdd, 0xd8, 0xc, 0x25,
    0x3a, 0x40, 0x0, 0x0, 0x0, 0xc, 0x2a, 0x5a,
    0x40, 0x9d, 0xdf, 0xde, 0x1c, 0x2a, 0x3a, 0x40,
    0x5, 0xe, 0x0, 0xc, 0x2e, 0x1a, 0x40, 0xf,
    0x1e, 0xeb, 0x4, 0x8b, 0x52, 0x0, 0x2f, 0x5e,
    0x0, 0x8, 0xe2, 0x6e, 0x40, 0x7b, 0x7f, 0x73,
    0x29, 0x20, 0x4, 0x41, 0xc6, 0x1, 0x6a, 0xce,
    0xff, 0xff, 0xf2, 0x0, 0x0, 0x0, 0x0, 0x0,
    0x0, 0x0,

    /* U+9918 "餘" */
    0x0, 0x2, 0x20, 0x0, 0x4, 0x0, 0x0, 0x0,
    0xc, 0xc0, 0x0, 0x1f, 0x30, 0x0, 0x0, 0x6d,
    0xca, 0x0, 0x9b, 0xc0, 0x0, 0x5, 0xe5, 0x4b,
    0x34, 0xc0, 0xa9, 0x0, 0x1e, 0x33, 0x90, 0x6f,
    0x63, 0x4e, 0xe3, 0x1, 0xed, 0xde, 0x76, 0xcf,
    0xc8, 0x50, 0x0, 0xe4, 0x4e, 0x10, 0xe, 0x10,
    0x0, 0x0, 0xf6, 0x6e, 0x5c, 0xcf, 0xcc, 0x70,
    0x0, 0xfc, 0xcf, 0x21, 0x1e, 0x21, 0x0, 0x0,
    0xe0, 0x36, 0x9, 0x2e, 0x2a, 0x0, 0x0, 0xe0,
    0x6d, 0x3e, 0xe, 0x1b, 0x80, 0x2, 0xfd, 0xac,
    0x75, 0xf, 0x13, 0xb0, 0x2, 0xb2, 0x2, 0x0,
    0xfe, 0x0, 0x0, 0x0, 0x0, 0x0, 0x0, 0x30,
    0x0, 0x0,

    /* U+9AD4 "體" */
    0x0, 0x0, 0x0, 0x0, 0x10, 0x10, 0x0, 0xf,
    0xaa, 0xd2, 0x0, 0xd0, 0xd0, 0x0, 0xf, 0x32,
    0x92, 0x8a, 0xfa, 0xfa, 0xa0, 0xf, 0x7c, 0x92,
    0xa2, 0xd0, 0xd0, 0xd0, 0xf, 0xc, 0x92, 0xab,
    0xfa, 0xfa, 0xd0, 0xab, 0xaa, 0xae, 0xb5, 0xd4,
    0xd4, 0xd0, 0x54, 0x33, 0x37, 0x46, 0x66, 0x66,
    0x50, 0xf, 0x77, 0xc2, 0xcb, 0xbb, 0xbb, 0xc1,
    0xf, 0x88, 0xc2, 0x26, 0x66, 0x66, 0x30, 0xf,
    0x22, 0xa2, 0x5a, 0x44, 0x48, 0x80, 0xf, 0xaa,
    0xd2, 0x4b, 0xaa, 0xab, 0x60, 0xf, 0x0, 0x92,
    0x4, 0x80, 0x3a, 0x0, 0xf, 0x3, 0xe4, 0xcb,
    0xeb, 0xdc, 0xb4, 0x0, 0x0, 0x0, 0x0, 0x0,
    0x0, 0x0,

    /* U+9EDE "點" */
    0xe, 0xbf, 0xbe, 0x30, 0xf, 0x0, 0x0, 0xd,
    0x1d, 0x1b, 0x20, 0xe, 0x0, 0x0, 0xd, 0xbd,
    0xac, 0x20, 0xe, 0xcc, 0xd4, 0xd, 0x6e, 0x8b,
    0x20, 0xe, 0x0, 0x0, 0xe, 0x7e, 0x7d, 0x30,
    0xe, 0x0, 0x0, 0x3, 0x3d, 0x33, 0x16, 0x6f,
    0x66, 0x50, 0x1c, 0xbf, 0xbc, 0x4e, 0x55, 0x56,
    0xd0, 0x0, 0xd, 0x13, 0x2e, 0x0, 0x1, 0xd0,
    0x4f, 0xdb, 0x98, 0x2e, 0x0, 0x1, 0xd0, 0x5,
    0x10, 0x14, 0x1e, 0x0, 0x1, 0xd0, 0x1b, 0x94,
    0x8b, 0x2f, 0xcc, 0xcc, 0xd0, 0x57, 0x64, 0x98,
    0x7e, 0x0, 0x1, 0xe0, 0x11, 0x0, 0x0, 0x1,
    0x0, 0x0, 0x0,

    /* U+FF08 "（" */
    0x0, 0x0, 0x0, 0x2, 0xd1, 0x1, 0xd4, 0x0,
    0xa6, 0x0, 0x2c, 0x0, 0x7, 0x70, 0x0, 0x85,
    0x0, 0x7, 0x60, 0x0, 0x59, 0x0, 0x0, 0xe1,
    0x0, 0x6, 0xc0, 0x0, 0x9, 0xb0, 0x0, 0x5,
    0x0,

    /* U+FF09 "）" */
    0x0, 0x0, 0x0, 0xd2, 0x0, 0x3, 0xd1, 0x0,
    0x5, 0xb0, 0x0, 0xb, 0x30, 0x0, 0x67, 0x0,
    0x4, 0x90, 0x0, 0x58, 0x0, 0x8, 0x60, 0x1,
    0xe1, 0x0, 0xb7, 0x0, 0xba, 0x0, 0x5, 0x0,
    0x0,

    /* U+FF0C "，" */
    0x1, 0x11, 0xfe, 0x1f, 0xe0, 0x2c, 0xb, 0x40,
    0x0,

    /* U+FF1F "？" */
    0x0, 0x0, 0x0, 0x2d, 0xfd, 0x10, 0xb7, 0x8,
    0xa0, 0x92, 0x4, 0xb0, 0x0, 0xb, 0x60, 0x0,
    0x8b, 0x0, 0x1, 0xe1, 0x0, 0x5, 0xa0, 0x0,
    0x1, 0x20, 0x0, 0x6, 0x80, 0x0, 0xa, 0xe0,
    0x0
};


/*---------------------
 *  GLYPH DESCRIPTION
 *--------------------*/

static const lv_font_fmt_txt_glyph_dsc_t glyph_dsc[] = {
    {.bitmap_index = 0, .adv_w = 0, .box_w = 0, .box_h = 0, .ofs_x = 0, .ofs_y = 0} /* id = 0 reserved */,
    {.bitmap_index = 0, .adv_w = 112, .box_w = 0, .box_h = 0, .ofs_x = 0, .ofs_y = 0},
    {.bitmap_index = 0, .adv_w = 112, .box_w = 3, .box_h = 11, .ofs_x = 2, .ofs_y = 0},
    {.bitmap_index = 17, .adv_w = 112, .box_w = 5, .box_h = 4, .ofs_x = 1, .ofs_y = 6},
    {.bitmap_index = 27, .adv_w = 112, .box_w = 7, .box_h = 10, .ofs_x = 0, .ofs_y = 0},
    {.bitmap_index = 62, .adv_w = 112, .box_w = 6, .box_h = 14, .ofs_x = 0, .ofs_y = -2},
    {.bitmap_index = 104, .adv_w = 112, .box_w = 7, .box_h = 12, .ofs_x = 0, .ofs_y = -1},
    {.bitmap_index = 146, .adv_w = 112, .box_w = 7, .box_h = 10, .ofs_x = 0, .ofs_y = 0},
    {.bitmap_index = 181, .adv_w = 112, .box_w = 2, .box_h = 4, .ofs_x = 2, .ofs_y = 6},
    {.bitmap_index = 185, .adv_w = 112, .box_w = 4, .box_h = 14, .ofs_x = 3, .ofs_y = -2},
    {.bitmap_index = 213, .adv_w = 112, .box_w = 4, .box_h = 14, .ofs_x = 0, .ofs_y = -2},
    {.bitmap_index = 241, .adv_w = 112, .box_w = 7, .box_h = 8, .ofs_x = 0, .ofs_y = 2},
    {.bitmap_index = 269, .adv_w = 112, .box_w = 7, .box_h = 7, .ofs_x = 0, .ofs_y = 2},
    {.bitmap_index = 294, .adv_w = 112, .box_w = 2, .box_h = 4, .ofs_x = 1, .ofs_y = -2},
    {.bitmap_index = 298, .adv_w = 112, .box_w = 7, .box_h = 1, .ofs_x = 0, .ofs_y = 5},
    {.bitmap_index = 302, .adv_w = 112, .box_w = 2, .box_h = 2, .ofs_x = 1, .ofs_y = 0},
    {.bitmap_index = 304, .adv_w = 112, .box_w = 7, .box_h = 13, .ofs_x = 0, .ofs_y = -1},
    {.bitmap_index = 350, .adv_w = 112, .box_w = 7, .box_h = 11, .ofs_x = 0, .ofs_y = -1},
    {.bitmap_index = 389, .adv_w = 112, .box_w = 4, .box_h = 10, .ofs_x = 1, .ofs_y = 0},
    {.bitmap_index = 409, .adv_w = 112, .box_w = 7, .box_h = 11, .ofs_x = 0, .ofs_y = 0},
    {.bitmap_index = 448, .adv_w = 112, .box_w = 7, .box_h = 11, .ofs_x = 0, .ofs_y = 0},
    {.bitmap_index = 487, .adv_w = 112, .box_w = 7, .box_h = 10, .ofs_x = 0, .ofs_y = 0},
    {.bitmap_index = 522, .adv_w = 112, .box_w = 7, .box_h = 10, .ofs_x = 0, .ofs_y = 0},
    {.bitmap_index = 557, .adv_w = 112, .box_w = 7, .box_h = 10, .ofs_x = 0, .ofs_y = 0},
    {.bitmap_index = 592, .adv_w = 112, .box_w = 7, .box_h = 10, .ofs_x = 0, .ofs_y = 0},
    {.bitmap_index = 627, .adv_w = 112, .box_w = 7, .box_h = 10, .ofs_x = 0, .ofs_y = 0},
    {.bitmap_index = 662, .adv_w = 112, .box_w = 7, .box_h = 10, .ofs_x = 0, .ofs_y = 0},
    {.bitmap_index = 697, .adv_w = 112, .box_w = 2, .box_h = 7, .ofs_x = 2, .ofs_y = 0},
    {.bitmap_index = 704, .adv_w = 112, .box_w = 2, .box_h = 9, .ofs_x = 2, .ofs_y = -2},
    {.bitmap_index = 713, .adv_w = 112, .box_w = 7, .box_h = 12, .ofs_x = 0, .ofs_y = -1},
    {.bitmap_index = 755, .adv_w = 112, .box_w = 7, .box_h = 5, .ofs_x = 0, .ofs_y = 3},
    {.bitmap_index = 773, .adv_w = 112, .box_w = 7, .box_h = 12, .ofs_x = 0, .ofs_y = -1},
    {.bitmap_index = 815, .adv_w = 112, .box_w = 6, .box_h = 10, .ofs_x = 0, .ofs_y = 0},
    {.bitmap_index = 845, .adv_w = 112, .box_w = 7, .box_h = 10, .ofs_x = 0, .ofs_y = 0},
    {.bitmap_index = 880, .adv_w = 112, .box_w = 7, .box_h = 10, .ofs_x = 0, .ofs_y = 0},
    {.bitmap_index = 915, .adv_w = 112, .box_w = 7, .box_h = 10, .ofs_x = 0, .ofs_y = 0},
    {.bitmap_index = 950, .adv_w = 112, .box_w = 7, .box_h = 10, .ofs_x = 0, .ofs_y = 0},
    {.bitmap_index = 985, .adv_w = 112, .box_w = 7, .box_h = 10, .ofs_x = 0, .ofs_y = 0},
    {.bitmap_index = 1020, .adv_w = 112, .box_w = 7, .box_h = 10, .ofs_x = 0, .ofs_y = 0},
    {.bitmap_index = 1055, .adv_w = 112, .box_w = 7, .box_h = 10, .ofs_x = 0, .ofs_y = 0},
    {.bitmap_index = 1090, .adv_w = 112, .box_w = 7, .box_h = 10, .ofs_x = 0, .ofs_y = 0},
    {.bitmap_index = 1125, .adv_w = 112, .box_w = 7, .box_h = 10, .ofs_x = 0, .ofs_y = 0},
    {.bitmap_index = 1160, .adv_w = 112, .box_w = 3, .box_h = 10, .ofs_x = 2, .ofs_y = 0},
    {.bitmap_index = 1175, .adv_w = 112, .box_w = 7, .box_h = 10, .ofs_x = 0, .ofs_y = 0},
    {.bitmap_index = 1210, .adv_w = 112, .box_w = 7, .box_h = 10, .ofs_x = 0, .ofs_y = 0},
    {.bitmap_index = 1245, .adv_w = 112, .box_w = 7, .box_h = 10, .ofs_x = 0, .ofs_y = 0},
    {.bitmap_index = 1280, .adv_w = 112, .box_w = 7, .box_h = 10, .ofs_x = 0, .ofs_y = 0},
    {.bitmap_index = 1315, .adv_w = 112, .box_w = 7, .box_h = 10, .ofs_x = 0, .ofs_y = 0},
    {.bitmap_index = 1350, .adv_w = 112, .box_w = 7, .box_h = 10, .ofs_x = 0, .ofs_y = 0},
    {.bitmap_index = 1385, .adv_w = 112, .box_w = 7, .box_h = 10, .ofs_x = 0, .ofs_y = 0},
    {.bitmap_index = 1420, .adv_w = 112, .box_w = 7, .box_h = 11, .ofs_x = 0, .ofs_y = -1},
    {.bitmap_index = 1459, .adv_w = 112, .box_w = 7, .box_h = 10, .ofs_x = 0, .ofs_y = 0},
    {.bitmap_index = 1494, .adv_w = 112, .box_w = 7, .box_h = 10, .ofs_x = 0, .ofs_y = 0},
    {.bitmap_index = 1529, .adv_w = 112, .box_w = 7, .box_h = 10, .ofs_x = 0, .ofs_y = 0},
    {.bitmap_index = 1564, .adv_w = 112, .box_w = 7, .box_h = 10, .ofs_x = 0, .ofs_y = 0},
    {.bitmap_index = 1599, .adv_w = 112, .box_w = 7, .box_h = 10, .ofs_x = 0, .ofs_y = 0},
    {.bitmap_index = 1634, .adv_w = 112, .box_w = 7, .box_h = 10, .ofs_x = 0, .ofs_y = 0},
    {.bitmap_index = 1669, .adv_w = 112, .box_w = 7, .box_h = 10, .ofs_x = 0, .ofs_y = 0},
    {.bitmap_index = 1704, .adv_w = 112, .box_w = 7, .box_h = 10, .ofs_x = 0, .ofs_y = 0},
    {.bitmap_index = 1739, .adv_w = 112, .box_w = 7, .box_h = 10, .ofs_x = 0, .ofs_y = 0},
    {.bitmap_index = 1774, .adv_w = 112, .box_w = 5, .box_h = 13, .ofs_x = 2, .ofs_y = -1},
    {.bitmap_index = 1807, .adv_w = 112, .box_w = 7, .box_h = 12, .ofs_x = 0, .ofs_y = -2},
    {.bitmap_index = 1849, .adv_w = 112, .box_w = 5, .box_h = 13, .ofs_x = 0, .ofs_y = -1},
    {.bitmap_index = 1882, .adv_w = 112, .box_w = 7, .box_h = 3, .ofs_x = 0, .ofs_y = 10},
    {.bitmap_index = 1893, .adv_w = 112, .box_w = 7, .box_h = 1, .ofs_x = 0, .ofs_y = -2},
    {.bitmap_index = 1897, .adv_w = 112, .box_w = 4, .box_h = 3, .ofs_x = 1, .ofs_y = 9},
    {.bitmap_index = 1903, .adv_w = 112, .box_w = 7, .box_h = 7, .ofs_x = 0, .ofs_y = 0},
    {.bitmap_index = 1928, .adv_w = 112, .box_w = 7, .box_h = 10, .ofs_x = 0, .ofs_y = 0},
    {.bitmap_index = 1963, .adv_w = 112, .box_w = 7, .box_h = 7, .ofs_x = 0, .ofs_y = 0},
    {.bitmap_index = 1988, .adv_w = 112, .box_w = 7, .box_h = 10, .ofs_x = 0, .ofs_y = 0},
    {.bitmap_index = 2023, .adv_w = 112, .box_w = 7, .box_h = 7, .ofs_x = 0, .ofs_y = 0},
    {.bitmap_index = 2048, .adv_w = 112, .box_w = 7, .box_h = 10, .ofs_x = 0, .ofs_y = 0},
    {.bitmap_index = 2083, .adv_w = 112, .box_w = 7, .box_h = 10, .ofs_x = 0, .ofs_y = -2},
    {.bitmap_index = 2118, .adv_w = 112, .box_w = 7, .box_h = 10, .ofs_x = 0, .ofs_y = 0},
    {.bitmap_index = 2153, .adv_w = 112, .box_w = 2, .box_h = 10, .ofs_x = 2, .ofs_y = 0},
    {.bitmap_index = 2163, .adv_w = 112, .box_w = 5, .box_h = 12, .ofs_x = 1, .ofs_y = -2},
    {.bitmap_index = 2193, .adv_w = 112, .box_w = 7, .box_h = 10, .ofs_x = 0, .ofs_y = 0},
    {.bitmap_index = 2228, .adv_w = 112, .box_w = 2, .box_h = 10, .ofs_x = 2, .ofs_y = 0},
    {.bitmap_index = 2238, .adv_w = 112, .box_w = 7, .box_h = 7, .ofs_x = 0, .ofs_y = 0},
    {.bitmap_index = 2263, .adv_w = 112, .box_w = 7, .box_h = 7, .ofs_x = 0, .ofs_y = 0},
    {.bitmap_index = 2288, .adv_w = 112, .box_w = 7, .box_h = 7, .ofs_x = 0, .ofs_y = 0},
    {.bitmap_index = 2313, .adv_w = 112, .box_w = 7, .box_h = 9, .ofs_x = 0, .ofs_y = -2},
    {.bitmap_index = 2345, .adv_w = 112, .box_w = 7, .box_h = 9, .ofs_x = 0, .ofs_y = -2},
    {.bitmap_index = 2377, .adv_w = 112, .box_w = 5, .box_h = 7, .ofs_x = 1, .ofs_y = 0},
    {.bitmap_index = 2395, .adv_w = 112, .box_w = 7, .box_h = 7, .ofs_x = 0, .ofs_y = 0},
    {.bitmap_index = 2420, .adv_w = 112, .box_w = 7, .box_h = 9, .ofs_x = 0, .ofs_y = 0},
    {.bitmap_index = 2452, .adv_w = 112, .box_w = 7, .box_h = 7, .ofs_x = 0, .ofs_y = 0},
    {.bitmap_index = 2477, .adv_w = 112, .box_w = 7, .box_h = 7, .ofs_x = 0, .ofs_y = 0},
    {.bitmap_index = 2502, .adv_w = 112, .box_w = 7, .box_h = 7, .ofs_x = 0, .ofs_y = 0},
    {.bitmap_index = 2527, .adv_w = 112, .box_w = 7, .box_h = 7, .ofs_x = 0, .ofs_y = 0},
    {.bitmap_index = 2552, .adv_w = 112, .box_w = 7, .box_h = 9, .ofs_x = 0, .ofs_y = -2},
    {.bitmap_index = 2584, .adv_w = 112, .box_w = 7, .box_h = 7, .ofs_x = 0, .ofs_y = 0},
    {.bitmap_index = 2609, .adv_w = 112, .box_w = 4, .box_h = 13, .ofs_x = 3, .ofs_y = -1},
    {.bitmap_index = 2635, .adv_w = 112, .box_w = 2, .box_h = 15, .ofs_x = 2, .ofs_y = -2},
    {.bitmap_index = 2650, .adv_w = 112, .box_w = 4, .box_h = 13, .ofs_x = 0, .ofs_y = -1},
    {.bitmap_index = 2676, .adv_w = 112, .box_w = 7, .box_h = 5, .ofs_x = 0, .ofs_y = 9},
    {.bitmap_index = 2694, .adv_w = 62, .box_w = 0, .box_h = 0, .ofs_x = 0, .ofs_y = 0},
    {.bitmap_index = 2694, .adv_w = 75, .box_w = 3, .box_h = 11, .ofs_x = 1, .ofs_y = -3},
    {.bitmap_index = 2711, .adv_w = 125, .box_w = 8, .box_h = 14, .ofs_x = 0, .ofs_y = -3},
    {.bitmap_index = 2767, .adv_w = 125, .box_w = 8, .box_h = 12, .ofs_x = 0, .ofs_y = -1},
    {.bitmap_index = 2815, .adv_w = 125, .box_w = 8, .box_h = 8, .ofs_x = 0, .ofs_y = 1},
    {.bitmap_index = 2847, .adv_w = 125, .box_w = 9, .box_h = 11, .ofs_x = -1, .ofs_y = 0},
    {.bitmap_index = 2897, .adv_w = 58, .box_w = 2, .box_h = 14, .ofs_x = 1, .ofs_y = -3},
    {.bitmap_index = 2911, .adv_w = 125, .box_w = 8, .box_h = 14, .ofs_x = 0, .ofs_y = -3},
    {.bitmap_index = 2967, .adv_w = 75, .box_w = 5, .box_h = 2, .ofs_x = 0, .ofs_y = 9},
    {.bitmap_index = 2972, .adv_w = 165, .box_w = 11, .box_h = 11, .ofs_x = 0, .ofs_y = 0},
    {.bitmap_index = 3033, .adv_w = 83, .box_w = 5, .box_h = 5, .ofs_x = 0, .ofs_y = 5},
    {.bitmap_index = 3046, .adv_w = 125, .box_w = 7, .box_h = 7, .ofs_x = 0, .ofs_y = 1},
    {.bitmap_index = 3071, .adv_w = 131, .box_w = 8, .box_h = 5, .ofs_x = 0, .ofs_y = 3},
    {.bitmap_index = 3091, .adv_w = 75, .box_w = 5, .box_h = 3, .ofs_x = 0, .ofs_y = 3},
    {.bitmap_index = 3099, .adv_w = 165, .box_w = 11, .box_h = 11, .ofs_x = 0, .ofs_y = 0},
    {.bitmap_index = 3160, .adv_w = 124, .box_w = 9, .box_h = 1, .ofs_x = -1, .ofs_y = 12},
    {.bitmap_index = 3165, .adv_w = 90, .box_w = 5, .box_h = 4, .ofs_x = 0, .ofs_y = 7},
    {.bitmap_index = 3175, .adv_w = 123, .box_w = 8, .box_h = 9, .ofs_x = 0, .ofs_y = 0},
    {.bitmap_index = 3211, .adv_w = 75, .box_w = 5, .box_h = 5, .ofs_x = 0, .ofs_y = 5},
    {.bitmap_index = 3224, .adv_w = 75, .box_w = 5, .box_h = 5, .ofs_x = 0, .ofs_y = 5},
    {.bitmap_index = 3237, .adv_w = 75, .box_w = 4, .box_h = 3, .ofs_x = 1, .ofs_y = 9},
    {.bitmap_index = 3243, .adv_w = 129, .box_w = 6, .box_h = 11, .ofs_x = 1, .ofs_y = -3},
    {.bitmap_index = 3276, .adv_w = 120, .box_w = 8, .box_h = 14, .ofs_x = 0, .ofs_y = -3},
    {.bitmap_index = 3332, .adv_w = 75, .box_w = 3, .box_h = 2, .ofs_x = 1, .ofs_y = 5},
    {.bitmap_index = 3335, .adv_w = 75, .box_w = 4, .box_h = 4, .ofs_x = 0, .ofs_y = -3},
    {.bitmap_index = 3343, .adv_w = 75, .box_w = 4, .box_h = 5, .ofs_x = 0, .ofs_y = 5},
    {.bitmap_index = 3353, .adv_w = 82, .box_w = 5, .box_h = 5, .ofs_x = 0, .ofs_y = 5},
    {.bitmap_index = 3366, .adv_w = 125, .box_w = 7, .box_h = 7, .ofs_x = 0, .ofs_y = 1},
    {.bitmap_index = 3391, .adv_w = 187, .box_w = 12, .box_h = 12, .ofs_x = 0, .ofs_y = 0},
    {.bitmap_index = 3463, .adv_w = 187, .box_w = 12, .box_h = 12, .ofs_x = 0, .ofs_y = -1},
    {.bitmap_index = 3535, .adv_w = 187, .box_w = 12, .box_h = 11, .ofs_x = 0, .ofs_y = 0},
    {.bitmap_index = 3601, .adv_w = 137, .box_w = 7, .box_h = 11, .ofs_x = 1, .ofs_y = -3},
    {.bitmap_index = 3640, .adv_w = 149, .box_w = 11, .box_h = 14, .ofs_x = -1, .ofs_y = 0},
    {.bitmap_index = 3717, .adv_w = 149, .box_w = 11, .box_h = 14, .ofs_x = -1, .ofs_y = 0},
    {.bitmap_index = 3794, .adv_w = 149, .box_w = 11, .box_h = 14, .ofs_x = -1, .ofs_y = 0},
    {.bitmap_index = 3871, .adv_w = 149, .box_w = 11, .box_h = 13, .ofs_x = -1, .ofs_y = 0},
    {.bitmap_index = 3943, .adv_w = 149, .box_w = 11, .box_h = 13, .ofs_x = -1, .ofs_y = 0},
    {.bitmap_index = 4015, .adv_w = 149, .box_w = 11, .box_h = 13, .ofs_x = -1, .ofs_y = 0},
    {.bitmap_index = 4087, .adv_w = 224, .box_w = 14, .box_h = 11, .ofs_x = 0, .ofs_y = 0},
    {.bitmap_index = 4164, .adv_w = 162, .box_w = 10, .box_h = 14, .ofs_x = 0, .ofs_y = -3},
    {.bitmap_index = 4234, .adv_w = 149, .box_w = 8, .box_h = 14, .ofs_x = 1, .ofs_y = 0},
    {.bitmap_index = 4290, .adv_w = 149, .box_w = 8, .box_h = 14, .ofs_x = 1, .ofs_y = 0},
    {.bitmap_index = 4346, .adv_w = 149, .box_w = 8, .box_h = 14, .ofs_x = 1, .ofs_y = 0},
    {.bitmap_index = 4402, .adv_w = 149, .box_w = 8, .box_h = 13, .ofs_x = 1, .ofs_y = 0},
    {.bitmap_index = 4454, .adv_w = 62, .box_w = 3, .box_h = 14, .ofs_x = 0, .ofs_y = 0},
    {.bitmap_index = 4475, .adv_w = 62, .box_w = 4, .box_h = 14, .ofs_x = 0, .ofs_y = 0},
    {.bitmap_index = 4503, .adv_w = 62, .box_w = 6, .box_h = 14, .ofs_x = -1, .ofs_y = 0},
    {.bitmap_index = 4545, .adv_w = 62, .box_w = 4, .box_h = 13, .ofs_x = 0, .ofs_y = 0},
    {.bitmap_index = 4571, .adv_w = 162, .box_w = 11, .box_h = 11, .ofs_x = -1, .ofs_y = 0},
    {.bitmap_index = 4632, .adv_w = 162, .box_w = 8, .box_h = 13, .ofs_x = 1, .ofs_y = 0},
    {.bitmap_index = 4684, .adv_w = 174, .box_w = 11, .box_h = 14, .ofs_x = 0, .ofs_y = 0},
    {.bitmap_index = 4761, .adv_w = 174, .box_w = 11, .box_h = 14, .ofs_x = 0, .ofs_y = 0},
    {.bitmap_index = 4838, .adv_w = 174, .box_w = 11, .box_h = 14, .ofs_x = 0, .ofs_y = 0},
    {.bitmap_index = 4915, .adv_w = 174, .box_w = 11, .box_h = 13, .ofs_x = 0, .ofs_y = 0},
    {.bitmap_index = 4987, .adv_w = 174, .box_w = 11, .box_h = 13, .ofs_x = 0, .ofs_y = 0},
    {.bitmap_index = 5059, .adv_w = 131, .box_w = 7, .box_h = 7, .ofs_x = 1, .ofs_y = 2},
    {.bitmap_index = 5084, .adv_w = 174, .box_w = 11, .box_h = 13, .ofs_x = 0, .ofs_y = -1},
    {.bitmap_index = 5156, .adv_w = 162, .box_w = 8, .box_h = 14, .ofs_x = 1, .ofs_y = 0},
    {.bitmap_index = 5212, .adv_w = 162, .box_w = 8, .box_h = 14, .ofs_x = 1, .ofs_y = 0},
    {.bitmap_index = 5268, .adv_w = 162, .box_w = 8, .box_h = 14, .ofs_x = 1, .ofs_y = 0},
    {.bitmap_index = 5324, .adv_w = 162, .box_w = 8, .box_h = 13, .ofs_x = 1, .ofs_y = 0},
    {.bitmap_index = 5376, .adv_w = 149, .box_w = 10, .box_h = 14, .ofs_x = 0, .ofs_y = 0},
    {.bitmap_index = 5446, .adv_w = 149, .box_w = 8, .box_h = 11, .ofs_x = 1, .ofs_y = 0},
    {.bitmap_index = 5490, .adv_w = 137, .box_w = 8, .box_h = 11, .ofs_x = 1, .ofs_y = 0},
    {.bitmap_index = 5534, .adv_w = 125, .box_w = 8, .box_h = 11, .ofs_x = 0, .ofs_y = 0},
    {.bitmap_index = 5578, .adv_w = 125, .box_w = 8, .box_h = 11, .ofs_x = 0, .ofs_y = 0},
    {.bitmap_index = 5622, .adv_w = 125, .box_w = 8, .box_h = 11, .ofs_x = 0, .ofs_y = 0},
    {.bitmap_index = 5666, .adv_w = 125, .box_w = 8, .box_h = 11, .ofs_x = 0, .ofs_y = 0},
    {.bitmap_index = 5710, .adv_w = 125, .box_w = 8, .box_h = 11, .ofs_x = 0, .ofs_y = 0},
    {.bitmap_index = 5754, .adv_w = 125, .box_w = 8, .box_h = 11, .ofs_x = 0, .ofs_y = 0},
    {.bitmap_index = 5798, .adv_w = 199, .box_w = 12, .box_h = 8, .ofs_x = 0, .ofs_y = 0},
    {.bitmap_index = 5846, .adv_w = 112, .box_w = 7, .box_h = 11, .ofs_x = 0, .ofs_y = -3},
    {.bitmap_index = 5885, .adv_w = 125, .box_w = 8, .box_h = 11, .ofs_x = 0, .ofs_y = 0},
    {.bitmap_index = 5929, .adv_w = 125, .box_w = 8, .box_h = 11, .ofs_x = 0, .ofs_y = 0},
    {.bitmap_index = 5973, .adv_w = 125, .box_w = 8, .box_h = 11, .ofs_x = 0, .ofs_y = 0},
    {.bitmap_index = 6017, .adv_w = 125, .box_w = 8, .box_h = 11, .ofs_x = 0, .ofs_y = 0},
    {.bitmap_index = 6061, .adv_w = 62, .box_w = 3, .box_h = 11, .ofs_x = 0, .ofs_y = 0},
    {.bitmap_index = 6078, .adv_w = 62, .box_w = 3, .box_h = 11, .ofs_x = 1, .ofs_y = 0},
    {.bitmap_index = 6095, .adv_w = 62, .box_w = 6, .box_h = 11, .ofs_x = -1, .ofs_y = 0},
    {.bitmap_index = 6128, .adv_w = 62, .box_w = 4, .box_h = 11, .ofs_x = 0, .ofs_y = 0},
    {.bitmap_index = 6150, .adv_w = 125, .box_w = 8, .box_h = 11, .ofs_x = 0, .ofs_y = 0},
    {.bitmap_index = 6194, .adv_w = 125, .box_w = 7, .box_h = 11, .ofs_x = 0, .ofs_y = 0},
    {.bitmap_index = 6233, .adv_w = 125, .box_w = 8, .box_h = 11, .ofs_x = 0, .ofs_y = 0},
    {.bitmap_index = 6277, .adv_w = 125, .box_w = 8, .box_h = 11, .ofs_x = 0, .ofs_y = 0},
    {.bitmap_index = 6321, .adv_w = 125, .box_w = 8, .box_h = 11, .ofs_x = 0, .ofs_y = 0},
    {.bitmap_index = 6365, .adv_w = 125, .box_w = 8, .box_h = 11, .ofs_x = 0, .ofs_y = 0},
    {.bitmap_index = 6409, .adv_w = 125, .box_w = 8, .box_h = 11, .ofs_x = 0, .ofs_y = 0},
    {.bitmap_index = 6453, .adv_w = 123, .box_w = 8, .box_h = 6, .ofs_x = 0, .ofs_y = 2},
    {.bitmap_index = 6477, .adv_w = 137, .box_w = 8, .box_h = 10, .ofs_x = 0, .ofs_y = -1},
    {.bitmap_index = 6517, .adv_w = 125, .box_w = 7, .box_h = 11, .ofs_x = 0, .ofs_y = 0},
    {.bitmap_index = 6556, .adv_w = 125, .box_w = 7, .box_h = 11, .ofs_x = 0, .ofs_y = 0},
    {.bitmap_index = 6595, .adv_w = 125, .box_w = 7, .box_h = 11, .ofs_x = 0, .ofs_y = 0},
    {.bitmap_index = 6634, .adv_w = 125, .box_w = 7, .box_h = 11, .ofs_x = 0, .ofs_y = 0},
    {.bitmap_index = 6673, .adv_w = 112, .box_w = 7, .box_h = 14, .ofs_x = 0, .ofs_y = -3},
    {.bitmap_index = 6722, .adv_w = 125, .box_w = 8, .box_h = 14, .ofs_x = 0, .ofs_y = -3},
    {.bitmap_index = 6778, .adv_w = 112, .box_w = 7, .box_h = 14, .ofs_x = 0, .ofs_y = -3},
    {.bitmap_index = 6827, .adv_w = 224, .box_w = 12, .box_h = 3, .ofs_x = 1, .ofs_y = 4},
    {.bitmap_index = 6845, .adv_w = 224, .box_w = 12, .box_h = 12, .ofs_x = 1, .ofs_y = -1},
    {.bitmap_index = 6917, .adv_w = 224, .box_w = 14, .box_h = 13, .ofs_x = 0, .ofs_y = -1},
    {.bitmap_index = 7008, .adv_w = 224, .box_w = 14, .box_h = 12, .ofs_x = 0, .ofs_y = -1},
    {.bitmap_index = 7092, .adv_w = 224, .box_w = 14, .box_h = 13, .ofs_x = 0, .ofs_y = -1},
    {.bitmap_index = 7183, .adv_w = 224, .box_w = 14, .box_h = 13, .ofs_x = 0, .ofs_y = -1},
    {.bitmap_index = 7274, .adv_w = 224, .box_w = 12, .box_h = 12, .ofs_x = 1, .ofs_y = -1},
    {.bitmap_index = 7346, .adv_w = 224, .box_w = 14, .box_h = 13, .ofs_x = 0, .ofs_y = -1},
    {.bitmap_index = 7437, .adv_w = 224, .box_w = 14, .box_h = 14, .ofs_x = 0, .ofs_y = -2},
    {.bitmap_index = 7535, .adv_w = 224, .box_w = 14, .box_h = 14, .ofs_x = 0, .ofs_y = -2},
    {.bitmap_index = 7633, .adv_w = 224, .box_w = 14, .box_h = 13, .ofs_x = 0, .ofs_y = -1},
    {.bitmap_index = 7724, .adv_w = 224, .box_w = 14, .box_h = 13, .ofs_x = 0, .ofs_y = -1},
    {.bitmap_index = 7815, .adv_w = 224, .box_w = 14, .box_h = 14, .ofs_x = 0, .ofs_y = -2},
    {.bitmap_index = 7913, .adv_w = 224, .box_w = 14, .box_h = 12, .ofs_x = 0, .ofs_y = -1},
    {.bitmap_index = 7997, .adv_w = 224, .box_w = 14, .box_h = 14, .ofs_x = 0, .ofs_y = -2},
    {.bitmap_index = 8095, .adv_w = 224, .box_w = 14, .box_h = 13, .ofs_x = 0, .ofs_y = -1},
    {.bitmap_index = 8186, .adv_w = 224, .box_w = 14, .box_h = 14, .ofs_x = 0, .ofs_y = -2},
    {.bitmap_index = 8284, .adv_w = 224, .box_w = 14, .box_h = 14, .ofs_x = 0, .ofs_y = -2},
    {.bitmap_index = 8382, .adv_w = 224, .box_w = 14, .box_h = 14, .ofs_x = 0, .ofs_y = -2},
    {.bitmap_index = 8480, .adv_w = 224, .box_w = 14, .box_h = 13, .ofs_x = 0, .ofs_y = -2},
    {.bitmap_index = 8571, .adv_w = 224, .box_w = 14, .box_h = 14, .ofs_x = 0, .ofs_y = -2},
    {.bitmap_index = 8669, .adv_w = 224, .box_w = 14, .box_h = 14, .ofs_x = 0, .ofs_y = -2},
    {.bitmap_index = 8767, .adv_w = 224, .box_w = 13, .box_h = 14, .ofs_x = 0, .ofs_y = -2},
    {.bitmap_index = 8858, .adv_w = 224, .box_w = 12, .box_h = 13, .ofs_x = 1, .ofs_y = -2},
    {.bitmap_index = 8936, .adv_w = 224, .box_w = 14, .box_h = 14, .ofs_x = 0, .ofs_y = -2},
    {.bitmap_index = 9034, .adv_w = 224, .box_w = 12, .box_h = 12, .ofs_x = 1, .ofs_y = -1},
    {.bitmap_index = 9106, .adv_w = 224, .box_w = 14, .box_h = 14, .ofs_x = 0, .ofs_y = -2},
    {.bitmap_index = 9204, .adv_w = 224, .box_w = 14, .box_h = 13, .ofs_x = 0, .ofs_y = -2},
    {.bitmap_index = 9295, .adv_w = 224, .box_w = 14, .box_h = 13, .ofs_x = 0, .ofs_y = -2},
    {.bitmap_index = 9386, .adv_w = 224, .box_w = 14, .box_h = 13, .ofs_x = 0, .ofs_y = -2},
    {.bitmap_index = 9477, .adv_w = 224, .box_w = 14, .box_h = 13, .ofs_x = 0, .ofs_y = -2},
    {.bitmap_index = 9568, .adv_w = 224, .box_w = 14, .box_h = 14, .ofs_x = 0, .ofs_y = -2},
    {.bitmap_index = 9666, .adv_w = 224, .box_w = 13, .box_h = 13, .ofs_x = 0, .ofs_y = -2},
    {.bitmap_index = 9751, .adv_w = 224, .box_w = 14, .box_h = 13, .ofs_x = 0, .ofs_y = -2},
    {.bitmap_index = 9842, .adv_w = 224, .box_w = 13, .box_h = 13, .ofs_x = 0, .ofs_y = -2},
    {.bitmap_index = 9927, .adv_w = 224, .box_w = 14, .box_h = 14, .ofs_x = 0, .ofs_y = -2},
    {.bitmap_index = 10025, .adv_w = 224, .box_w = 14, .box_h = 14, .ofs_x = 0, .ofs_y = -2},
    {.bitmap_index = 10123, .adv_w = 224, .box_w = 14, .box_h = 14, .ofs_x = 0, .ofs_y = -2},
    {.bitmap_index = 10221, .adv_w = 224, .box_w = 14, .box_h = 14, .ofs_x = 0, .ofs_y = -2},
    {.bitmap_index = 10319, .adv_w = 224, .box_w = 13, .box_h = 13, .ofs_x = 1, .ofs_y = -1},
    {.bitmap_index = 10404, .adv_w = 224, .box_w = 12, .box_h = 12, .ofs_x = 1, .ofs_y = -1},
    {.bitmap_index = 10476, .adv_w = 224, .box_w = 12, .box_h = 12, .ofs_x = 1, .ofs_y = -1},
    {.bitmap_index = 10548, .adv_w = 224, .box_w = 14, .box_h = 12, .ofs_x = 0, .ofs_y = -1},
    {.bitmap_index = 10632, .adv_w = 224, .box_w = 13, .box_h = 14, .ofs_x = 0, .ofs_y = -2},
    {.bitmap_index = 10723, .adv_w = 224, .box_w = 14, .box_h = 14, .ofs_x = 0, .ofs_y = -2},
    {.bitmap_index = 10821, .adv_w = 224, .box_w = 14, .box_h = 13, .ofs_x = 0, .ofs_y = -1},
    {.bitmap_index = 10912, .adv_w = 224, .box_w = 10, .box_h = 11, .ofs_x = 2, .ofs_y = -1},
    {.bitmap_index = 10967, .adv_w = 224, .box_w = 14, .box_h = 13, .ofs_x = 0, .ofs_y = -2},
    {.bitmap_index = 11058, .adv_w = 224, .box_w = 13, .box_h = 14, .ofs_x = 0, .ofs_y = -2},
    {.bitmap_index = 11149, .adv_w = 224, .box_w = 13, .box_h = 13, .ofs_x = 0, .ofs_y = -1},
    {.bitmap_index = 11234, .adv_w = 224, .box_w = 13, .box_h = 12, .ofs_x = 0, .ofs_y = -1},
    {.bitmap_index = 11312, .adv_w = 224, .box_w = 14, .box_h = 14, .ofs_x = 0, .ofs_y = -2},
    {.bitmap_index = 11410, .adv_w = 224, .box_w = 14, .box_h = 12, .ofs_x = 0, .ofs_y = -1},
    {.bitmap_index = 11494, .adv_w = 224, .box_w = 14, .box_h = 13, .ofs_x = 0, .ofs_y = -2},
    {.bitmap_index = 11585, .adv_w = 224, .box_w = 13, .box_h = 14, .ofs_x = 1, .ofs_y = -2},
    {.bitmap_index = 11676, .adv_w = 224, .box_w = 13, .box_h = 13, .ofs_x = 1, .ofs_y = -2},
    {.bitmap_index = 11761, .adv_w = 224, .box_w = 12, .box_h = 12, .ofs_x = 1, .ofs_y = -1},
    {.bitmap_index = 11833, .adv_w = 224, .box_w = 14, .box_h = 13, .ofs_x = 0, .ofs_y = -1},
    {.bitmap_index = 11924, .adv_w = 224, .box_w = 14, .box_h = 13, .ofs_x = 0, .ofs_y = -1},
    {.bitmap_index = 12015, .adv_w = 224, .box_w = 14, .box_h = 12, .ofs_x = 0, .ofs_y = -1},
    {.bitmap_index = 12099, .adv_w = 224, .box_w = 14, .box_h = 14, .ofs_x = 0, .ofs_y = -2},
    {.bitmap_index = 12197, .adv_w = 224, .box_w = 14, .box_h = 13, .ofs_x = 0, .ofs_y = -1},
    {.bitmap_index = 12288, .adv_w = 224, .box_w = 14, .box_h = 14, .ofs_x = 0, .ofs_y = -2},
    {.bitmap_index = 12386, .adv_w = 224, .box_w = 14, .box_h = 13, .ofs_x = 0, .ofs_y = -2},
    {.bitmap_index = 12477, .adv_w = 224, .box_w = 14, .box_h = 14, .ofs_x = 0, .ofs_y = -2},
    {.bitmap_index = 12575, .adv_w = 224, .box_w = 14, .box_h = 13, .ofs_x = 0, .ofs_y = -1},
    {.bitmap_index = 12666, .adv_w = 224, .box_w = 14, .box_h = 14, .ofs_x = 0, .ofs_y = -2},
    {.bitmap_index = 12764, .adv_w = 224, .box_w = 14, .box_h = 14, .ofs_x = 0, .ofs_y = -2},
    {.bitmap_index = 12862, .adv_w = 224, .box_w = 14, .box_h = 13, .ofs_x = 0, .ofs_y = -1},
    {.bitmap_index = 12953, .adv_w = 224, .box_w = 13, .box_h = 14, .ofs_x = 0, .ofs_y = -2},
    {.bitmap_index = 13044, .adv_w = 224, .box_w = 14, .box_h = 14, .ofs_x = 0, .ofs_y = -2},
    {.bitmap_index = 13142, .adv_w = 224, .box_w = 13, .box_h = 13, .ofs_x = 0, .ofs_y = -1},
    {.bitmap_index = 13227, .adv_w = 224, .box_w = 13, .box_h = 13, .ofs_x = 1, .ofs_y = -2},
    {.bitmap_index = 13312, .adv_w = 224, .box_w = 13, .box_h = 13, .ofs_x = 0, .ofs_y = -2},
    {.bitmap_index = 13397, .adv_w = 224, .box_w = 12, .box_h = 12, .ofs_x = 1, .ofs_y = -1},
    {.bitmap_index = 13469, .adv_w = 224, .box_w = 12, .box_h = 12, .ofs_x = 1, .ofs_y = -1},
    {.bitmap_index = 13541, .adv_w = 224, .box_w = 13, .box_h = 14, .ofs_x = 0, .ofs_y = -2},
    {.bitmap_index = 13632, .adv_w = 224, .box_w = 14, .box_h = 13, .ofs_x = 0, .ofs_y = -1},
    {.bitmap_index = 13723, .adv_w = 224, .box_w = 14, .box_h = 14, .ofs_x = 0, .ofs_y = -2},
    {.bitmap_index = 13821, .adv_w = 224, .box_w = 14, .box_h = 13, .ofs_x = 0, .ofs_y = -1},
    {.bitmap_index = 13912, .adv_w = 224, .box_w = 13, .box_h = 13, .ofs_x = 1, .ofs_y = -2},
    {.bitmap_index = 13997, .adv_w = 224, .box_w = 13, .box_h = 13, .ofs_x = 0, .ofs_y = -2},
    {.bitmap_index = 14082, .adv_w = 224, .box_w = 14, .box_h = 12, .ofs_x = 0, .ofs_y = -1},
    {.bitmap_index = 14166, .adv_w = 224, .box_w = 14, .box_h = 14, .ofs_x = 0, .ofs_y = -2},
    {.bitmap_index = 14264, .adv_w = 224, .box_w = 14, .box_h = 13, .ofs_x = 0, .ofs_y = -1},
    {.bitmap_index = 14355, .adv_w = 224, .box_w = 14, .box_h = 13, .ofs_x = 0, .ofs_y = -1},
    {.bitmap_index = 14446, .adv_w = 224, .box_w = 14, .box_h = 13, .ofs_x = 0, .ofs_y = -1},
    {.bitmap_index = 14537, .adv_w = 224, .box_w = 14, .box_h = 12, .ofs_x = 0, .ofs_y = -1},
    {.bitmap_index = 14621, .adv_w = 224, .box_w = 14, .box_h = 13, .ofs_x = 0, .ofs_y = -1},
    {.bitmap_index = 14712, .adv_w = 224, .box_w = 14, .box_h = 14, .ofs_x = 0, .ofs_y = -2},
    {.bitmap_index = 14810, .adv_w = 224, .box_w = 13, .box_h = 14, .ofs_x = 1, .ofs_y = -2},
    {.bitmap_index = 14901, .adv_w = 224, .box_w = 13, .box_h = 14, .ofs_x = 0, .ofs_y = -2},
    {.bitmap_index = 14992, .adv_w = 224, .box_w = 14, .box_h = 13, .ofs_x = 0, .ofs_y = -2},
    {.bitmap_index = 15083, .adv_w = 224, .box_w = 13, .box_h = 13, .ofs_x = 0, .ofs_y = -2},
    {.bitmap_index = 15168, .adv_w = 224, .box_w = 14, .box_h = 13, .ofs_x = 0, .ofs_y = -1},
    {.bitmap_index = 15259, .adv_w = 224, .box_w = 14, .box_h = 12, .ofs_x = 0, .ofs_y = -1},
    {.bitmap_index = 15343, .adv_w = 224, .box_w = 14, .box_h = 13, .ofs_x = 0, .ofs_y = -1},
    {.bitmap_index = 15434, .adv_w = 224, .box_w = 14, .box_h = 13, .ofs_x = 0, .ofs_y = -2},
    {.bitmap_index = 15525, .adv_w = 224, .box_w = 14, .box_h = 14, .ofs_x = 0, .ofs_y = -2},
    {.bitmap_index = 15623, .adv_w = 224, .box_w = 14, .box_h = 14, .ofs_x = 0, .ofs_y = -2},
    {.bitmap_index = 15721, .adv_w = 224, .box_w = 13, .box_h = 14, .ofs_x = 0, .ofs_y = -2},
    {.bitmap_index = 15812, .adv_w = 224, .box_w = 14, .box_h = 13, .ofs_x = 0, .ofs_y = -2},
    {.bitmap_index = 15903, .adv_w = 224, .box_w = 14, .box_h = 14, .ofs_x = 0, .ofs_y = -2},
    {.bitmap_index = 16001, .adv_w = 224, .box_w = 14, .box_h = 14, .ofs_x = 0, .ofs_y = -2},
    {.bitmap_index = 16099, .adv_w = 224, .box_w = 14, .box_h = 14, .ofs_x = 0, .ofs_y = -2},
    {.bitmap_index = 16197, .adv_w = 224, .box_w = 14, .box_h = 14, .ofs_x = 0, .ofs_y = -2},
    {.bitmap_index = 16295, .adv_w = 224, .box_w = 14, .box_h = 14, .ofs_x = 0, .ofs_y = -2},
    {.bitmap_index = 16393, .adv_w = 224, .box_w = 14, .box_h = 12, .ofs_x = 0, .ofs_y = -1},
    {.bitmap_index = 16477, .adv_w = 224, .box_w = 14, .box_h = 14, .ofs_x = 0, .ofs_y = -2},
    {.bitmap_index = 16575, .adv_w = 224, .box_w = 13, .box_h = 14, .ofs_x = 0, .ofs_y = -2},
    {.bitmap_index = 16666, .adv_w = 224, .box_w = 14, .box_h = 13, .ofs_x = 0, .ofs_y = -2},
    {.bitmap_index = 16757, .adv_w = 224, .box_w = 13, .box_h = 13, .ofs_x = 1, .ofs_y = -2},
    {.bitmap_index = 16842, .adv_w = 224, .box_w = 14, .box_h = 13, .ofs_x = 0, .ofs_y = -2},
    {.bitmap_index = 16933, .adv_w = 224, .box_w = 12, .box_h = 13, .ofs_x = 1, .ofs_y = -1},
    {.bitmap_index = 17011, .adv_w = 224, .box_w = 14, .box_h = 12, .ofs_x = 0, .ofs_y = -1},
    {.bitmap_index = 17095, .adv_w = 224, .box_w = 14, .box_h = 14, .ofs_x = 0, .ofs_y = -2},
    {.bitmap_index = 17193, .adv_w = 224, .box_w = 14, .box_h = 12, .ofs_x = 0, .ofs_y = -1},
    {.bitmap_index = 17277, .adv_w = 224, .box_w = 14, .box_h = 12, .ofs_x = 0, .ofs_y = -1},
    {.bitmap_index = 17361, .adv_w = 224, .box_w = 14, .box_h = 13, .ofs_x = 0, .ofs_y = -2},
    {.bitmap_index = 17452, .adv_w = 224, .box_w = 14, .box_h = 12, .ofs_x = 0, .ofs_y = -1},
    {.bitmap_index = 17536, .adv_w = 224, .box_w = 14, .box_h = 12, .ofs_x = 0, .ofs_y = -1},
    {.bitmap_index = 17620, .adv_w = 224, .box_w = 14, .box_h = 13, .ofs_x = 0, .ofs_y = -1},
    {.bitmap_index = 17711, .adv_w = 224, .box_w = 14, .box_h = 13, .ofs_x = 0, .ofs_y = -1},
    {.bitmap_index = 17802, .adv_w = 224, .box_w = 14, .box_h = 14, .ofs_x = 0, .ofs_y = -2},
    {.bitmap_index = 17900, .adv_w = 224, .box_w = 14, .box_h = 13, .ofs_x = 0, .ofs_y = -2},
    {.bitmap_index = 17991, .adv_w = 224, .box_w = 14, .box_h = 13, .ofs_x = 0, .ofs_y = -2},
    {.bitmap_index = 18082, .adv_w = 224, .box_w = 14, .box_h = 13, .ofs_x = 0, .ofs_y = -2},
    {.bitmap_index = 18173, .adv_w = 224, .box_w = 14, .box_h = 12, .ofs_x = 0, .ofs_y = -1},
    {.bitmap_index = 18257, .adv_w = 224, .box_w = 13, .box_h = 12, .ofs_x = 0, .ofs_y = -1},
    {.bitmap_index = 18335, .adv_w = 224, .box_w = 13, .box_h = 13, .ofs_x = 0, .ofs_y = -1},
    {.bitmap_index = 18420, .adv_w = 224, .box_w = 14, .box_h = 14, .ofs_x = 0, .ofs_y = -2},
    {.bitmap_index = 18518, .adv_w = 224, .box_w = 14, .box_h = 14, .ofs_x = 0, .ofs_y = -2},
    {.bitmap_index = 18616, .adv_w = 224, .box_w = 14, .box_h = 14, .ofs_x = 0, .ofs_y = -2},
    {.bitmap_index = 18714, .adv_w = 224, .box_w = 14, .box_h = 13, .ofs_x = 0, .ofs_y = -2},
    {.bitmap_index = 18805, .adv_w = 224, .box_w = 14, .box_h = 13, .ofs_x = 0, .ofs_y = -2},
    {.bitmap_index = 18896, .adv_w = 224, .box_w = 14, .box_h = 14, .ofs_x = 0, .ofs_y = -2},
    {.bitmap_index = 18994, .adv_w = 224, .box_w = 14, .box_h = 14, .ofs_x = 0, .ofs_y = -2},
    {.bitmap_index = 19092, .adv_w = 224, .box_w = 14, .box_h = 13, .ofs_x = 0, .ofs_y = -2},
    {.bitmap_index = 19183, .adv_w = 224, .box_w = 14, .box_h = 14, .ofs_x = 0, .ofs_y = -2},
    {.bitmap_index = 19281, .adv_w = 224, .box_w = 14, .box_h = 14, .ofs_x = 0, .ofs_y = -2},
    {.bitmap_index = 19379, .adv_w = 224, .box_w = 14, .box_h = 14, .ofs_x = 0, .ofs_y = -2},
    {.bitmap_index = 19477, .adv_w = 224, .box_w = 14, .box_h = 14, .ofs_x = 0, .ofs_y = -2},
    {.bitmap_index = 19575, .adv_w = 224, .box_w = 14, .box_h = 13, .ofs_x = 0, .ofs_y = -2},
    {.bitmap_index = 19666, .adv_w = 224, .box_w = 14, .box_h = 12, .ofs_x = 0, .ofs_y = -1},
    {.bitmap_index = 19750, .adv_w = 224, .box_w = 14, .box_h = 12, .ofs_x = 0, .ofs_y = -1},
    {.bitmap_index = 19834, .adv_w = 224, .box_w = 14, .box_h = 13, .ofs_x = 0, .ofs_y = -2},
    {.bitmap_index = 19925, .adv_w = 224, .box_w = 14, .box_h = 13, .ofs_x = 0, .ofs_y = -2},
    {.bitmap_index = 20016, .adv_w = 224, .box_w = 12, .box_h = 12, .ofs_x = 0, .ofs_y = -1},
    {.bitmap_index = 20088, .adv_w = 224, .box_w = 13, .box_h = 13, .ofs_x = 1, .ofs_y = -1},
    {.bitmap_index = 20173, .adv_w = 224, .box_w = 14, .box_h = 13, .ofs_x = 0, .ofs_y = -2},
    {.bitmap_index = 20264, .adv_w = 224, .box_w = 14, .box_h = 14, .ofs_x = 0, .ofs_y = -2},
    {.bitmap_index = 20362, .adv_w = 224, .box_w = 12, .box_h = 14, .ofs_x = 1, .ofs_y = -2},
    {.bitmap_index = 20446, .adv_w = 224, .box_w = 10, .box_h = 12, .ofs_x = 2, .ofs_y = -1},
    {.bitmap_index = 20506, .adv_w = 224, .box_w = 14, .box_h = 14, .ofs_x = 0, .ofs_y = -2},
    {.bitmap_index = 20604, .adv_w = 224, .box_w = 13, .box_h = 14, .ofs_x = 0, .ofs_y = -2},
    {.bitmap_index = 20695, .adv_w = 224, .box_w = 14, .box_h = 13, .ofs_x = 0, .ofs_y = -1},
    {.bitmap_index = 20786, .adv_w = 224, .box_w = 14, .box_h = 14, .ofs_x = 0, .ofs_y = -2},
    {.bitmap_index = 20884, .adv_w = 224, .box_w = 13, .box_h = 14, .ofs_x = 1, .ofs_y = -2},
    {.bitmap_index = 20975, .adv_w = 224, .box_w = 14, .box_h = 12, .ofs_x = 0, .ofs_y = -1},
    {.bitmap_index = 21059, .adv_w = 224, .box_w = 14, .box_h = 14, .ofs_x = 0, .ofs_y = -2},
    {.bitmap_index = 21157, .adv_w = 224, .box_w = 14, .box_h = 14, .ofs_x = 0, .ofs_y = -2},
    {.bitmap_index = 21255, .adv_w = 224, .box_w = 14, .box_h = 14, .ofs_x = 0, .ofs_y = -2},
    {.bitmap_index = 21353, .adv_w = 224, .box_w = 14, .box_h = 13, .ofs_x = 0, .ofs_y = -1},
    {.bitmap_index = 21444, .adv_w = 224, .box_w = 14, .box_h = 13, .ofs_x = 0, .ofs_y = -2},
    {.bitmap_index = 21535, .adv_w = 224, .box_w = 13, .box_h = 14, .ofs_x = 0, .ofs_y = -2},
    {.bitmap_index = 21626, .adv_w = 224, .box_w = 14, .box_h = 14, .ofs_x = 0, .ofs_y = -2},
    {.bitmap_index = 21724, .adv_w = 224, .box_w = 14, .box_h = 14, .ofs_x = 0, .ofs_y = -2},
    {.bitmap_index = 21822, .adv_w = 224, .box_w = 14, .box_h = 14, .ofs_x = 0, .ofs_y = -2},
    {.bitmap_index = 21920, .adv_w = 224, .box_w = 14, .box_h = 14, .ofs_x = 0, .ofs_y = -2},
    {.bitmap_index = 22018, .adv_w = 224, .box_w = 14, .box_h = 13, .ofs_x = 0, .ofs_y = -2},
    {.bitmap_index = 22109, .adv_w = 224, .box_w = 14, .box_h = 14, .ofs_x = 0, .ofs_y = -2},
    {.bitmap_index = 22207, .adv_w = 224, .box_w = 14, .box_h = 14, .ofs_x = 0, .ofs_y = -2},
    {.bitmap_index = 22305, .adv_w = 224, .box_w = 14, .box_h = 13, .ofs_x = 0, .ofs_y = -1},
    {.bitmap_index = 22396, .adv_w = 224, .box_w = 14, .box_h = 13, .ofs_x = 0, .ofs_y = -2},
    {.bitmap_index = 22487, .adv_w = 224, .box_w = 13, .box_h = 12, .ofs_x = 0, .ofs_y = -1},
    {.bitmap_index = 22565, .adv_w = 224, .box_w = 14, .box_h = 12, .ofs_x = 0, .ofs_y = -1},
    {.bitmap_index = 22649, .adv_w = 224, .box_w = 14, .box_h = 12, .ofs_x = 0, .ofs_y = -1},
    {.bitmap_index = 22733, .adv_w = 224, .box_w = 10, .box_h = 13, .ofs_x = 2, .ofs_y = -1},
    {.bitmap_index = 22798, .adv_w = 224, .box_w = 14, .box_h = 14, .ofs_x = 0, .ofs_y = -2},
    {.bitmap_index = 22896, .adv_w = 224, .box_w = 14, .box_h = 14, .ofs_x = 0, .ofs_y = -2},
    {.bitmap_index = 22994, .adv_w = 224, .box_w = 14, .box_h = 13, .ofs_x = 0, .ofs_y = -1},
    {.bitmap_index = 23085, .adv_w = 224, .box_w = 14, .box_h = 13, .ofs_x = 0, .ofs_y = -2},
    {.bitmap_index = 23176, .adv_w = 224, .box_w = 14, .box_h = 14, .ofs_x = 0, .ofs_y = -2},
    {.bitmap_index = 23274, .adv_w = 224, .box_w = 12, .box_h = 13, .ofs_x = 1, .ofs_y = -1},
    {.bitmap_index = 23352, .adv_w = 224, .box_w = 14, .box_h = 14, .ofs_x = 0, .ofs_y = -2},
    {.bitmap_index = 23450, .adv_w = 224, .box_w = 14, .box_h = 14, .ofs_x = 0, .ofs_y = -2},
    {.bitmap_index = 23548, .adv_w = 224, .box_w = 14, .box_h = 13, .ofs_x = 0, .ofs_y = -1},
    {.bitmap_index = 23639, .adv_w = 224, .box_w = 14, .box_h = 13, .ofs_x = 0, .ofs_y = -1},
    {.bitmap_index = 23730, .adv_w = 224, .box_w = 14, .box_h = 14, .ofs_x = 0, .ofs_y = -2},
    {.bitmap_index = 23828, .adv_w = 224, .box_w = 14, .box_h = 14, .ofs_x = 0, .ofs_y = -2},
    {.bitmap_index = 23926, .adv_w = 224, .box_w = 14, .box_h = 13, .ofs_x = 0, .ofs_y = -2},
    {.bitmap_index = 24017, .adv_w = 224, .box_w = 14, .box_h = 14, .ofs_x = 0, .ofs_y = -2},
    {.bitmap_index = 24115, .adv_w = 224, .box_w = 14, .box_h = 14, .ofs_x = 0, .ofs_y = -2},
    {.bitmap_index = 24213, .adv_w = 224, .box_w = 13, .box_h = 14, .ofs_x = 0, .ofs_y = -2},
    {.bitmap_index = 24304, .adv_w = 224, .box_w = 14, .box_h = 13, .ofs_x = 0, .ofs_y = -1},
    {.bitmap_index = 24395, .adv_w = 224, .box_w = 14, .box_h = 14, .ofs_x = 0, .ofs_y = -2},
    {.bitmap_index = 24493, .adv_w = 224, .box_w = 14, .box_h = 13, .ofs_x = 0, .ofs_y = -2},
    {.bitmap_index = 24584, .adv_w = 224, .box_w = 14, .box_h = 14, .ofs_x = 0, .ofs_y = -2},
    {.bitmap_index = 24682, .adv_w = 224, .box_w = 14, .box_h = 13, .ofs_x = 0, .ofs_y = -1},
    {.bitmap_index = 24773, .adv_w = 224, .box_w = 14, .box_h = 14, .ofs_x = 0, .ofs_y = -2},
    {.bitmap_index = 24871, .adv_w = 224, .box_w = 14, .box_h = 14, .ofs_x = 0, .ofs_y = -2},
    {.bitmap_index = 24969, .adv_w = 224, .box_w = 14, .box_h = 14, .ofs_x = 0, .ofs_y = -2},
    {.bitmap_index = 25067, .adv_w = 224, .box_w = 14, .box_h = 14, .ofs_x = 0, .ofs_y = -2},
    {.bitmap_index = 25165, .adv_w = 224, .box_w = 14, .box_h = 14, .ofs_x = 0, .ofs_y = -2},
    {.bitmap_index = 25263, .adv_w = 224, .box_w = 14, .box_h = 13, .ofs_x = 0, .ofs_y = -2},
    {.bitmap_index = 25354, .adv_w = 224, .box_w = 14, .box_h = 13, .ofs_x = 0, .ofs_y = -2},
    {.bitmap_index = 25445, .adv_w = 224, .box_w = 14, .box_h = 13, .ofs_x = 0, .ofs_y = -1},
    {.bitmap_index = 25536, .adv_w = 224, .box_w = 14, .box_h = 13, .ofs_x = 0, .ofs_y = -2},
    {.bitmap_index = 25627, .adv_w = 224, .box_w = 14, .box_h = 14, .ofs_x = 0, .ofs_y = -2},
    {.bitmap_index = 25725, .adv_w = 224, .box_w = 14, .box_h = 12, .ofs_x = 0, .ofs_y = -1},
    {.bitmap_index = 25809, .adv_w = 224, .box_w = 14, .box_h = 13, .ofs_x = 0, .ofs_y = -1},
    {.bitmap_index = 25900, .adv_w = 224, .box_w = 14, .box_h = 14, .ofs_x = 0, .ofs_y = -2},
    {.bitmap_index = 25998, .adv_w = 224, .box_w = 14, .box_h = 14, .ofs_x = 0, .ofs_y = -2},
    {.bitmap_index = 26096, .adv_w = 224, .box_w = 14, .box_h = 12, .ofs_x = 0, .ofs_y = -1},
    {.bitmap_index = 26180, .adv_w = 224, .box_w = 14, .box_h = 13, .ofs_x = 0, .ofs_y = -1},
    {.bitmap_index = 26271, .adv_w = 224, .box_w = 14, .box_h = 14, .ofs_x = 0, .ofs_y = -2},
    {.bitmap_index = 26369, .adv_w = 224, .box_w = 13, .box_h = 13, .ofs_x = 1, .ofs_y = -1},
    {.bitmap_index = 26454, .adv_w = 224, .box_w = 14, .box_h = 13, .ofs_x = 0, .ofs_y = -1},
    {.bitmap_index = 26545, .adv_w = 224, .box_w = 14, .box_h = 14, .ofs_x = 0, .ofs_y = -2},
    {.bitmap_index = 26643, .adv_w = 224, .box_w = 13, .box_h = 12, .ofs_x = 0, .ofs_y = -1},
    {.bitmap_index = 26721, .adv_w = 224, .box_w = 14, .box_h = 13, .ofs_x = 0, .ofs_y = -1},
    {.bitmap_index = 26812, .adv_w = 224, .box_w = 13, .box_h = 12, .ofs_x = 1, .ofs_y = -1},
    {.bitmap_index = 26890, .adv_w = 224, .box_w = 13, .box_h = 12, .ofs_x = 1, .ofs_y = -1},
    {.bitmap_index = 26968, .adv_w = 224, .box_w = 12, .box_h = 12, .ofs_x = 1, .ofs_y = -1},
    {.bitmap_index = 27040, .adv_w = 224, .box_w = 12, .box_h = 14, .ofs_x = 1, .ofs_y = -2},
    {.bitmap_index = 27124, .adv_w = 224, .box_w = 12, .box_h = 14, .ofs_x = 1, .ofs_y = -2},
    {.bitmap_index = 27208, .adv_w = 224, .box_w = 13, .box_h = 14, .ofs_x = 1, .ofs_y = -2},
    {.bitmap_index = 27299, .adv_w = 224, .box_w = 14, .box_h = 13, .ofs_x = 0, .ofs_y = -1},
    {.bitmap_index = 27390, .adv_w = 224, .box_w = 13, .box_h = 14, .ofs_x = 0, .ofs_y = -2},
    {.bitmap_index = 27481, .adv_w = 224, .box_w = 14, .box_h = 14, .ofs_x = 0, .ofs_y = -2},
    {.bitmap_index = 27579, .adv_w = 224, .box_w = 14, .box_h = 14, .ofs_x = 0, .ofs_y = -2},
    {.bitmap_index = 27677, .adv_w = 224, .box_w = 14, .box_h = 14, .ofs_x = 0, .ofs_y = -2},
    {.bitmap_index = 27775, .adv_w = 224, .box_w = 14, .box_h = 14, .ofs_x = 0, .ofs_y = -2},
    {.bitmap_index = 27873, .adv_w = 224, .box_w = 14, .box_h = 13, .ofs_x = 0, .ofs_y = -2},
    {.bitmap_index = 27964, .adv_w = 224, .box_w = 5, .box_h = 13, .ofs_x = 8, .ofs_y = -1},
    {.bitmap_index = 27997, .adv_w = 224, .box_w = 5, .box_h = 13, .ofs_x = 1, .ofs_y = -1},
    {.bitmap_index = 28030, .adv_w = 224, .box_w = 3, .box_h = 6, .ofs_x = 1, .ofs_y = -3},
    {.bitmap_index = 28039, .adv_w = 224, .box_w = 6, .box_h = 11, .ofs_x = 2, .ofs_y = 0}
};

/*---------------------
 *  CHARACTER MAPPING
 *--------------------*/

static const uint16_t unicode_list_2[] = {
    0x0, 0x23f, 0x2de4, 0x2de5, 0x2de7, 0x2e00, 0x2e07, 0x2e15,
    0x2ebe, 0x2ed0, 0x2ed5, 0x2f27, 0x2f28, 0x2f2d, 0x2f33, 0x2fb7,
    0x3036, 0x310c, 0x3122, 0x3123, 0x313f, 0x3142, 0x314d, 0x3173,
    0x3191, 0x31d4, 0x31e0, 0x31e1, 0x31f1, 0x31fa, 0x3204, 0x320a,
    0x3210, 0x3243, 0x327a, 0x327b, 0x3282, 0x32af, 0x32b3, 0x332f,
    0x334a, 0x334d, 0x334e, 0x3355, 0x33ab, 0x33b0, 0x33bd, 0x33c9,
    0x33e7, 0x3409, 0x3466, 0x3539, 0x3588, 0x3591, 0x360e, 0x364e,
    0x36b8, 0x3702, 0x370a, 0x371a, 0x37b9, 0x37ba, 0x3845, 0x390b,
    0x39a5, 0x3b32, 0x3b66, 0x3b74, 0x3ba0, 0x3bc5, 0x3be0, 0x3be1,
    0x3be9, 0x3c29, 0x3dcc, 0x3e12, 0x3e50, 0x3e64, 0x3e80, 0x3eda,
    0x3edc, 0x3f2c, 0x3f5f, 0x3f71, 0x3fdb, 0x3fff, 0x4049, 0x409f,
    0x4125, 0x41ea, 0x41f0, 0x421a, 0x422d, 0x4245, 0x4297, 0x42e1,
    0x42fe, 0x433c, 0x435d, 0x437f, 0x4381, 0x43a9, 0x43b5, 0x44ba,
    0x4518, 0x4531, 0x4561, 0x4573, 0x458a, 0x4593, 0x45ba, 0x45d0,
    0x461c, 0x465c, 0x4685, 0x46e3, 0x4704, 0x4706, 0x4714, 0x47bf,
    0x47e1, 0x4822, 0x489a, 0x49f3, 0x4a39, 0x4a6e, 0x4a7c, 0x4b3c,
    0x4b3d, 0x4b52, 0x4c12, 0x4c6c, 0x4c7b, 0x4caf, 0x4d62, 0x4e03,
    0x4e85, 0x5093, 0x50c7, 0x50fb, 0x515e, 0x518b, 0x5222, 0x5290,
    0x529a, 0x538a, 0x53d8, 0x5502, 0x5533, 0x554a, 0x5656, 0x565e,
    0x56c8, 0x57db, 0x5848, 0x5894, 0x5896, 0x5995, 0x59ac, 0x59d5,
    0x5a0b, 0x5a54, 0x5aa5, 0x5ac9, 0x5b5a, 0x5d8c, 0x5db4, 0x5e1b,
    0x5e56, 0x5e66, 0x5e99, 0x5eb6, 0x5ec1, 0x5ec7, 0x5f2b, 0x5f48,
    0x60a6, 0x61c4, 0x61e1, 0x6391, 0x63b6, 0x6842, 0x689f, 0x69da,
    0x6a07, 0x6a40, 0x6a4d, 0x6a67, 0x6a78, 0x6a7e, 0x6aa5, 0x6b7e,
    0x6b98, 0x6baf, 0x6bc0, 0x6bc7, 0x6bd1, 0x6cff, 0x6d5f, 0x6dc9,
    0x6ed2, 0x6ee3, 0x6f4e, 0x6f57, 0x6fa1, 0x6faa, 0x6fb8, 0x6fda,
    0x6fdb, 0x6ffd, 0x700c, 0x7018, 0x7028, 0x7052, 0x70c2, 0x7127,
    0x71a7, 0x7309, 0x73f2, 0x7479, 0x74f3, 0x7563, 0x7565, 0x75b6,
    0x75c7, 0x75cc, 0x763e, 0x76bc, 0x76da, 0x7826, 0x7872, 0x78f2,
    0x7aae, 0x7eb8, 0xdee2, 0xdee3, 0xdee6, 0xdef9
};

/*Collect the unicode lists and glyph_id offsets*/
static const lv_font_fmt_txt_cmap_t cmaps[] =
{
    {
        .range_start = 32, .range_length = 95, .glyph_id_start = 1,
        .unicode_list = NULL, .glyph_id_ofs_list = NULL, .list_length = 0, .type = LV_FONT_FMT_TXT_CMAP_FORMAT0_TINY
    },
    {
        .range_start = 160, .range_length = 96, .glyph_id_start = 96,
        .unicode_list = NULL, .glyph_id_ofs_list = NULL, .list_length = 0, .type = LV_FONT_FMT_TXT_CMAP_FORMAT0_TINY
    },
    {
        .range_start = 8230, .range_length = 57082, .glyph_id_start = 192,
        .unicode_list = unicode_list_2, .glyph_id_ofs_list = NULL, .list_length = 238, .type = LV_FONT_FMT_TXT_CMAP_SPARSE_TINY
    }
};



/*--------------------
 *  ALL CUSTOM DATA
 *--------------------*/

#if LVGL_VERSION_MAJOR == 8
/*Store all the custom data of the font*/
static  lv_font_fmt_txt_glyph_cache_t cache;
#endif

#if LVGL_VERSION_MAJOR >= 8
static const lv_font_fmt_txt_dsc_t font_dsc = {
#else
static lv_font_fmt_txt_dsc_t font_dsc = {
#endif
    .glyph_bitmap = glyph_bitmap,
    .glyph_dsc = glyph_dsc,
    .cmaps = cmaps,
    .kern_dsc = NULL,
    .kern_scale = 0,
    .cmap_num = 3,
    .bpp = 4,
    .kern_classes = 0,
    .bitmap_format = 0,
#if LVGL_VERSION_MAJOR == 8
    .cache = &cache
#endif
};



/*-----------------
 *  PUBLIC FONT
 *----------------*/

/*Initialize a public general font descriptor*/
#if LVGL_VERSION_MAJOR >= 8
const lv_font_t font_cjk_14 = {
#else
lv_font_t font_cjk_14 = {
#endif
    .get_glyph_dsc = lv_font_get_glyph_dsc_fmt_txt,    /*Function pointer to get glyph's data*/
    .get_glyph_bitmap = lv_font_get_bitmap_fmt_txt,    /*Function pointer to get glyph's bitmap*/
    .line_height = 17,          /*The maximum line height required by the font*/
    .base_line = 3,             /*Baseline measured from the bottom of the line*/
#if !(LVGL_VERSION_MAJOR == 6 && LVGL_VERSION_MINOR == 0)
    .subpx = LV_FONT_SUBPX_NONE,
#endif
#if LV_VERSION_CHECK(7, 4, 0) || LVGL_VERSION_MAJOR >= 8
    .underline_position = -1,
    .underline_thickness = 1,
#endif
    .dsc = &font_dsc,          /*The custom font data. Will be accessed by `get_glyph_bitmap/dsc` */
#if LV_VERSION_CHECK(8, 2, 0) || LVGL_VERSION_MAJOR >= 9
    .fallback = NULL,
#endif
    .user_data = NULL,
};



#endif /*#if FONT_CJK_14*/

